cohort,endpoint,module,n,n_event,HR_module_alone,p_module_alone,HR_farmer_alone,p_farmer_alone,HR_module_adj_farmer,p_module_adj_farmer,HR_farmer_adj_module,p_farmer_adj_module,LRT_p_module_adds_over_farmer,LRT_p_farmer_adds_over_module,C_module,C_farmer,C_both
TCGA-BRCA,OS,FFL_3node,1081,151,0.957849544508542,0.606919728521489,1.0258156881073,0.761357530438924,0.894423875317768,0.329527849012994,1.10548830815591,0.379124773680498,0.3286363557873,0.376229776966037,0.529326686361398,0.495937961595273,0.522341211225997
TCGA-BRCA,PFI,FFL_3node,1081,145,1.01526355427632,0.859242942693197,1.13887322297192,0.148634057971689,0.878956881410331,0.26999530312947,1.24465825454348,0.0709274203800288,0.26935473595959,0.0672634105093029,0.482282627722624,0.513028582860287,0.535484758308535
TCGA-BRCA,DSS,FFL_3node,1062,83,1.03214931569983,0.778484825248529,1.20292251261348,0.123093575373103,0.848304449213116,0.288359362100239,1.34664667683012,0.0643969945768642,0.286928159763107,0.0593219442262174,0.475590788219357,0.504164367066379,0.520972354623451
TCGA-BRCA,OS,FFL_higher_order_only,1081,151,0.86353171457586,0.0694088712392186,1.0258156881073,0.761357530438924,0.780020585245698,0.0147599898217978,1.18922344033459,0.0950851758588937,0.013883416579212,0.0911532795196719,0.559730428360414,0.495937961595273,0.55368353028065
TCGA-BRCA,PFI,FFL_higher_order_only,1081,145,0.91690580807793,0.290226893593938,1.13887322297192,0.148634057971689,0.780661143733702,0.0184732094253736,1.32488324433125,0.0111037244519832,0.017305593233752,0.0095897619795079,0.541011278101478,0.513028582860287,0.553739778439071
TCGA-BRCA,DSS,FFL_higher_order_only,1062,83,0.929186156831654,0.497110215638907,1.20292251261348,0.123093575373103,0.762968882870544,0.0507034505355546,1.41621680854257,0.0175778860801947,0.0482554856944374,0.0147821271288964,0.555391099292559,0.504164367066379,0.540665295268677
TCGA-BRCA,OS,FFL_6node_all,1081,151,0.929045163233238,0.377855884670808,1.0258156881073,0.761357530438924,0.844383009136936,0.141272090756788,1.1490803179944,0.224254027050712,0.139424992267861,0.220455052019354,0.538420113244707,0.495937961595273,0.534219596258001
TCGA-BRCA,PFI,FFL_6node_all,1081,145,0.987888288074916,0.885780926431502,1.13887322297192,0.148634057971689,0.835154645768548,0.124495832464346,1.28932630695918,0.0362480544062883,0.122909509623703,0.0335155010874776,0.524131636199955,0.513028582860287,0.544499737427793
TCGA-BRCA,DSS,FFL_6node_all,1062,83,1.0043352673648,0.969142901801714,1.20292251261348,0.123093575373103,0.806145371311742,0.165780920117815,1.39424448068121,0.0390517542989461,0.163142100306852,0.0350057430959231,0.46528021674778,0.504164367066379,0.528021674777984
TCGA-BRCA,OS,MS_exemplar_module,1081,151,0.907502454594239,0.238864035935697,1.0258156881073,0.761357530438924,0.888534376726388,0.181350742539392,1.06405039424604,0.481953937204067,0.185936178961228,0.479146827379205,0.568946947316593,0.495937961595273,0.546144140817331
TCGA-BRCA,PFI,MS_exemplar_module,1081,145,0.945100728528705,0.501918591383128,1.13887322297192,0.148634057971689,0.890889208596243,0.208709395205077,1.184414319217,0.0759264169305767,0.21379171747396,0.0708107337040453,0.534371952286879,0.513028582860287,0.526782365150416
TCGA-BRCA,DSS,MS_exemplar_module,1062,83,0.852417994802856,0.13209614540133,1.20292251261348,0.123093575373103,0.773172023794211,0.0301287058041662,1.3106648011232,0.0322951810515335,0.0339524269271198,0.027411126098808,0.575861722944157,0.504164367066379,0.558451658220862
