topology,label,gate,census_class,n_sign_resolved_cores_in_BRCA_network,n_param_sets,rel_T_ON_median,rel_T_ON_q25,rel_T_ON_q75,rel_T_OFF_median,rel_T_OFF_q25,rel_T_OFF_q75,pct_accelerated_ON,pct_delayed_ON,pct_accelerated_OFF,pct_delayed_OFF,SSD_index_median,T_half_ON_median_tau,T_half_OFF_median_tau,pct_pulse,n_pulsing_sets,overshoot_ratio_median_when_pulse,overshoot_ratio_q90_when_pulse,pulse_fwhm_median_tau_when_pulse,pct_of_pulses_with_censored_fwhm,t_peak_median_tau_when_pulse,adaptation_median_when_pulse,pct_adaptation_gt_0p5,overshoot_ratio_median_all_sets,adaptation_median_all_sets,FCD_error_median,pct_FCD,FCD_response_amplitude_median,noise_transmission_median,filter_index_median,pct_filter_index_gt_0p5,n_eff_protein_median,n_eff_mRNA_median,pct_ultrasensitive_neff_gt2,dyn_range_protein_floored_median,dyn_range_protein_floored_q90,dyn_range_protein_raw_median,ss_min_protein_median,ss_max_protein_median,pct_nonmonotone_dose,n_turning_points_median
CASCADE,Regulated cascade S->TF->gene (control),AND,control,0,1024,1.0,1.0,1.0,1.0,1.0,1.0,0.0,0.0,0.0,0.0,0.0,3.184301860671178,3.9853035633623275,0.0,0,,,,,,,0.0,1.0,0.0,0.2041455173212961,0.0,0.0992467479527771,0.1490428599589818,0.8509571400410182,95.8984375,4.10892132172057,4.113707415297068,92.578125,609.3429521823723,996.9103255429425,34955.429138397434,2.4012695556483388e-05,0.9423114726215297,0.0,0.0
C1_TXN_AND,"Coherent type-1 FFL, transcriptional (AND)",AND,transcriptional reference (Alon),0,1024,1.2312329150784762,1.0427278253713348,1.6782349455621994,1.0014764839365835,0.9995897755090275,1.0580066161084836,0.0,100.0,32.71484375,67.28515625,0.15123397235676062,4.700112344889731,4.281452812386499,0.0,0,,,,,,,0.0,1.0,0.0,0.47553302827901756,0.0,0.23685303580481284,0.0618185578630778,0.9381814421369222,99.51171875,4.492180139368838,4.492190168372932,94.23828125,582.4397527285231,966.7378400285356,388967824.77281386,4.448757709895796e-15,0.698620512937228,0.0,0.0
I1_TXN_AND,"Incoherent type-1 FFL, transcriptional (AND)",AND,transcriptional reference (Alon),0,1024,0.8521292502947938,0.4312145285604374,1.64793480120715,1.0076929021532979,0.9833422007586616,1.5272435687125896,65.234375,34.765625,36.9140625,63.0859375,-0.3159509499841171,2.7723091794872063,4.958047027995033,45.3125,464,1.7127011390453841,19.498522189648124,10.575,39.224137931034484,3.65,0.6266401589119278,25.78125,1.0000041451210113,0.0335575728585743,0.35663481822199145,0.0,0.1333040939550409,0.22740977938417145,0.7725902206158285,76.7578125,5.881544635044298,5.883814839794676,95.60546875,93.98361486646724,663.9004824611781,6055.3745668377,2.040201201637746e-05,0.2591791224004752,62.3046875,1.0
C1_TXN_OR,"Coherent type-1 FFL, transcriptional (OR)",OR,transcriptional reference (Alon),0,1024,1.006959428627284,1.0000110543072007,1.0512323517865845,1.344588278205758,1.0842771452008537,2.042678245699218,24.8046875,75.1953125,0.9765625,99.0234375,-0.3467837024696684,3.3288876468148745,6.423093882488896,0.0,0,,,,,,,0.0,1.0,0.0,0.01909260887713695,0.0,0.00763182379562935,0.2063677930391749,0.7936322069608251,86.5234375,6.057850983439517,6.06038673841063,96.77734375,7.63576808703141,30.110379078586902,7.692574991174441,0.12361760331974535,0.9980155165095331,0.0,0.0
I1_TXN_OR,"Incoherent type-1 FFL, transcriptional (OR)",OR,transcriptional reference (Alon),0,1024,0.9999976225058325,0.9846203678060521,1.4496907386409377,1.2056036347139512,0.9636236167474288,3.5087954068064766,51.953125,48.046875,48.2421875,51.7578125,0.00020454693416190002,3.9151005646699817,6.464196331408016,7.12890625,73,1.405518736607672,4.49567081529629,57.650000000000006,63.013698630136986,4.2,0.3696528887291411,2.5390625,1.0,0.0,0.0391195820822645,0.1953125,0.01403385522082985,0.20778622057036156,0.7922137794296384,69.04296875,9.330624269015283,9.081276774536644,98.92578125,1.410402800679027,4.954349663225216,1.4109884778882578,0.702866804257495,0.999999987561043,87.01171875,1.0
I1_MIR_AND,"I1 miRNA-FFL: TF->miR-|G, TF->G (AND)",AND,TF-FFL,2,1024,0.947268113985462,0.7132125941284824,1.073658467113638,0.969319136596455,0.8330471756326393,1.0649522703882575,64.2578125,35.7421875,59.765625,40.234375,-0.03382376209011715,2.957419855108925,3.8378953970476983,13.57421875,139,1.5821804188680757,14.928987847622215,11.15,47.482014388489205,2.0,0.4603265657532853,6.0546875,1.0,0.0,0.3373307001048219,0.0,0.13967166855804,0.18837551712125405,0.811624482878746,80.46875,4.85583974860986,4.5458216725221074,92.67578125,131.54297460335764,769.7413279208089,11886.411493245352,1.6558651507047638e-05,0.38378163484743205,45.01953125,1.0
C2_MIR_AND,"C2 miRNA-FFL: TF-|miR-|G, TF->G (AND)",AND,TF-FFL,1,1024,1.2119865982060445,1.0390054074477963,1.5601128379007965,0.9150811441976714,0.7978731068082785,1.0002653659586687,7.6171875,92.3828125,73.828125,26.171875,0.4559063336658211,4.394834808371076,3.506733417632191,0.0,0,,,,,,,0.0,1.0,0.0,0.5115844016220259,0.0,0.33620992880181955,0.052953437949758,0.947046562050242,99.51171875,4.184898679776316,3.9992546505121807,92.08984375,642.6804863611021,978.2010151149376,1973070.9649527995,2.473230254663443e-07,0.8087353872790978,0.0,0.0
C3_MIR_AND,"C3 miRNA-led FFL: miR-|TF->G, miR-|G (AND)",AND,miRNA-FFL,101,1024,0.8843923395075872,0.7251075982408883,1.0182716985710334,1.2040595159857657,0.8400617952231728,2.2400682410272967,71.19140625,28.80859375,40.234375,59.765625,-0.535403432100209,2.8424662401745246,5.641143645651233,0.0,0,,,,,,,0.1953125,1.0,0.0,0.6157398712774086,4.1015625,0.3750661934578726,0.1506139449044372,0.8493860550955628,85.9375,4.477479400723245,4.097110403583132,89.6484375,215.18628429450462,956.5388075500694,490.03491043541237,0.0015220060783158501,0.9209428194297558,2.1484375,0.0
I3_MIRLED_AND,"I3 miRNA-led FFL: miR-|TF-|G, miR-|G (AND)",AND,miRNA-FFL,27,1024,0.8307200786590809,0.5948884114179864,1.0794040779845062,0.9481600913262878,0.6363108586736119,1.4213341413125231,69.3359375,30.6640625,54.296875,45.703125,-0.07629476065177415,2.7536664913568787,3.8691943227010808,10.44921875,107,1.3539642985561553,5.029295545419496,55.5,51.4018691588785,2.7,0.4186372252490868,3.90625,1.0,0.0,0.3099750115010147,0.78125,0.14541933865700035,0.23280466715115455,0.7671953328488454,78.61328125,4.114835980660387,3.928231710457177,91.9921875,4.878350106674506,62.30629079155854,7.084361889546947,0.0148068367006462,0.17851231718481914,42.48046875,1.0
I3_MIR_AND,"I3 miRNA-FFL: TF-|miR-|G, TF-|G (AND)",AND,TF-FFL,1,1024,0.9752798985662746,0.7678192561631891,1.0249675749772358,0.9592756496242668,0.7667934336066631,1.0683903841472118,65.4296875,34.5703125,66.9921875,33.0078125,0.01698677838347535,3.1758795764451,3.768501157007309,8.30078125,85,1.2230064352994376,4.3648626880511285,22.6,49.411764705882355,3.6,0.3338385287405419,3.3203125,1.0,0.0,0.48447014243344366,0.390625,0.21913365359849485,0.18291985976437974,0.8170801402356203,85.44921875,5.561625052780948,4.9114159066372505,96.09375,13.07131867288037,287.24216192427747,18.271837636902184,0.01184648221113185,0.48825600094260646,48.046875,1.0
C4_MIR_AND,"C4 miRNA-FFL: TF->miR-|G, TF-|G (AND)",AND,TF-FFL,1,1024,0.8683452691660856,0.7498464518458839,0.952949850090151,1.170382167560349,1.0459699810263454,1.4483333848203193,86.71875,13.28125,15.52734375,84.47265625,-0.4361867713007578,2.7496699200842807,5.2294194922721005,0.0,0,,,,,,,0.0,1.0,0.0,0.890897598118267,0.5859375,0.4259534559971957,0.22530732153178556,0.7746926784682144,83.59375,5.686998915231551,4.9328352564613756,95.703125,306.4949204784035,987.3447948616749,581.4014378614943,0.00128655111368675,0.9997040693011281,0.09765625,0.0
COMP_I1_AND,Composite I1 (+ miR-|TF: negative feedback) (AND),AND,Composite-FFL,362,1024,0.834800211405534,0.33143233138334594,0.9998221921582261,0.8764011643486159,0.6120675432415257,1.0110065414732199,75.09765625,24.90234375,71.875,28.125,-0.09119052147931114,2.252938616383089,3.3447693503045364,27.44140625,281,2.2053240985776936,25.956879828553504,5.550000000000001,31.316725978647685,1.7,0.637750587100419,17.7734375,1.0,0.0,0.2716500721603923,0.29296875,0.10883778052515686,0.28245580600912445,0.7175441939908755,69.7265625,4.32385219664453,3.7767343791123698,88.28125,42.05437115439346,768.2982023319254,2932.156787903582,1.5828157545552306e-05,0.25655728408734346,39.55078125,1.0
COMP_C2_AND,Composite C2 (+ miR-|TF: mutual repression) (AND),AND,Composite-FFL,179,1024,0.9937122914420349,0.7047124616913171,1.2800475831270872,0.8512173134676189,0.637430514895848,0.9916814208037309,51.07421875,48.92578125,76.66015625,23.33984375,0.20816994644797954,3.467372381641802,3.1939097118282094,0.0,0,,,,,,,3.7109375,1.0,0.0,0.8788779987002326,1.46484375,0.6635604924181506,0.08176946112823645,0.9182305388717633,87.3046875,3.974324081294872,3.783767872410222,62.109375,1.7078574247377367,951.8496807947938,5885.547235065702,4.955219499953967e-11,0.0007450901111681,2.734375,0.0
COMP_I3_AND,Composite I3 (+ miR-|TF: mutual repression) (AND),AND,Composite-FFL,113,1024,0.9551957171611616,0.7750854526594269,1.0269818113188316,0.8910116604761713,0.6508601911771627,0.9987796181674518,66.11328125,33.88671875,77.24609375,22.75390625,0.0715900288905134,2.9932148749446976,3.2888329286600255,5.859375,60,1.2280827986146707,3.5065489847345015,57.325,56.666666666666664,3.7,0.32420799252231547,2.05078125,1.0,0.0,0.2184908488929534,0.5859375,0.1043334041353976,0.13546686290899734,0.8645331370910025,90.33203125,4.053467138289175,3.7751146670650506,86.03515625,3.1022935372241047,79.2123958524197,3.2742504261174634,0.047291464100968,0.3641631104285325,36.81640625,1.0
COMP_C4_AND,Composite C4 (+ miR-|TF: negative feedback) (AND),AND,Composite-FFL,111,1024,0.8051145348559083,0.6632973963696177,0.8940058460645046,0.8917129932428047,0.6662719750087198,1.043805020785789,95.703125,4.296875,66.9921875,33.0078125,-0.06849197327226225,2.4576560730749444,3.417699842358398,1.3671875,14,1.190936804721332,1.375337699808125,58.925000000000004,100.0,2.4000000000000004,0.1579564711076164,0.0,1.0,0.0,0.36722592093726986,0.78125,0.20941251059816207,0.22641931028084605,0.773580689719154,86.81640625,4.394003613900264,4.196980612740704,92.3828125,14.410845026446538,534.3208410240926,14.763812984147837,0.059522881283877546,0.9997040693011281,1.26953125,0.0
I1_MIR_OR,"I1 miRNA-FFL: TF->miR-|G, TF->G (OR)",OR,TF-FFL,2,1024,0.9223998598252818,0.7468984240415486,1.0283139006103181,0.964991721943353,0.7928501867732017,1.0521443403481676,69.3359375,30.6640625,62.40234375,37.59765625,-0.0178016115182208,2.9883903975045474,3.832032395993359,8.59375,88,1.256843976890599,5.317671126720692,12.75,48.86363636363637,2.3000000000000003,0.38217609613396825,3.3203125,1.0,0.0,0.20087846882227145,0.0,0.08256169824063425,0.1998348836224603,0.8001651163775396,79.6875,5.380225496940572,5.384526912478956,94.53125,5.802029837772338,19.55506332232567,5.891323790959907,0.06328709902752874,0.4960019633904504,60.25390625,1.0
C2_MIR_OR,"C2 miRNA-FFL: TF-|miR-|G, TF->G (OR)",OR,TF-FFL,1,1024,1.1226566733682235,1.0251407137813604,1.3529595319218026,0.9686230519149489,0.8651907944060042,1.0120949253488865,8.30078125,91.69921875,61.5234375,38.4765625,0.23946191598362154,4.007356501558956,3.6894737597998284,0.0,0,,,,,,,0.0,1.0,0.0,0.321855930602606,0.29296875,0.1975081350756884,0.08801594272716215,0.9119840572728378,99.12109375,3.8699071452711906,3.8712559548584125,89.35546875,29.824652901031435,149.8533645508025,32.158813632854944,0.0184676894980236,0.8329706009900822,0.0,0.0
C3_MIR_OR,"C3 miRNA-led FFL: miR-|TF->G, miR-|G (OR)",OR,miRNA-FFL,101,1024,0.9696704924431144,0.8338830003455873,1.1011225184180444,1.1018344885347633,0.8588339902281069,1.7267623292596694,56.54296875,43.45703125,41.40625,58.59375,-0.1554621653182397,3.1823637470964794,5.017749425275952,0.0,0,,,,,,,0.0,1.0,0.0,0.18627074483401096,2.24609375,0.1209610842309365,0.1308935511267183,0.8691064488732816,93.84765625,3.8786665657126127,3.8767028321016825,87.20703125,10.848595571313167,108.28701153622477,10.980913877479349,0.0647803572019945,0.9301016622323661,2.83203125,0.0
I3_MIRLED_OR,"I3 miRNA-led FFL: miR-|TF-|G, miR-|G (OR)",OR,miRNA-FFL,27,1024,0.9005482249735579,0.6865512084403885,1.093194751595759,0.982262953975855,0.7274825858670183,1.35220637507068,65.52734375,34.47265625,52.44140625,47.55859375,-0.10225252710761175,2.9128584605182075,3.9983800497707467,8.984375,92,1.286640228356223,6.287701787016212,56.650000000000006,53.2608695652174,2.9,0.40166266151794766,3.515625,1.0,0.0,0.16441037846642514,0.9765625,0.07763467356991119,0.19726791599017945,0.8027320840098204,82.51953125,4.1988553043695624,4.196941837626985,91.9921875,2.6838327117245457,8.005551444032108,2.713871477822893,0.09395242363721851,0.3024123674829816,48.14453125,1.0
I3_MIR_OR,"I3 miRNA-FFL: TF-|miR-|G, TF-|G (OR)",OR,TF-FFL,1,1024,0.9722688014630143,0.782053171686893,1.0341017365988698,0.9535477548202231,0.804921578133386,1.030307859637019,66.69921875,33.30078125,70.3125,29.6875,0.00120974629906065,3.2545258571472337,3.789130289478756,10.3515625,106,1.241781920013214,2.6613384886266687,57.475,53.77358490566038,2.925,0.3907405146226346,4.00390625,1.0,0.0,0.22814541767327806,1.07421875,0.1036613756250067,0.17264550485161229,0.8273544951483877,84.86328125,5.381423804096142,5.381314778270517,96.58203125,4.0638770482639295,16.306797854789522,4.1139986866402785,0.10521293134945106,0.5971553226875821,49.31640625,1.0
C4_MIR_OR,"C4 miRNA-FFL: TF->miR-|G, TF-|G (OR)",OR,TF-FFL,1,1024,0.927355090573559,0.8277153025837506,1.0116989176786433,1.112380653196654,1.0176969793532777,1.3068348036902178,69.921875,30.078125,20.703125,79.296875,-0.21963540152864375,2.9739863615080693,4.933665967701101,0.0,0,,,,,,,0.0,1.0,0.0,0.3697173198659106,0.87890625,0.21065782297516783,0.19643617263530339,0.8035638273646966,88.96484375,4.67768189903553,4.678585129886324,93.359375,19.342694358262854,104.87244240017928,19.704120792649853,0.0444972304750985,0.9997183815734544,0.5859375,0.0
COMP_I1_OR,Composite I1 (+ miR-|TF: negative feedback) (OR),OR,Composite-FFL,362,1024,0.9129229369868247,0.6891860307766191,1.0359591111631143,0.945594562864158,0.7069946861925117,1.0771018954206153,70.3125,29.6875,63.0859375,36.9140625,-0.023065277220534447,2.866868352166075,3.7284231376444033,13.18359375,135,1.3452137783906952,5.32636060373932,7.5,41.48148148148148,2.1,0.4877572661231368,6.25,1.0,0.0,0.12302947200618725,0.48828125,0.0536953612511043,0.24278781557696089,0.7572121844230391,77.05078125,4.685231351752769,4.685237049339554,91.796875,3.867097348531816,15.964780904010968,3.93196193202487,0.06713857386391925,0.4121612714521769,41.6015625,1.0
COMP_C2_OR,Composite C2 (+ miR-|TF: mutual repression) (OR),OR,Composite-FFL,179,1024,1.0274525697723564,0.8376874937166346,1.400604863108633,0.9417655650729455,0.7482409250896869,1.0187522168410654,36.71875,63.28125,61.81640625,38.18359375,0.20574187415628653,3.8903013136627163,3.4726955730823055,0.0,0,,,,,,,0.29296875,1.0,0.0,0.0413624263049161,0.78125,0.02090236079202375,0.08328006705594955,0.9167199329440504,94.43359375,3.831338536849138,3.731583587772551,78.125,1.9610059250889997,90.03406791462035,2.1159466492715446,0.0154771533735211,0.09081453711432745,6.640625,0.0
COMP_I3_OR,Composite I3 (+ miR-|TF: mutual repression) (OR),OR,Composite-FFL,113,1024,0.9497207205372846,0.755808892373223,1.0205379057749655,0.8841177419208333,0.664008047525057,0.998048554305885,67.48046875,32.51953125,77.5390625,22.4609375,0.06273663013097285,3.080425814977126,3.3918903349724525,6.640625,68,1.188509655796453,2.236480765529944,57.650000000000006,57.35294117647059,3.0250000000000004,0.3107712744118631,2.05078125,1.0,0.0,0.0972237209531831,0.87890625,0.0467657208012559,0.1401428696348315,0.8598571303651685,90.234375,3.9658598375597878,3.846605868339623,86.23046875,2.1722078274746845,9.453579269988573,2.1891306830881705,0.1681019615966503,0.5448741971243343,35.546875,1.0
COMP_C4_OR,Composite C4 (+ miR-|TF: negative feedback) (OR),OR,Composite-FFL,111,1024,0.8489158620647024,0.7186586212769843,0.9356027111464431,0.9212740843633169,0.7083290023042544,1.0424664878583643,88.18359375,11.81640625,65.234375,34.765625,-0.0328525534614433,2.5988801209516543,3.485317359223992,1.26953125,13,1.1485973783543388,1.3723745840586528,58.85,100.0,3.0,0.1293729039911642,0.0,1.0,0.0,0.21100054538142166,1.26953125,0.1191307816199613,0.2052992942962229,0.794700705703777,90.13671875,4.019456238666779,4.007470078277187,90.33203125,5.8367600095515915,33.998511733433375,5.8793262730847164,0.15346699353515103,0.9997183818973101,1.85546875,0.0
