node,type,is_FFL_hub,chronos_breast,d2_breast,score_breast,consensus,orcs_breast_screens_tested,orcs_breast_screens_hit
MYC,TF,True,-1.97199066189167,-0.419116580582526,10.9138781395349,essential in some modalities only,134.0,78.0
RELA,TF,True,-0.356363776307683,-0.154238169638961,-1.59745069767442,non-essential in every modality,134.0,3.0
ESR1,TF,True,-0.317839021856754,-0.270668022131312,0.453712790697674,non-essential in every modality,134.0,15.0
SP1,TF,True,-0.241908938046461,-0.297548290616506,-2.48288581395349,non-essential in every modality,77.0,6.0
MKL1,TF,False,-0.199736312149891,0.0821952814391378,-2.70055930232558,non-essential in every modality,134.0,1.0
COL1A1,Gene,False,-0.0630665561278236,0.0253451929613278,-3.58106325581395,non-essential in every modality,77.0,0.0
STAT3,TF,True,-0.0501559496285503,-0.154244123932947,-4.22246139534884,non-essential in every modality,77.0,0.0
VEGFA,Gene,True,-0.0370413038712678,-0.134023345766669,-3.71455069767442,non-essential in every modality,77.0,2.0
NFKB1,TF,True,-0.0074574367009203,-0.0412833618964103,-2.39811046511628,non-essential in every modality,77.0,0.0
COL3A1,Gene,False,0.0711258665952719,-0.004345648203625,-3.62764139534884,non-essential in every modality,77.0,0.0
ETS1,TF,False,0.105362754516512,-0.0045012158347606,-2.99182627906977,non-essential in every modality,77.0,2.0
HIF1A,TF,True,0.125912251722009,0.0329470883726089,-4.50277790697674,non-essential in every modality,77.0,0.0
TP53,TF,True,0.15287418259661,-0.0462427901328862,-3.30328744186047,non-essential in every modality,136.0,9.0
