region,peak_index,width,ctrl_offset_from_TSS,d_fib_cage
COL1A1,0,145,-95957,-0.259063720703125
COL1A1,0,145,81508,-0.04620361328125
COL1A1,0,145,80509,0.087005615234375
COL1A1,0,145,-3834,-0.151611328125
COL1A1,0,145,-22343,0.18121337890625
COL1A1,0,145,70878,-0.16033935546875
COL1A1,0,145,-1529,-0.4671630859375
COL1A1,0,145,13535,-0.717498779296875
COL1A1,0,145,-96595,-0.1116943359375
COL1A1,0,145,64117,-0.061492919921875
COL1A1,0,145,-59687,-0.233612060546875
COL1A1,0,145,69354,-0.189239501953125
COL1A1,0,145,-39413,-0.2591552734375
COL1A1,0,145,-73260,-0.1739501953125
COL1A1,0,145,40859,-0.0938720703125
COL1A1,0,145,12797,-0.12310791015625
COL1A1,0,145,57009,-0.115570068359375
COL1A1,0,145,82921,-0.17901611328125
COL1A1,0,145,-5187,-1.07513427734375
COL1A1,0,145,-33101,0.07806396484375
COL1A1,1,179,-16514,-1.659820556640625
COL1A1,1,179,15510,-0.19488525390625
COL1A1,1,179,80716,-0.06732177734375
COL1A1,1,179,92089,-0.0440673828125
COL1A1,1,179,-74368,-0.02996826171875
COL1A1,1,179,3748,0.30242919921875
COL1A1,1,179,-56993,-0.14117431640625
COL1A1,1,179,-94248,0.04034423828125
COL1A1,1,179,90469,-0.01824951171875
COL1A1,1,179,25607,0.315093994140625
COL1A1,1,179,-45627,-0.445037841796875
COL1A1,1,179,19301,-0.58587646484375
COL1A1,1,179,-73161,-0.189666748046875
COL1A1,1,179,-29599,-0.251708984375
COL1A1,1,179,-55200,-0.059661865234375
COL1A1,1,179,16417,0.0330810546875
COL1A1,1,179,-47521,-0.39837646484375
COL1A1,1,179,-31235,0.0450439453125
COL1A1,1,179,4453,-0.109222412109375
COL1A1,1,179,-49044,-0.1402587890625
COL1A1,2,271,-50863,0.33367919921875
COL1A1,2,271,-47040,-0.23675537109375
COL1A1,2,271,-56793,-0.0487060546875
COL1A1,2,271,-72682,-0.08514404296875
COL1A1,2,271,33652,-0.86932373046875
COL1A1,2,271,41327,-0.20660400390625
COL1A1,2,271,-57984,-0.173858642578125
COL1A1,2,271,-22997,-0.294403076171875
COL1A1,2,271,49542,-0.2349853515625
COL1A1,2,271,-61574,-0.08203125
COL1A1,2,271,-13192,0.28692626953125
COL1A1,2,271,-20331,-0.36932373046875
COL1A1,2,271,-68180,-0.03594970703125
COL1A1,2,271,17411,-0.346038818359375
COL1A1,2,271,-92974,-0.0858154296875
COL1A1,2,271,36554,0.064056396484375
COL1A1,2,271,2893,0.57476806640625
COL1A1,2,271,-10323,0.2744140625
COL1A1,2,271,-74062,0.141845703125
COL1A1,2,271,-46368,-0.185302734375
COL1A1,3,295,10954,-1.06402587890625
COL1A1,3,295,-74311,-0.19073486328125
COL1A1,3,295,-72799,-0.14642333984375
COL1A1,3,295,78769,-0.15960693359375
COL1A1,3,295,59454,-0.14837646484375
COL1A1,3,295,28595,0.198486328125
COL1A1,3,295,20965,-0.41009521484375
COL1A1,3,295,-89164,-0.022369384765625
COL1A1,3,295,-69608,-0.21044921875
COL1A1,3,295,-20370,-0.001953125
COL1A1,3,295,70329,-0.319793701171875
COL1A1,3,295,-54225,0.43365478515625
COL1A1,3,295,19604,-0.31439208984375
COL1A1,3,295,16918,-1.609649658203125
COL1A1,3,295,21971,-0.3328857421875
COL1A1,3,295,55364,-0.13262939453125
COL1A1,3,295,-64827,-0.15869140625
COL1A1,3,295,-28870,-0.482879638671875
COL1A1,3,295,-36839,0.045379638671875
COL1A1,3,295,-58048,-0.180419921875
COL1A1,4,180,-4374,-0.09515380859375
COL1A1,4,180,12773,-0.252197265625
COL1A1,4,180,36096,-0.08111572265625
COL1A1,4,180,-41022,-0.26019287109375
COL1A1,4,180,22476,0.1903076171875
COL1A1,4,180,-92509,-0.17938232421875
COL1A1,4,180,6805,0.315704345703125
COL1A1,4,180,34274,0.415679931640625
COL1A1,4,180,80133,-0.33526611328125
COL1A1,4,180,-46378,-0.37255859375
COL1A1,4,180,-5423,-1.5345458984375
COL1A1,4,180,11939,-0.015960693359375
COL1A1,4,180,-69157,0.00665283203125
COL1A1,4,180,-66236,-0.288299560546875
COL1A1,4,180,92535,-0.19171142578125
COL1A1,4,180,-81355,-0.1458740234375
COL1A1,4,180,-19422,-0.04669189453125
COL1A1,4,180,-85768,-0.106109619140625
COL1A1,4,180,-10992,-0.35791015625
COL1A1,4,180,-40338,-0.30072021484375
COL1A1,5,252,-19940,-0.09417724609375
COL1A1,5,252,49784,0.08837890625
COL1A1,5,252,-72712,0.01898193359375
COL1A1,5,252,-93764,-0.08526611328125
COL1A1,5,252,83941,0.01318359375
COL1A1,5,252,82275,-0.10235595703125
COL1A1,5,252,90724,-0.1529541015625
COL1A1,5,252,-60539,-0.0050048828125
COL1A1,5,252,-42565,-0.426788330078125
COL1A1,5,252,-30018,-0.094696044921875
COL1A1,5,252,64243,-0.0853271484375
COL1A1,5,252,-56207,0.2332763671875
COL1A1,5,252,-27321,0.237091064453125
COL1A1,5,252,-90125,-0.109375
COL1A1,5,252,-75257,-0.09356689453125
COL1A1,5,252,-32264,0.24774169921875
COL1A1,5,252,65113,-0.07623291015625
COL1A1,5,252,35768,-0.22869873046875
COL1A1,5,252,88720,-0.15325927734375
COL1A1,5,252,-89025,-0.08526611328125
COL1A1,6,214,15767,-0.14031982421875
COL1A1,6,214,-80099,-0.072723388671875
COL1A1,6,214,7455,0.21795654296875
COL1A1,6,214,68329,-0.1810302734375
COL1A1,6,214,-60482,-0.22076416015625
COL1A1,6,214,-34829,-0.11077880859375
COL1A1,6,214,26908,-0.06005859375
COL1A1,6,214,-9240,0.06585693359375
COL1A1,6,214,-55590,0.58612060546875
COL1A1,6,214,-41158,-0.315216064453125
COL1A1,6,214,-78514,0.074493408203125
COL1A1,6,214,77717,0.064697265625
COL1A1,6,214,53186,-0.25946044921875
COL1A1,6,214,-60156,-0.15460205078125
COL1A1,6,214,-17529,0.400787353515625
COL1A1,6,214,-3484,-0.0704345703125
COL1A1,6,214,4434,0.1480712890625
COL1A1,6,214,65867,-0.078887939453125
COL1A1,6,214,17507,-0.150634765625
COL1A1,6,214,-89561,0.0452880859375
COL1A1,7,173,-91772,-0.191650390625
COL1A1,7,173,61812,-0.24957275390625
COL1A1,7,173,-66117,-0.0523681640625
COL1A1,7,173,-70635,-0.149658203125
COL1A1,7,173,10394,0.33929443359375
COL1A1,7,173,-78474,-0.11846923828125
COL1A1,7,173,-21337,-0.23223876953125
COL1A1,7,173,61290,-0.20501708984375
COL1A1,7,173,-83182,-0.12750244140625
COL1A1,7,173,38916,0.308135986328125
COL1A1,7,173,68174,-0.149078369140625
COL1A1,7,173,-20562,0.0718994140625
COL1A1,7,173,45125,-0.05133056640625
COL1A1,7,173,87036,-0.1973876953125
COL1A1,7,173,12535,-1.230499267578125
COL1A1,7,173,-89667,-0.0721435546875
COL1A1,7,173,-55810,-0.3377685546875
COL1A1,7,173,55118,-0.3182373046875
COL1A1,7,173,67662,-0.047119140625
COL1A1,7,173,-6974,-0.7615966796875
COL1A1,8,195,-94711,-0.055633544921875
COL1A1,8,195,34490,0.3070068359375
COL1A1,8,195,37090,0.3209228515625
COL1A1,8,195,95976,-0.039886474609375
COL1A1,8,195,4974,1.4295654296875
COL1A1,8,195,-4581,0.318359375
COL1A1,8,195,-81761,-0.04168701171875
COL1A1,8,195,74274,-0.17559814453125
COL1A1,8,195,18488,0.520233154296875
COL1A1,8,195,-69426,-0.21173095703125
COL1A1,8,195,19672,-0.15093994140625
COL1A1,8,195,63055,-0.02911376953125
COL1A1,8,195,-77400,-0.053924560546875
COL1A1,8,195,34675,-0.000152587890625
COL1A1,8,195,-64153,-0.2471923828125
COL1A1,8,195,-56983,-0.12286376953125
COL1A1,8,195,-46724,-0.0164794921875
COL1A1,8,195,-78932,-0.114044189453125
COL1A1,8,195,-51496,-0.383544921875
COL1A1,8,195,4449,-0.62542724609375
COL3A1,9,373,-66800,0.07558441162109375
COL3A1,9,373,93253,0.0103912353515625
COL3A1,9,373,-60813,0.08040618896484375
COL3A1,9,373,-58849,0.04119110107421875
COL3A1,9,373,8915,1.8926544189453125
COL3A1,9,373,-96003,0.042694091796875
COL3A1,9,373,48911,-0.041656494140625
COL3A1,9,373,-80950,-0.12908172607421875
COL3A1,9,373,-24440,1.1621170043945312
COL3A1,9,373,67615,-0.00249481201171875
COL3A1,9,373,-78122,0.14825439453125
COL3A1,9,373,-44357,0.583526611328125
COL3A1,9,373,-71202,-0.7936782836914062
COL3A1,9,373,35267,0.16576385498046875
COL3A1,9,373,28280,-0.6754226684570312
COL3A1,9,373,70402,-0.03859710693359375
COL3A1,9,373,-31554,0.10961151123046875
COL3A1,9,373,86834,-0.0302276611328125
COL3A1,9,373,10564,1.0257568359375
COL3A1,9,373,18616,1.0743942260742188
COL3A1,10,163,80796,0.01436614990234375
COL3A1,10,163,56014,-0.06829071044921875
COL3A1,10,163,-17365,-0.6539535522460938
COL3A1,10,163,-58158,-0.21390533447265625
COL3A1,10,163,40631,-0.15741729736328125
COL3A1,10,163,-59074,0.11483001708984375
COL3A1,10,163,12093,0.07912445068359375
COL3A1,10,163,-74138,0.01061248779296875
COL3A1,10,163,-73913,0.01284027099609375
COL3A1,10,163,31393,0.341522216796875
COL3A1,10,163,-5880,-0.02246856689453125
COL3A1,10,163,-34839,0.0997467041015625
COL3A1,10,163,31483,0.01294708251953125
COL3A1,10,163,90625,0.07413482666015625
COL3A1,10,163,45250,-0.0509033203125
COL3A1,10,163,-6440,-0.29441070556640625
COL3A1,10,163,84938,-0.01441192626953125
COL3A1,10,163,-68664,-0.13285064697265625
COL3A1,10,163,-82306,-0.02362823486328125
COL3A1,10,163,-56236,-0.15427398681640625
COL3A1,11,307,-60378,0.0513763427734375
COL3A1,11,307,-22905,-0.02153778076171875
COL3A1,11,307,-96204,0.00347137451171875
COL3A1,11,307,96733,0.0061187744140625
COL3A1,11,307,-62925,0.07956695556640625
COL3A1,11,307,-85998,0.15091705322265625
COL3A1,11,307,61301,-0.02141571044921875
COL3A1,11,307,-96975,-0.0047607421875
COL3A1,11,307,-18711,-2.0421066284179688
COL3A1,11,307,-63579,-0.05486297607421875
COL3A1,11,307,-20979,-0.07773590087890625
COL3A1,11,307,43791,-0.0640869140625
COL3A1,11,307,-64856,0.0928497314453125
COL3A1,11,307,77559,0.02972412109375
COL3A1,11,307,-56788,0.28977203369140625
COL3A1,11,307,39594,1.0448074340820312
COL3A1,11,307,1583,-0.0316009521484375
COL3A1,11,307,74147,0.01277923583984375
COL3A1,11,307,90961,-0.0014801025390625
COL3A1,11,307,32753,0.20566558837890625
COL3A1,12,274,27883,5.228340148925781
COL3A1,12,274,50255,0.14661407470703125
COL3A1,12,274,63825,-0.00336456298828125
COL3A1,12,274,-43760,-0.29932403564453125
COL3A1,12,274,45400,3.814697265625e-05
COL3A1,12,274,-83256,0.0913848876953125
COL3A1,12,274,-23869,0.49483489990234375
COL3A1,12,274,11406,-1.1079025268554688
COL3A1,12,274,-26022,0.17372894287109375
COL3A1,12,274,69262,0.1506500244140625
COL3A1,12,274,85959,0.00563812255859375
COL3A1,12,274,-79998,-0.06296539306640625
COL3A1,12,274,-47258,-0.0738067626953125
COL3A1,12,274,2054,0.6030502319335938
COL3A1,12,274,-60799,-0.00876617431640625
COL3A1,12,274,50634,-0.03217315673828125
COL3A1,12,274,56777,-0.19054412841796875
COL3A1,12,274,37375,-0.02776336669921875
COL3A1,12,274,97623,0.0575408935546875
COL3A1,12,274,-80633,-0.01554107666015625
COL3A1,13,191,37337,0.7164993286132812
COL3A1,13,191,41425,0.37502288818359375
COL3A1,13,191,-15610,-0.23270416259765625
COL3A1,13,191,-17518,0.3538360595703125
COL3A1,13,191,-82157,0.07198333740234375
COL3A1,13,191,-28232,-0.02880859375
COL3A1,13,191,-33957,1.1966171264648438
COL3A1,13,191,-48304,-0.31101226806640625
COL3A1,13,191,54170,0.08554840087890625
COL3A1,13,191,60648,0.0384979248046875
COL3A1,13,191,-19557,-0.03548431396484375
COL3A1,13,191,94283,-0.08814239501953125
COL3A1,13,191,24113,0.14621734619140625
COL3A1,13,191,95170,0.00414276123046875
COL3A1,13,191,-91379,-0.04102325439453125
COL3A1,13,191,-31256,-0.04758453369140625
COL3A1,13,191,-27516,-0.14163970947265625
COL3A1,13,191,91792,0.0005645751953125
COL3A1,13,191,65237,-0.072509765625
COL3A1,13,191,58626,0.07837677001953125
COL3A1,14,134,28097,-0.12642669677734375
COL3A1,14,134,33027,0.11598968505859375
COL3A1,14,134,-6453,-0.06070709228515625
COL3A1,14,134,-45426,0.0346221923828125
COL3A1,14,134,96730,-0.06369781494140625
COL3A1,14,134,95918,0.08701324462890625
COL3A1,14,134,14464,-0.00235748291015625
COL3A1,14,134,30251,-0.15770721435546875
COL3A1,14,134,20864,-0.142578125
COL3A1,14,134,-72447,0.08066558837890625
COL3A1,14,134,28166,-0.02315521240234375
COL3A1,14,134,95449,-0.06789398193359375
COL3A1,14,134,-22272,0.02447509765625
COL3A1,14,134,87836,-0.12432098388671875
COL3A1,14,134,41147,0.21797943115234375
COL3A1,14,134,20165,0.031951904296875
COL3A1,14,134,78000,0.04839324951171875
COL3A1,14,134,-3160,0.6839752197265625
COL3A1,14,134,-14459,0.19908905029296875
COL3A1,14,134,28857,0.00786590576171875
COL3A1,15,184,93730,0.07265472412109375
COL3A1,15,184,72107,0.00798797607421875
COL3A1,15,184,-21703,-0.16158294677734375
COL3A1,15,184,-14374,0.04625701904296875
COL3A1,15,184,-95359,-0.16204071044921875
COL3A1,15,184,-41435,-0.8588333129882812
COL3A1,15,184,-67517,-0.0478668212890625
COL3A1,15,184,-64732,0.04329681396484375
COL3A1,15,184,33655,-0.6934890747070312
COL3A1,15,184,54904,-0.03490447998046875
COL3A1,15,184,-88353,-0.16715240478515625
COL3A1,15,184,-45940,0.003021240234375
COL3A1,15,184,26183,0.45784759521484375
COL3A1,15,184,-34695,0.04778289794921875
COL3A1,15,184,63475,0.05686187744140625
COL3A1,15,184,-17764,0.15206146240234375
COL3A1,15,184,76320,0.04041290283203125
COL3A1,15,184,69039,0.08510589599609375
COL3A1,15,184,-45709,-0.01813507080078125
COL3A1,15,184,72138,-0.0048980712890625
COL3A1,16,163,76366,-0.00244903564453125
COL3A1,16,163,88894,-0.0959320068359375
COL3A1,16,163,20923,-0.13873291015625
COL3A1,16,163,-30818,0.315185546875
COL3A1,16,163,49718,-0.06958770751953125
COL3A1,16,163,-11300,0.8634262084960938
COL3A1,16,163,-29980,0.09996795654296875
COL3A1,16,163,61561,-0.10579681396484375
COL3A1,16,163,76189,0.01406097412109375
COL3A1,16,163,18785,0.636810302734375
COL3A1,16,163,-31304,0.01758575439453125
COL3A1,16,163,92748,-0.12577056884765625
COL3A1,16,163,-30768,0.0718231201171875
COL3A1,16,163,-87851,-0.11788177490234375
COL3A1,16,163,-39688,-0.09810638427734375
COL3A1,16,163,66698,0.11302947998046875
COL3A1,16,163,32902,0.11832427978515625
COL3A1,16,163,54401,-0.01015472412109375
COL3A1,16,163,72068,0.08638763427734375
COL3A1,16,163,88678,-0.1391143798828125
COL3A1,17,208,48789,0.01706695556640625
COL3A1,17,208,-53429,-0.15608978271484375
COL3A1,17,208,88275,-0.04117584228515625
COL3A1,17,208,77887,0.02317047119140625
COL3A1,17,208,74471,-0.05640411376953125
COL3A1,17,208,26416,0.25191497802734375
COL3A1,17,208,21087,-0.5698623657226562
COL3A1,17,208,-58635,0.04956817626953125
COL3A1,17,208,51831,0.02542877197265625
COL3A1,17,208,18709,0.7637557983398438
COL3A1,17,208,-13390,0.27315521240234375
COL3A1,17,208,-89202,0.04625701904296875
COL3A1,17,208,61267,0.1594085693359375
COL3A1,17,208,-76832,-0.12432098388671875
COL3A1,17,208,96839,0.04059600830078125
COL3A1,17,208,93648,0.12673187255859375
COL3A1,17,208,-92438,0.04300689697265625
COL3A1,17,208,34820,-0.32447052001953125
COL3A1,17,208,45626,-0.01549530029296875
COL3A1,17,208,44172,-0.04915618896484375
COL3A1,18,418,55556,0.057464599609375
COL3A1,18,418,68269,0.20121002197265625
COL3A1,18,418,-47214,-0.08221435546875
COL3A1,18,418,1526,3.06549072265625
COL3A1,18,418,38797,-0.13233184814453125
COL3A1,18,418,-43210,0.22100067138671875
COL3A1,18,418,5786,1.2785186767578125
COL3A1,18,418,-81330,0.00830841064453125
COL3A1,18,418,78224,-0.146759033203125
COL3A1,18,418,43415,0.9223098754882812
COL3A1,18,418,15474,-0.7646102905273438
COL3A1,18,418,-20886,0.3245391845703125
COL3A1,18,418,-62398,0.03885650634765625
COL3A1,18,418,-23677,0.09690093994140625
COL3A1,18,418,95237,-0.01966094970703125
COL3A1,18,418,94300,0.061370849609375
COL3A1,18,418,-71389,0.3423919677734375
COL3A1,18,418,24732,-1.5433273315429688
COL3A1,18,418,47716,-1.4382400512695312
COL3A1,18,418,41689,0.6979446411132812
COL3A1,19,271,28370,-0.02172088623046875
COL3A1,19,271,91967,0.01779937744140625
COL3A1,19,271,40991,-0.5231094360351562
COL3A1,19,271,-7802,-0.07684326171875
COL3A1,19,271,30514,0.03546142578125
COL3A1,19,271,-64236,0.01064300537109375
COL3A1,19,271,-55690,-0.10626983642578125
COL3A1,19,271,95503,-0.12699127197265625
COL3A1,19,271,-50701,0.04477691650390625
COL3A1,19,271,-50136,0.37200164794921875
COL3A1,19,271,72916,0.10594940185546875
COL3A1,19,271,-71523,0.33785247802734375
COL3A1,19,271,3458,-0.16999053955078125
COL3A1,19,271,-22192,-0.0123748779296875
COL3A1,19,271,94335,0.01485443115234375
COL3A1,19,271,68593,-0.03794097900390625
COL3A1,19,271,-32555,-0.12255859375
COL3A1,19,271,-92718,0.01830291748046875
COL3A1,19,271,-44282,-0.0339202880859375
COL3A1,19,271,80776,0.15309906005859375
