chromosome,dataSource,description,end,entrezGeneId,gencodeId,gencodeVersion,geneStatus,geneSymbol,geneSymbolUpper,geneType,genomeBuild,start,strand,tss
chr1,ENSEMBL,microRNA 29c [Source:HGNC Symbol;Acc:HGNC:31621],207801939,407026,ENSG00000284214.1,v26,,MIR29C,MIR29C,miRNA,GRCh38/hg38,207801852,-,207801939
chr2,HAVANA,collagen type III alpha 1 chain [Source:HGNC Symbol;Acc:HGNC:2201],189012746,1281,ENSG00000168542.14,v26,,COL3A1,COL3A1,protein coding,GRCh38/hg38,188974320,+,188974320
chr4,HAVANA,nuclear factor kappa B subunit 1 [Source:HGNC Symbol;Acc:HGNC:7794],102617302,4790,ENSG00000109320.11,v26,,NFKB1,NFKB1,protein coding,GRCh38/hg38,102501329,+,102501329
chr7,ENSEMBL,microRNA 29a [Source:HGNC Symbol;Acc:HGNC:31616],130876810,407021,ENSG00000284032.1,v26,,MIR29A,MIR29A,miRNA,GRCh38/hg38,130876747,-,130876810
chr7,ENSEMBL,microRNA 29b-1 [Source:HGNC Symbol;Acc:HGNC:31619],130877539,407024,ENSG00000283797.1,v26,,MIR29B1,MIR29B1,miRNA,GRCh38/hg38,130877459,-,130877539
chr7,HAVANA,"long intergenic non-protein coding RNA, p53 induced transcript [Source:HGNC Symbol;Acc:HGNC:26885]",131110176,378805,ENSG00000231721.6,v26,,LINC-PINT,LINC-PINT,antisense,GRCh38/hg38,130941760,-,131110176
chr11,HAVANA,"RELA proto-oncogene, NF-kB subunit [Source:HGNC Symbol;Acc:HGNC:9955]",65663094,5970,ENSG00000173039.18,v26,,RELA,RELA,protein coding,GRCh38/hg38,65653596,-,65663094
chr11,HAVANA,"ETS proto-oncogene 1, transcription factor [Source:HGNC Symbol;Acc:HGNC:3488]",128587558,2113,ENSG00000134954.14,v26,,ETS1,ETS1,protein coding,GRCh38/hg38,128458761,-,128587558
chr12,HAVANA,Sp1 transcription factor [Source:HGNC Symbol;Acc:HGNC:11205],53416446,6667,ENSG00000185591.9,v26,,SP1,SP1,protein coding,GRCh38/hg38,53380176,+,53380176
chr17,HAVANA,collagen type I alpha 1 chain [Source:HGNC Symbol;Acc:HGNC:2197],50201632,1277,ENSG00000108821.13,v26,,COL1A1,COL1A1,protein coding,GRCh38/hg38,50183289,-,50201632
