node,type,degree,ffl_participation,dFFL,dReach,dCOL_signed,abs_dCOL,composite_damage,druggable,n_drugs,n_approved_drugs,n_antineoplastic_drugs,example_drugs
SP1,TF,119,436,0.137053,0.0,0.003751,0.003751,0.046934,True,1,0,0,
RELA,TF,130,389,0.121892,0.010591,0.005531,0.005531,0.046005,True,53,9,3,APIGENIN;ARTESUNATE;DEXAMETHASONE;GEFITINIB;INDOPROFEN
NFKB1,TF,120,338,0.108551,0.005206,0.002197,0.002197,0.038651,True,95,24,5,APIGENIN;ARTESUNATE;BACLOFEN;BENZETHONIUM CHLORIDE;BORTEZOMIB
VEGFA,Gene,77,328,0.109157,0.0,-0.00498,0.00498,0.038046,True,52,26,15,ADALIMUMAB-ADBM;AFLIBERCEPT;ALBUTEROL SULFATE;BEVACIZUMAB-AWWB;BROLUCIZUMAB
CCND2,Gene,90,257,0.082474,0.0,-0.017103,0.017103,0.033192,True,5,4,5,ABEMACICLIB;DECITABINE;PALBOCICLIB;RIBOCICLIB
STAT3,TF,98,233,0.077623,0.007875,-0.004193,0.004193,0.029897,True,31,7,2,ACITRETIN;CELECOXIB;DIGITOXIN;DIGOXIN;NICLOSAMIDE
MKL1,TF,9,2,0.000606,0.0,0.071403,0.071403,0.024003,False,0,0,0,
TP53,TF,140,148,0.046695,0.018442,-0.005898,0.005898,0.023678,True,454,152,97,ABEMACICLIB;ABIRATERONE ACETATE;ACALABRUTINIB;ALECTINIB;ALEMTUZUMAB
MYC,TF,125,168,0.051546,0.005201,-0.012393,0.012393,0.023047,True,71,29,17,AMIFOSTINE ANHYDROUS;AZACITIDINE;BROMOCRIPTINE;CALCITRIOL;CISPLATIN
HIF1A,TF,108,165,0.054579,0.001734,-0.011386,0.011386,0.022566,True,146,47,12,AMCINONIDE;APIGENIN;AXITINIB;BECLOMETHASONE;BENZBROMARONE
HNF4A,TF,81,0,0.0,0.058956,-0.001183,0.001183,0.020046,True,17,10,2,"ALVERINE;DOCETAXEL ANHYDROUS;EFAVIRENZ;INSULIN, REGULAR, HUMAN;ROSIGLITAZONE"
hsa-miR-196b,miRNA,17,0,0.0,0.0,0.051341,0.051341,0.017114,False,0,0,0,
hsa-miR-29b,miRNA,75,100,0.035779,0.003477,0.011455,0.011455,0.016904,False,0,0,0,
STAT6,TF,9,4,0.001213,0.0,0.049453,0.049453,0.016889,True,15,3,2,DOXORUBICIN HYDROCHLORIDE;ESOMEPRAZOLE SODIUM;INDOMETHACIN
E2F1,TF,80,129,0.040024,0.005173,-0.001335,0.001335,0.015511,True,30,17,9,ACETYLCYSTEINE;ARGIPRESSIN;ASCORBIC ACID;BORTEZOMIB;CARMUSTINE
TWIST1,TF,83,124,0.041844,0.002712,-0.000371,0.000371,0.014975,True,1,1,1,FLUOROURACIL
FOS,TF,52,91,0.033354,0.0,-0.010867,0.010867,0.01474,True,26,10,1,BACLOFEN;BROMOCRIPTINE;DEHYDRATED ALCOHOL;MAGNESIUM SULFATE ANHYDROUS;NIMODIPINE
ABCA1,Gene,68,120,0.038811,0.0,-0.004812,0.004812,0.014541,True,104,16,3,ADENOSINE;ATORVASTATIN CALCIUM TRIHYDRATE;CAFFEINE;CLOPIDOGREL;CYCLOSPORINE
hsa-miR-29c,miRNA,61,111,0.034566,0.0,0.008765,0.008765,0.014444,False,0,0,0,
hsa-miR-145,miRNA,65,44,0.013341,0.008853,-0.020868,0.020868,0.014354,False,0,0,0,
hsa-miR-17,miRNA,75,126,0.038811,0.0,-0.002195,0.002195,0.013669,False,0,0,0,
EPAS1,TF,61,103,0.039418,0.0,-0.000735,0.000735,0.013384,True,6,1,0,BELZUTIFAN
hsa-miR-767,miRNA,6,0,0.0,0.0,0.038871,0.038871,0.012957,False,0,0,0,
EGR1,TF,85,106,0.033354,0.001734,-0.003407,0.003407,0.012831,True,2,0,0,
hsa-miR-193a,miRNA,16,4,0.001213,0.0,0.036291,0.036291,0.012501,False,0,0,0,
hsa-miR-20a,miRNA,75,110,0.03396,0.0,-0.002223,0.002223,0.012061,False,0,0,0,
hsa-miR-29a,miRNA,69,63,0.020012,0.002707,0.013156,0.013156,0.011958,False,0,0,0,
hsa-miR-338,miRNA,13,0,0.0,0.0,0.035678,0.035678,0.011893,False,0,0,0,
SERPINE1,Gene,39,93,0.032141,0.0,-0.002129,0.002129,0.011423,True,34,22,5,ALITRETINOIN;ARGIPRESSIN;ARSENIC TRIOXIDE;AZATHIOPRINE;CAPTOPRIL
hsa-miR-196a,miRNA,10,2,0.001213,0.0,0.031868,0.031868,0.011027,False,0,0,0,
MMP2,Gene,35,78,0.027896,0.0,-0.004937,0.004937,0.010944,True,39,20,11,ACETAZOLAMIDE;ALDESLEUKIN;BEVACIZUMAB-AWWB;CHLORHEXIDINE GLUCONATE;CYCLOSPORINE
TFAP2A,TF,25,28,0.00849,0.0,0.023062,0.023062,0.010517,True,6,3,1,AMPRENAVIR;INDINAVIR;NELFINAVIR
TERT,Gene,39,70,0.022438,0.0,-0.009021,0.009021,0.010486,True,36,5,5,ARSENIC TRIOXIDE;ERIBULIN MESYLATE;IODINE I-131;OMACETAXINE MEPESUCCINATE;RALOXIFENE HYDROCHLORIDE
MYB,TF,25,4,0.001213,0.004426,0.025487,0.025487,0.010375,True,6,3,3,DOXORUBICIN HYDROCHLORIDE;FLUOROURACIL;PACLITAXEL
hsa-miR-200b,miRNA,80,88,0.026683,0.0,-0.00337,0.00337,0.010018,False,0,0,0,
FAS,Gene,30,62,0.020619,0.0,-0.009375,0.009375,0.009998,True,59,18,10,ARSENIC TRIOXIDE;ASPIRIN;ATORVASTATIN CALCIUM TRIHYDRATE;CHOLECALCIFEROL;CISPLATIN
hsa-miR-371a,miRNA,14,2,0.000606,0.0,0.029123,0.029123,0.00991,False,0,0,0,
hsa-let-7a,miRNA,41,27,0.010309,0.004436,0.014648,0.014648,0.009798,False,0,0,0,
JUN,TF,66,87,0.027289,0.001734,-0.00024,0.00024,0.009754,True,47,23,1,AMINEPTIN;ARSENIC TRIOXIDE;ATOMOXETINE HYDROCHLORIDE;AZELASTINE HYDROCHLORIDE;BUPROPION HYDROCHLORIDE
SMAD3,TF,60,85,0.027289,0.0,-0.001899,0.001899,0.00973,True,229,28,11,4-AMINOPHENOL;AZACITIDINE;CETYLPYRIDINIUM;CHLORQUINALDOL;CLIOQUINOL
HBEGF,Gene,35,63,0.020619,0.0,-0.008262,0.008262,0.009627,True,31,9,10,ALECTINIB;BRIGATINIB;CERITINIB;CETUXIMAB;CRIZOTINIB
hsa-miR-21,miRNA,67,38,0.011522,0.007903,-0.009441,0.009441,0.009622,False,0,0,0,
hsa-miR-382,miRNA,14,0,0.0,0.0,0.028748,0.028748,0.009583,False,0,0,0,
BACE1,Gene,41,58,0.019406,0.0,-0.008042,0.008042,0.009149,True,25,0,0,
hsa-miR-27a,miRNA,68,88,0.026683,0.0,-0.000759,0.000759,0.009147,False,0,0,0,
CEBPA,TF,54,57,0.019406,0.005423,-0.002385,0.002385,0.009071,True,2,0,1,
hsa-miR-23b,miRNA,60,86,0.026076,0.0,-0.000865,0.000865,0.00898,False,0,0,0,
hsa-miR-133b,miRNA,23,0,0.0,0.002712,0.023926,0.023926,0.008879,False,0,0,0,
hsa-miR-130a,miRNA,66,83,0.02547,0.0,-0.000685,0.000685,0.008718,False,0,0,0,
MYCN,TF,73,34,0.010309,0.013992,-0.001507,0.001507,0.008603,True,21,13,16,ARSENIC TRIOXIDE;CISPLATIN;CYCLOPHOSPHAMIDE ANHYDROUS;DINUTUXIMAB;EFLORNITHINE
hsa-miR-19a,miRNA,74,76,0.023044,0.0,-0.00205,0.00205,0.008365,False,0,0,0,
hsa-miR-19b,miRNA,63,48,0.023044,0.0,-0.001751,0.001751,0.008265,False,0,0,0,
FN1,Gene,28,69,0.023651,0.0,-0.000904,0.000904,0.008185,True,14,2,3,DACARBAZINE;OCRIPLASMIN
MAP3K1,Gene,65,21,0.006671,0.0,-0.017675,0.017675,0.008115,True,10,7,7,CARBOPLATIN;CISPLATIN;DOCETAXEL ANHYDROUS;ERLOTINIB;ETANERCEPT-SZZS
TGFBR2,Gene,72,69,0.021225,0.0,-0.002729,0.002729,0.007985,True,3,2,1,HESPERETIN;IRINOTECAN HYDROCHLORIDE
ETS1,TF,39,24,0.007277,0.0,0.016449,0.016449,0.007909,False,0,0,0,
hsa-miR-200c,miRNA,69,52,0.015767,0.004436,-0.002881,0.002881,0.007695,False,0,0,0,
hsa-miR-218,miRNA,19,3,0.001213,0.0,0.021435,0.021435,0.007549,False,0,0,0,
THBS1,Gene,41,38,0.011522,0.0,-0.010879,0.010879,0.007467,True,15,8,6,CAMPTOTHECIN;DECITABINE;LOVASTATIN;METHYLCELLULOSE;PIOGLITAZONE HYDROCHLORIDE
hsa-miR-23a,miRNA,65,72,0.021831,0.0,-0.000554,0.000554,0.007462,False,0,0,0,
EZH2,TF,60,64,0.020012,0.0,-0.00229,0.00229,0.007434,True,18,3,7,DABRAFENIB;TAZEMETOSTAT;TAZEMETOSTAT HYDROBROMIDE
SMAD7,Gene,50,54,0.018799,0.0,-0.003305,0.003305,0.007368,True,5,3,2,ALTEPLASE;CAPECITABINE;URACIL
hsa-miR-429,miRNA,64,62,0.018799,0.0,-0.003082,0.003082,0.007294,False,0,0,0,
hsa-let-7b,miRNA,36,16,0.004851,0.0,0.017026,0.017026,0.007292,False,0,0,0,
hsa-let-7e,miRNA,38,22,0.006671,0.0,0.014606,0.014606,0.007092,False,0,0,0,
hsa-miR-214,miRNA,29,8,0.002426,0.004445,-0.013772,0.013772,0.006881,False,0,0,0,
hsa-miR-199a,miRNA,41,45,0.019406,0.0,0.001217,0.001217,0.006874,False,0,0,0,
F3,Gene,35,64,0.020012,0.0,-0.000476,0.000476,0.006829,True,16,2,2,SIMVASTATIN;TISOTUMAB VEDOTIN-TFTV
PEG10,Gene,41,14,0.004245,0.0,-0.015753,0.015753,0.006666,False,0,0,0,
AR,TF,46,45,0.015161,0.003467,-0.001209,0.001209,0.006612,True,899,360,50,"3,3',4',5-TETRACHLOROSALICYLANILIDE;4-AMINOPHENOL;ABIRATERONE ACETATE;ACETALDEHYDE;ACETOPHENAZINE"
hsa-miR-155,miRNA,56,32,0.009703,0.004436,-0.005669,0.005669,0.006603,False,0,0,0,
hsa-miR-142,miRNA,51,24,0.007884,0.004436,-0.007331,0.007331,0.00655,False,0,0,0,
hsa-miR-133a,miRNA,20,0,0.0,0.0,0.019285,0.019285,0.006428,False,0,0,0,
PTHLH,Gene,29,54,0.016374,0.0,-0.002848,0.002848,0.006407,True,6,3,1,DIMETHYL SULFOXIDE;MAGNESIUM SULFATE ANHYDROUS;VINBLASTINE
hsa-let-7c,miRNA,33,10,0.003032,0.0,0.016082,0.016082,0.006372,False,0,0,0,
SOX2,TF,55,30,0.009096,0.00617,-0.003656,0.003656,0.006307,False,0,0,0,
hsa-miR-143,miRNA,53,36,0.010916,0.0,0.00775,0.00775,0.006222,False,0,0,0,
hsa-let-7i,miRNA,33,10,0.003032,0.0,0.015493,0.015493,0.006175,False,0,0,0,
hsa-miR-335,miRNA,19,0,0.0,0.0,0.018473,0.018473,0.006158,False,0,0,0,
TAGLN,Gene,4,0,0.0,0.0,-0.018281,0.018281,0.006094,True,2,1,1,AZACITIDINE
IRF1,TF,41,55,0.017586,0.0,0.000448,0.000448,0.006011,True,1,0,0,
SNAI2,TF,50,53,0.01698,0.0,-0.00072,0.00072,0.0059,False,0,0,0,
ELF4,Gene,18,11,0.003639,0.0,-0.013798,0.013798,0.005812,True,1,0,0,
FBXO32,Gene,42,20,0.006064,0.0,-0.010786,0.010786,0.005617,False,0,0,0,
ESR1,TF,58,50,0.015767,0.0,-0.001048,0.001048,0.005605,True,215,106,33,ABEMACICLIB;ACRYLAMIDE;ALLYLESTRENOL;ALPELISIB;ANASTROZOLE
hsa-let-7d,miRNA,27,8,0.002426,0.0,0.014084,0.014084,0.005503,False,0,0,0,
hsa-miR-16,miRNA,45,42,0.015161,0.0,-0.001033,0.001033,0.005398,False,0,0,0,
hsa-miR-27b,miRNA,55,52,0.015767,0.0,-0.0004,0.0004,0.005389,False,0,0,0,
hsa-miR-182,miRNA,54,48,0.014554,0.0,-0.001465,0.001465,0.00534,False,0,0,0,
hsa-miR-424,miRNA,52,52,0.015767,0.0,-0.000254,0.000254,0.00534,False,0,0,0,
hsa-let-7g,miRNA,25,2,0.000606,0.0,0.015396,0.015396,0.005334,False,0,0,0,
hsa-miR-24,miRNA,44,32,0.015767,0.0,-3.3e-05,3.3e-05,0.005267,False,0,0,0,
hsa-miR-96,miRNA,54,47,0.014554,0.0,-0.000955,0.000955,0.00517,False,0,0,0,
hsa-miR-106a,miRNA,49,48,0.015161,0.0,-0.000192,0.000192,0.005118,False,0,0,0,
hsa-miR-124,miRNA,68,48,0.015161,0.0,-0.000121,0.000121,0.005094,False,0,0,0,
hsa-miR-92a,miRNA,73,42,0.012735,0.0,-0.002159,0.002159,0.004965,False,0,0,0,
EDN1,Gene,27,25,0.00849,0.0,-0.006388,0.006388,0.004959,True,18,11,4,ALPROSTADIL;BEVACIZUMAB-AWWB;BUDESONIDE;CANDESARTAN CILEXETIL;CELECOXIB
CTGF,Gene,21,23,0.00849,0.0,-0.006223,0.006223,0.004904,False,0,0,0,
hsa-miR-129,miRNA,28,3,0.001213,0.0,0.013446,0.013446,0.004886,False,0,0,0,
hsa-let-7f,miRNA,24,2,0.000606,0.0,0.013997,0.013997,0.004868,False,0,0,0,
BCL2L1,Gene,28,15,0.005458,0.0,-0.008917,0.008917,0.004792,True,15,1,2,CHOLESTEROL
hsa-miR-373,miRNA,35,31,0.009703,0.004445,-0.00018,0.00018,0.004776,False,0,0,0,
hsa-miR-15a,miRNA,44,32,0.009703,0.002702,-0.001862,0.001862,0.004756,False,0,0,0,
MMP14,Gene,25,29,0.010916,0.0,-0.002882,0.002882,0.004599,True,8,2,1,CARMINIC ACID;EPIGALLOCATECHIN GALLATE
MET,Gene,35,43,0.013341,0.0,-0.000368,0.000368,0.00457,True,101,21,48,AMIVANTAMAB-VMJW;CABOZANTINIB S-MALATE;CAPMATINIB;CAPMATINIB HYDROCHLORIDE;CETUXIMAB
hsa-miR-181b,miRNA,45,32,0.012735,0.0,-0.00087,0.00087,0.004535,False,0,0,0,
hsa-miR-200a,miRNA,64,34,0.010309,0.0,-0.003167,0.003167,0.004492,False,0,0,0,
hsa-miR-181a,miRNA,52,31,0.012129,0.0,-0.000682,0.000682,0.00427,False,0,0,0,
PLAU,Gene,22,18,0.006671,0.0,-0.005523,0.005523,0.004065,True,43,21,12,ALENDRONATE SODIUM;AZACITIDINE;BLEOMYCIN;CALCITRIOL;CARMUSTINE
VDR,TF,30,37,0.012129,0.0,1.6e-05,1.6e-05,0.004048,True,472,127,15,4-AMINOPHENOL;ACITRETIN;ALENDRONATE SODIUM;ALFACALCIDOL;ALITRETINOIN
GJA1,Gene,31,25,0.007884,0.0,-0.00422,0.00422,0.004034,True,12,9,1,ASCORBIC ACID;ATENOLOL;BLEOMYCIN;CARVEDILOL;EPIGALLOCATECHIN GALLATE
FGF7,Gene,34,34,0.010916,0.0,-0.000919,0.000919,0.003945,True,3,0,0,
DKK3,Gene,26,14,0.004245,0.0,-0.00751,0.00751,0.003918,True,1,0,0,
hsa-miR-18a,miRNA,53,32,0.009703,0.0,-0.001848,0.001848,0.00385,False,0,0,0,
FBN1,Gene,34,14,0.004245,0.0,-0.007221,0.007221,0.003822,True,2,0,1,
OXTR,Gene,16,29,0.009703,0.0,-0.001735,0.001735,0.003813,True,18,8,0,ARGIPRESSIN;ATOSIBAN;CARBETOCIN;DESMOPRESSIN;ESTRADIOL VALERATE
ETV1,Gene,52,11,0.003639,0.0,-0.007694,0.007694,0.003778,True,1,1,1,TRAMETINIB DIMETHYL SULFOXIDE
hsa-miR-455,miRNA,27,6,0.001819,0.0,0.009509,0.009509,0.003776,False,0,0,0,
CEBPB,TF,46,34,0.010916,0.0,-0.000363,0.000363,0.00376,True,2,0,0,
DKK1,Gene,18,35,0.010916,0.0,-0.000359,0.000359,0.003758,True,10,5,5,ALENDRONATE SODIUM;FLUOROURACIL;IRINOTECAN HYDROCHLORIDE;LEVOLEUCOVORIN;OXALIPLATIN
CDCA7,Gene,25,36,0.010916,0.0,-0.000142,0.000142,0.003686,False,0,0,0,
TGFB2,Gene,38,2,0.000606,0.0,-0.010396,0.010396,0.003668,True,8,1,1,LUSPATERCEPT-AAMT
HDAC2,TF,30,36,0.010916,0.0,-1e-06,1e-06,0.003639,True,42,11,19,4-PHENYLBUTYRIC ACID;BELINOSTAT;DAUNORUBICIN LIPOSOMAL;GIVINOSTAT;OLAPARIB
SMAD6,Gene,27,0,0.0,0.0,-0.010699,0.010699,0.003566,False,0,0,0,
ADAMTS5,Gene,72,2,0.000606,0.0,-0.01007,0.01007,0.003559,True,3,0,0,
LOX,Gene,28,25,0.00849,0.0,-0.001791,0.001791,0.003427,False,0,0,0,
UGCG,Gene,36,13,0.004245,0.0,-0.006029,0.006029,0.003425,True,10,6,1,ELIGLUSTAT;ELIGLUSTAT TARTRATE;MIGLUSTAT;NITRIC OXIDE;NITROGLYCERIN
HIC1,Gene,28,13,0.004245,0.0,-0.005884,0.005884,0.003376,False,0,0,0,
hsa-miR-506,miRNA,32,12,0.003639,0.006174,-0.000309,0.000309,0.003374,False,0,0,0,
CCL2,Gene,17,8,0.003032,0.0,-0.006837,0.006837,0.00329,True,7,1,0,RISPERIDONE
TLR4,Gene,30,4,0.001213,0.0,-0.008635,0.008635,0.003283,True,23,8,2,ACETAMINOPHEN;DEHYDRATED ALCOHOL;FOLIC ACID;INFLIXIMAB-DYYB;METHOTREXATE
hsa-miR-195,miRNA,40,32,0.009703,0.0,-0.000115,0.000115,0.003273,False,0,0,0,
HDAC1,TF,25,32,0.009703,0.0,-5.7e-05,5.7e-05,0.003253,True,53,9,17,4-PHENYLBUTYRIC ACID;BELINOSTAT;DAUNORUBICIN LIPOSOMAL;GIVINOSTAT;PANOBINOSTAT
hsa-miR-106b,miRNA,47,30,0.009703,0.0,5.2e-05,5.2e-05,0.003252,False,0,0,0,
IGFBP5,Gene,24,2,0.000606,0.0,-0.009127,0.009127,0.003244,True,2,0,0,
hsa-miR-34a,miRNA,55,26,0.007884,0.0,-0.001827,0.001827,0.003237,False,0,0,0,
FURIN,Gene,33,10,0.003639,0.0,-0.006066,0.006066,0.003235,True,1,0,0,
FOSB,Gene,26,2,0.000606,0.0,-0.009093,0.009093,0.003233,True,1,0,0,
hsa-miR-135b,miRNA,21,2,0.000606,0.008853,0.000226,0.000226,0.003228,False,0,0,0,
hsa-miR-141,miRNA,50,24,0.007277,0.0,-0.002313,0.002313,0.003197,False,0,0,0,
THBD,Gene,16,16,0.004851,0.0,-0.004729,0.004729,0.003194,True,6,6,1,ALPROSTADIL;CILOSTAZOL;CURCUMIN;GINKGO BILOBA EXTRACT;LEVOTHYROXINE
EXT1,Gene,44,0,0.0,0.0,-0.009389,0.009389,0.00313,False,0,0,0,
GATA1,TF,21,8,0.003032,0.004445,-0.001682,0.001682,0.003053,False,0,0,0,
hsa-miR-93,miRNA,44,28,0.009096,0.0,3.2e-05,3.2e-05,0.003043,False,0,0,0,
SMAD4,TF,34,24,0.00849,0.0,-0.00018,0.00018,0.00289,True,5,4,4,CETUXIMAB;FLUOROURACIL;GEMCITABINE;LYSINE
hsa-miR-183,miRNA,50,26,0.007884,0.0,-0.000754,0.000754,0.002879,False,0,0,0,
hsa-miR-101,miRNA,42,21,0.006671,0.001734,-0.000186,0.000186,0.002863,False,0,0,0,
RUNX1,TF,39,27,0.00849,0.0,-9.5e-05,9.5e-05,0.002862,True,35,7,3,CYTARABINE;DAUNORUBICIN LIPOSOMAL;DISULFIRAM;IMATINIB;METHACHOLINE CHLORIDE
hsa-miR-20b,miRNA,45,26,0.00849,0.0,-6e-05,6e-05,0.00285,False,0,0,0,
CD2AP,Gene,46,26,0.007884,0.0,-0.000644,0.000644,0.002843,False,0,0,0,
CYLD,Gene,42,9,0.003032,0.0,-0.005454,0.005454,0.002829,False,0,0,0,
hsa-miR-144,miRNA,39,11,0.003639,0.004445,-0.000388,0.000388,0.002824,False,0,0,0,
IL1R1,Gene,5,0,0.0,0.0,-0.008327,0.008327,0.002776,True,13,7,2,"ALUM, POTASSIUM;ANAKINRA;DEHYDRATED ALCOHOL;EPOETIN ALFA;GENISTEIN"
hsa-miR-137,miRNA,38,12,0.003639,0.004445,-0.000156,0.000156,0.002746,False,0,0,0,
SOX10,TF,10,0,0.0,0.0,0.008169,0.008169,0.002723,True,1,1,1,VEMURAFENIB
hsa-miR-148a,miRNA,37,19,0.006064,0.0,-0.002024,0.002024,0.002696,False,0,0,0,
HOXB7,TF,16,0,0.0,0.0,-0.008065,0.008065,0.002688,False,0,0,0,
hsa-miR-181c,miRNA,41,22,0.007277,0.0,-0.000728,0.000728,0.002668,False,0,0,0,
SKIL,Gene,30,2,0.000606,0.0,-0.007366,0.007366,0.002658,False,0,0,0,
hsa-miR-9,miRNA,45,18,0.006064,0.001734,-0.000152,0.000152,0.00265,False,0,0,0,
LPL,Gene,9,20,0.006064,0.0,-0.001845,0.001845,0.002636,True,29,18,2,ACARBOSE;ASPARAGINASE;CLOFIBRATE;DIAZOXIDE;FOLIC ACID
SNAI1,TF,27,15,0.005458,0.001734,-0.000573,0.000573,0.002588,False,0,0,0,
NRP1,Gene,39,8,0.003032,0.0,-0.004606,0.004606,0.002546,True,4,2,0,PALIFERMIN;PEGAPTANIB
hsa-miR-30b,miRNA,41,24,0.007277,0.0,-0.000345,0.000345,0.002541,False,0,0,0,
hsa-miR-26a,miRNA,41,16,0.007277,0.0,-0.000294,0.000294,0.002524,False,0,0,0,
hsa-miR-223,miRNA,25,8,0.002426,0.004445,-0.000575,0.000575,0.002482,False,0,0,0,
DAPK1,Gene,22,2,0.000606,0.0,-0.006804,0.006804,0.00247,True,14,5,0,ALOGLIPTIN;LINAGLIPTIN;SAXAGLIPTIN ANHYDROUS;SITAGLIPTIN;VILDAGLIPTIN
DCBLD2,Gene,55,8,0.002426,0.0,-0.004829,0.004829,0.002418,False,0,0,0,
hsa-miR-221,miRNA,36,7,0.002426,0.004445,0.000341,0.000341,0.002404,False,0,0,0,
ADAMTS1,Gene,16,4,0.001213,0.0,-0.005897,0.005897,0.00237,True,2,1,0,PRAVASTATIN SODIUM
RBM38,Gene,13,4,0.001213,0.0,-0.005897,0.005897,0.00237,False,0,0,0,
GJB1,Gene,4,0,0.0,0.0,-0.007053,0.007053,0.002351,True,4,0,0,
hsa-miR-1,miRNA,34,11,0.006671,0.0,0.00036,0.00036,0.002343,False,0,0,0,
COL7A1,Gene,10,16,0.004851,0.0,-0.002133,0.002133,0.002328,True,4,1,0,CRISABOROLE
USF1,TF,19,8,0.002426,0.004426,1e-06,1e-06,0.002284,False,0,0,0,
hsa-miR-150,miRNA,32,18,0.005458,0.0,-0.001284,0.001284,0.002247,False,0,0,0,
POU5F1,TF,28,22,0.006671,0.0,-5.1e-05,5.1e-05,0.002241,True,4,4,0,ALLOPURINOL;CARBAMAZEPINE;DEHYDRATED ALCOHOL;PHENYTOIN SODIUM
LEF1,TF,21,19,0.006671,0.0,5e-06,5e-06,0.002225,False,0,0,0,
COL1A1,Gene,31,21,0.006671,0.0,,,0.002224,True,7,7,3,COLLAGENASE CLOSTRIDIUM HISTOLYTICUM-AAES;ETIDRONIC ACID;OCRIPLASMIN;PAMIDRONATE;SOMATROPIN (RECOMBINANT DNA ORIGIN)
REST,TF,24,12,0.004245,0.001738,-0.000591,0.000591,0.002191,False,0,0,0,
MITF,TF,35,9,0.003032,0.001734,-0.0018,0.0018,0.002189,True,53,4,4,DABRAFENIB;PERHEXILINE MALEATE;SELUMETINIB;VEMURAFENIB
ADRB2,Gene,16,2,0.000606,0.0,-0.005898,0.005898,0.002168,True,128,85,0,ALBUTEROL SULFATE;ARFORMOTEROL;BITOLTEROL MESYLATE;CARTEOLOL;CARTEOLOL HYDROCHLORIDE
hsa-miR-30d,miRNA,47,20,0.006064,0.0,-0.000408,0.000408,0.002157,False,0,0,0,
hsa-miR-125b,miRNA,33,12,0.004245,0.001734,-0.000475,0.000475,0.002151,False,0,0,0,
SNAP25,Gene,47,18,0.005458,0.0,-0.000955,0.000955,0.002138,True,7,4,0,AMISULPRIDE;DIAZOXIDE;INCOBOTULINUMTOXINA;PRABOTULINUMTOXIN A
HMGA1,TF,10,0,0.0,0.004436,-0.001966,0.001966,0.002134,False,0,0,0,
TBX21,Gene,9,14,0.004245,0.0,-0.002121,0.002121,0.002122,True,4,1,0,DEXTROMETHORPHAN POLISTIREX
ID4,Gene,22,11,0.003639,0.0,-0.002704,0.002704,0.002114,False,0,0,0,
MYOD1,TF,12,2,0.000606,0.00436,0.001376,0.001376,0.002114,True,17,9,4,BUPIVACAINE;CLODRONIC ACID;DOXORUBICIN HYDROCHLORIDE;GLYCYRRHETINIC ACID;GOSERELIN ACETATE
NGF,Gene,11,0,0.0,0.0,-0.006209,0.006209,0.00207,True,7,0,0,
hsa-miR-503,miRNA,27,20,0.006064,0.0,-0.000144,0.000144,0.00207,False,0,0,0,
NT5E,Gene,11,8,0.002426,0.0,-0.003763,0.003763,0.002063,True,20,12,3,CAPSAICIN;CETUXIMAB;CLOZAPINE;DIAZOXIDE;DOXORUBICIN HYDROCHLORIDE
hsa-miR-372,miRNA,31,19,0.006064,0.0,-0.000125,0.000125,0.002063,False,0,0,0,
hsa-miR-203,miRNA,45,8,0.004851,0.0,-0.001301,0.001301,0.002051,False,0,0,0,
SOX3,Gene,6,0,0.0,0.0,-0.006139,0.006139,0.002046,False,0,0,0,
hsa-miR-590,miRNA,19,2,0.000606,0.005418,6.1e-05,6.1e-05,0.002029,False,0,0,0,
YY1,TF,29,17,0.005458,0.0,-0.000587,0.000587,0.002015,True,1,0,0,
KLF4,TF,40,16,0.005458,0.0,-0.000506,0.000506,0.001988,True,2,1,1,HYDROXYUREA
hsa-miR-342,miRNA,14,2,0.000606,0.0,-0.005203,0.005203,0.001937,False,0,0,0,
CXCL12,Gene,12,18,0.005458,0.0,-0.000349,0.000349,0.001936,True,9,7,5,ALEMTUZUMAB;CHLORAMBUCIL;CYCLOPHOSPHAMIDE ANHYDROUS;FLUDARABINE;PREDNISONE
ETV4,TF,14,8,0.004245,0.0,-0.001512,0.001512,0.001919,True,2,1,1,TRAMETINIB DIMETHYL SULFOXIDE
ATF3,TF,15,16,0.005458,0.0,-0.000247,0.000247,0.001902,True,7,2,0,MECAMYLAMINE;PROGESTERONE
PTGER4,Gene,14,14,0.004851,0.0,-0.000811,0.000811,0.001887,True,18,6,2,"ADALIMUMAB-ADBM;BETAMETHASONE;CELECOXIB;DINOPROSTONE;IBUPROFEN, SODIUM SALT"
CDH11,Gene,28,9,0.003032,0.0,-0.002548,0.002548,0.00186,True,1,0,0,
APEX1,TF,4,0,0.0,0.0,0.005522,0.005522,0.001841,True,199,43,8,AMPICILLIN (ANHYDROUS);AMPICILLIN TRIHYDRATE;APIGENIN;AVOBENZONE;CANGRELOR
MME,Gene,17,4,0.001213,0.0,-0.004301,0.004301,0.001838,True,12,3,0,CANDOXATRIL;RACECADOTRIL;SACUBITRIL
FST,Gene,26,10,0.003032,0.0,-0.002455,0.002455,0.001829,True,16,2,1,BICALUTAMIDE;INDOMETHACIN
HMGCS1,Gene,23,2,0.000606,0.0,-0.004879,0.004879,0.001829,False,0,0,0,
hsa-miR-205,miRNA,24,16,0.004851,0.0,-0.000549,0.000549,0.0018,False,0,0,0,
MYBL1,Gene,45,15,0.004851,0.0,-0.000423,0.000423,0.001758,False,0,0,0,
E2F3,TF,38,16,0.004851,0.0,-0.000361,0.000361,0.001737,True,4,0,0,
hsa-miR-215,miRNA,6,2,0.000606,0.004445,8e-05,8e-05,0.001711,False,0,0,0,
SPRY1,Gene,30,10,0.003032,0.0,-0.002083,0.002083,0.001705,False,0,0,0,
SEMA6A,Gene,27,10,0.003032,0.0,-0.002027,0.002027,0.001686,True,1,1,1,CISPLATIN
SPI1,TF,36,6,0.001819,0.0,-0.00317,0.00317,0.001663,False,0,0,0,
hsa-miR-212,miRNA,31,16,0.004851,0.0,-0.000102,0.000102,0.001651,False,0,0,0,
KLF5,TF,28,11,0.003639,0.0,-0.001287,0.001287,0.001642,True,8,0,0,
ID1,Gene,10,10,0.003032,0.0,-0.001851,0.001851,0.001628,False,0,0,0,
SREBF2,TF,20,14,0.004851,0.0,2.1e-05,2.1e-05,0.001624,False,0,0,0,
hsa-miR-224,miRNA,20,16,0.004851,0.0,9e-06,9e-06,0.00162,False,0,0,0,
hsa-miR-15b,miRNA,40,16,0.004851,0.0,2e-06,2e-06,0.001618,False,0,0,0,
CTSB,Gene,10,12,0.003639,0.0,-0.001207,0.001207,0.001615,True,5,3,1,BORTEZOMIB;COUMARIN;UREA
hsa-miR-34c,miRNA,21,14,0.004245,0.0,-0.000496,0.000496,0.00158,False,0,0,0,
hsa-miR-376a,miRNA,9,0,0.0,0.004445,0.000148,0.000148,0.001531,False,0,0,0,
FOXO1,TF,6,0,0.0,0.004445,0.000139,0.000139,0.001528,True,5,3,3,CYCLOPHOSPHAMIDE ANHYDROUS;EPIRUBICIN;FLUOROURACIL
RGS4,Gene,19,10,0.003032,0.0,-0.001519,0.001519,0.001517,True,103,28,2,5-HYDROXYTRYPTOPHAN;AMITRIPTYLINE HYDROCHLORIDE;BENSERAZIDE;BRIMONIDINE;CISPLATIN
IER3,Gene,8,14,0.004245,0.0,-0.000302,0.000302,0.001516,False,0,0,0,
STAT1,TF,26,14,0.004245,0.0,-0.000299,0.000299,0.001515,True,7,1,2,CISPLATIN
SRF,TF,22,12,0.004245,0.0,-0.000269,0.000269,0.001505,False,0,0,0,
hsa-miR-210,miRNA,13,0,0.0,0.004426,-7.4e-05,7.4e-05,0.0015,False,0,0,0,
NR1H2,TF,5,2,0.000606,0.0,0.003839,0.003839,0.001482,True,14,0,0,
hsa-miR-301a,miRNA,33,14,0.004245,0.0,-0.0002,0.0002,0.001482,False,0,0,0,
INSM1,Gene,11,0,0.0,0.0,-0.004404,0.004404,0.001468,False,0,0,0,
hsa-miR-497,miRNA,34,14,0.004245,0.0,0.000122,0.000122,0.001456,False,0,0,0,
CTNNB1,TF,27,14,0.004245,0.0,-7.5e-05,7.5e-05,0.00144,True,67,16,18,CABOZANTINIB S-MALATE;CELECOXIB;CETUXIMAB;CYCLOPHOSPHAMIDE ANHYDROUS;DEXAMETHASONE
hsa-miR-340,miRNA,34,14,0.004245,0.0,-7.4e-05,7.4e-05,0.00144,False,0,0,0,
F2R,Gene,8,7,0.002426,0.0,-0.001879,0.001879,0.001435,True,26,15,5,ALPROSTADIL;ARGATROBAN;ASPIRIN;ATROPINE;BEVACIZUMAB-AWWB
hsa-miR-132,miRNA,27,14,0.004245,0.0,-5.1e-05,5.1e-05,0.001432,False,0,0,0,
hsa-miR-22,miRNA,27,6,0.001819,0.001734,-0.000723,0.000723,0.001425,False,0,0,0,
MYBL2,Gene,12,6,0.001819,0.0,-0.002449,0.002449,0.001423,False,0,0,0,
hsa-miR-193b,miRNA,11,2,0.000606,0.003458,0.00016,0.00016,0.001408,False,0,0,0,
SQSTM1,Gene,20,10,0.003032,0.0,-0.001136,0.001136,0.001389,True,1,0,0,
CITED2,Gene,23,4,0.001213,0.0,-0.002924,0.002924,0.001379,False,0,0,0,
SOX9,TF,6,0,0.0,0.0,0.004109,0.004109,0.00137,False,0,0,0,
PDGFRB,Gene,13,5,0.001819,0.0,-0.00228,0.00228,0.001366,True,81,24,46,AXITINIB;BECAPLERMIN;BEVACIZUMAB-AWWB;DASATINIB ANHYDROUS;FLUOROURACIL
hsa-miR-222,miRNA,34,7,0.002426,0.0,-0.001598,0.001598,0.001341,False,0,0,0,
GRHL1,Gene,21,12,0.003639,0.0,-0.00035,0.00035,0.00133,False,0,0,0,
MAP2,Gene,16,0,0.0,0.0,-0.003985,0.003985,0.001328,True,2,2,0,COLCHICINE;MELATONIN
VIM,Gene,19,12,0.003639,0.0,-0.000339,0.000339,0.001326,True,6,2,1,ALDESLEUKIN;DIMETHYL SULFOXIDE
EPHA2,Gene,17,12,0.003639,0.0,-0.000249,0.000249,0.001296,True,19,4,10,DASATINIB ANHYDROUS;REGORAFENIB;SORAFENIB;VANDETANIB
ANPEP,Gene,6,0,0.0,0.0,-0.003882,0.003882,0.001294,True,69,13,3,CEFADROXIL ANHYDROUS;CISPLATIN;COLCHICINE;CURCUMIN;CYCLOSPORINE
FOXO3,TF,15,6,0.002426,0.0,0.001445,0.001445,0.00129,True,2,1,0,RESVERATROL
hsa-miR-383,miRNA,15,11,0.003639,0.0,0.000216,0.000216,0.001285,False,0,0,0,
PTN,Gene,4,0,0.0,0.0,-0.003852,0.003852,0.001284,False,0,0,0,
GATA3,TF,15,6,0.001819,0.001734,0.000291,0.000291,0.001281,True,19,18,10,ASPARAGINASE;CYCLOPHOSPHAMIDE ANHYDROUS;CYTARABINE;DAUNORUBICIN LIPOSOMAL;DEXAMETHASONE
IL15,Gene,12,2,0.000606,0.0,-0.003225,0.003225,0.001277,True,14,5,3,CYCLOSPORINE;LEVODOPA;MEGESTROL ACETATE;MYCOPHENOLATE MOFETIL;SIROLIMUS
TP63,TF,27,0,0.0,0.001734,-0.00205,0.00205,0.001261,False,0,0,0,
DNAJB4,Gene,33,2,0.000606,0.0,-0.00316,0.00316,0.001256,False,0,0,0,
hsa-miR-519d,miRNA,33,10,0.003639,0.0,0.00012,0.00012,0.001253,False,0,0,0,
hsa-miR-520d,miRNA,21,11,0.003639,0.0,9.7e-05,9.7e-05,0.001245,False,0,0,0,
ELK1,TF,25,12,0.003639,0.0,-6.4e-05,6.4e-05,0.001234,True,2,1,0,GANCICLOVIR
hsa-miR-25,miRNA,45,12,0.003639,0.0,-3.4e-05,3.4e-05,0.001224,False,0,0,0,
hsa-miR-18b,miRNA,25,12,0.003639,0.0,2.2e-05,2.2e-05,0.00122,False,0,0,0,
POU3F2,Gene,32,0,0.0,0.0,-0.003614,0.003614,0.001205,False,0,0,0,
PTPRZ1,Gene,7,1,0.000606,0.0,-0.002965,0.002965,0.001191,True,3,2,1,TRETINOIN;VITAMIN D
FOSL1,Gene,25,5,0.001819,0.0,-0.001709,0.001709,0.001176,True,1,1,0,ALTEPLASE
ADM,Gene,13,5,0.001819,0.0,-0.001675,0.001675,0.001165,True,8,4,0,"ALTEPLASE;INDOMETHACIN;INSULIN, REGULAR, HUMAN;PAROXETINE HYDROCHLORIDE, HEMIHYDRATE"
ZEB2,TF,26,2,0.000606,0.001734,-0.001147,0.001147,0.001162,False,0,0,0,
VEGFC,Gene,14,2,0.000606,0.0,-0.002788,0.002788,0.001131,True,9,5,6,AFLIBERCEPT;BEVACIZUMAB-AWWB;LENALIDOMIDE;SORAFENIB;SUNITINIB
HOXA10,TF,32,2,0.001213,0.0,0.002175,0.002175,0.001129,False,0,0,0,
VCAM1,Gene,15,0,0.0,0.0,-0.003343,0.003343,0.001114,True,7,4,2,CYCLOSPORINE;DEXAMETHASONE;MERCAPTOPURINE;TROGLITAZONE
hsa-miR-302b,miRNA,29,9,0.003032,0.0,-0.000295,0.000295,0.001109,False,0,0,0,
HRK,Gene,38,0,0.0,0.0,-0.003305,0.003305,0.001102,False,0,0,0,
CYR61,Gene,13,6,0.001819,0.0,-0.00147,0.00147,0.001096,False,0,0,0,
hsa-miR-140,miRNA,42,6,0.001819,0.0,-0.001459,0.001459,0.001093,False,0,0,0,
TMEM158,Gene,7,0,0.0,0.0,-0.003273,0.003273,0.001091,False,0,0,0,
hsa-miR-31,miRNA,34,6,0.001819,0.0,-0.001425,0.001425,0.001081,False,0,0,0,
MYH9,Gene,32,2,0.000606,0.0,-0.002635,0.002635,0.00108,False,0,0,0,
WWC1,Gene,29,0,0.0,0.0,-0.003195,0.003195,0.001065,False,0,0,0,
NOTCH1,Gene,25,9,0.003032,0.0,-0.000153,0.000153,0.001062,True,8,2,6,HYDROCORTISONE BUTYRATE;NIROGACESTAT
PMEPA1,Gene,30,7,0.002426,0.0,-0.000751,0.000751,0.001059,False,0,0,0,
NGFR,Gene,13,10,0.003032,0.0,-0.000141,0.000141,0.001058,True,4,2,0,CENEGERMIN-BKBJ;VOCLOSPORIN
PPARG,TF,19,10,0.003032,0.0,0.000123,0.000123,0.001052,True,126,30,5,APIGENIN;ASPIRIN;BALSALAZIDE;BALSALAZIDE DISODIUM;BENZBROMARONE
hsa-miR-7,miRNA,27,9,0.003032,0.0,-0.000112,0.000112,0.001048,False,0,0,0,
hsa-miR-363,miRNA,40,10,0.003032,0.0,-8.7e-05,8.7e-05,0.00104,False,0,0,0,
hsa-miR-128,miRNA,36,6,0.003032,0.0,8.2e-05,8.2e-05,0.001038,False,0,0,0,
HDAC4,TF,19,9,0.003032,0.0,3.1e-05,3.1e-05,0.001021,True,44,10,17,4-PHENYLBUTYRIC ACID;BELINOSTAT;DAUNORUBICIN LIPOSOMAL;GIVINOSTAT;PANOBINOSTAT
hsa-miR-302a,miRNA,29,9,0.003032,0.0,-2.6e-05,2.6e-05,0.00102,False,0,0,0,
DDIT3,TF,4,0,0.0,0.002716,0.000336,0.000336,0.001017,True,44,23,10,ASCORBIC ACID;ASPIRIN;BORTEZOMIB;CELECOXIB;CISPLATIN
hsa-miR-302c,miRNA,33,9,0.003032,0.0,-1.9e-05,1.9e-05,0.001017,False,0,0,0,
hsa-miR-302d,miRNA,27,9,0.003032,0.0,-4e-06,4e-06,0.001012,False,0,0,0,
hsa-miR-181d,miRNA,35,8,0.003032,0.0,-2e-06,2e-06,0.001011,False,0,0,0,
hsa-miR-146b,miRNA,24,8,0.002426,0.0,-0.000594,0.000594,0.001006,False,0,0,0,
LTBP1,Gene,11,1,0.000606,0.0,-0.002375,0.002375,0.000994,False,0,0,0,
CREB1,TF,31,6,0.001819,0.0,-0.001157,0.001157,0.000992,True,11,5,0,CITALOPRAM;DEHYDRATED ALCOHOL;LITHIUM;NICOTINE POLACRILEX;ZILEUTON
CTSV,Gene,6,2,0.000606,0.0,-0.002348,0.002348,0.000985,True,14,3,6,MIDOSTAURIN;NINTEDANIB ESYLATE;SUNITINIB
NR1H3,TF,8,6,0.001819,0.0,0.001123,0.001123,0.000981,True,22,6,2,ATENOLOL;BEXAROTENE;HESPERETIN;LAROPIPRANT;NIACIN
IL11,Gene,9,5,0.001819,0.0,-0.001114,0.001114,0.000978,True,9,6,5,ALENDRONATE SODIUM;AZACITIDINE;CITALOPRAM;DOXORUBICIN HYDROCHLORIDE;ETIDRONIC ACID
hsa-miR-320a,miRNA,23,8,0.002426,0.0,-0.000457,0.000457,0.000961,False,0,0,0,
MAX,TF,31,2,0.000606,0.0,-0.002246,0.002246,0.000951,False,0,0,0,
ADA,Gene,5,4,0.001213,0.0,-0.001564,0.001564,0.000926,True,24,10,4,AMITRIPTYLINE HYDROCHLORIDE;ASPIRIN;CLADRIBINE;ELAPEGADEMASE-LVLR;FLUDARABINE
hsa-miR-375,miRNA,11,0,0.0,0.002702,1.7e-05,1.7e-05,0.000907,False,0,0,0,
hsa-miR-146a,miRNA,38,6,0.001819,0.0,-0.000891,0.000891,0.000903,False,0,0,0,
ITGA5,Gene,22,8,0.002426,0.0,-0.000249,0.000249,0.000892,True,9,1,4,DIMETHYL SULFOXIDE
TP73,TF,20,4,0.001213,0.0,-0.001391,0.001391,0.000868,True,12,7,5,CARBOPLATIN;CISPLATIN;CYTARABINE;EPIGALLOCATECHIN GALLATE;TAZAROTENE
FOXA2,TF,10,0,0.0,0.0,0.002575,0.002575,0.000858,False,0,0,0,
hsa-miR-494,miRNA,20,8,0.002426,0.0,-0.000147,0.000147,0.000858,False,0,0,0,
hsa-miR-100,miRNA,14,4,0.001213,0.0,-0.001336,0.001336,0.000849,False,0,0,0,
UCP2,Gene,9,7,0.002426,0.0,-8.6e-05,8.6e-05,0.000837,True,7,4,0,HEPARIN;LIOTHYRONINE;SODIUM CHLORIDE;SOYBEAN SEED OIL
hsa-miR-122,miRNA,20,4,0.001213,0.0,-0.001299,0.001299,0.000837,False,0,0,0,
hsa-miR-33a,miRNA,13,1,0.000606,0.001734,0.00017,0.00017,0.000837,False,0,0,0,
hsa-miR-330,miRNA,29,7,0.002426,0.0,4.5e-05,4.5e-05,0.000824,False,0,0,0,
NANOG,TF,25,8,0.002426,0.0,-3.1e-05,3.1e-05,0.000819,False,0,0,0,
hsa-miR-655,miRNA,27,7,0.002426,0.0,3e-05,3e-05,0.000819,False,0,0,0,
MEIS1,TF,5,0,0.0,0.0,0.002439,0.002439,0.000813,False,0,0,0,
PBX1,TF,5,0,0.0,0.0,0.002439,0.002439,0.000813,False,0,0,0,
hsa-miR-30e,miRNA,37,8,0.002426,0.0,-7e-06,7e-06,0.000811,False,0,0,0,
hsa-miR-219a,miRNA,15,4,0.001819,0.0,0.000563,0.000563,0.000794,False,0,0,0,
BHLHE40,Gene,27,3,0.001213,0.0,-0.000982,0.000982,0.000732,True,2,1,2,TRETINOIN
GADD45G,Gene,15,6,0.001819,0.0,-0.000338,0.000338,0.000719,True,1,0,0,
IL6,Gene,26,2,0.000606,0.0,-0.001543,0.001543,0.000716,True,48,28,10,ADALIMUMAB-ADBM;ARSENIC TRIOXIDE;CISPLATIN;DULOXETINE HYDROCHLORIDE;ECHINACEA PREPARATION
ITGB1,Gene,10,0,0.0,0.0,-0.00214,0.00214,0.000713,True,13,2,3,ANTI-THYMOCYTE GLOBULIN;NATALIZUMAB
HRH1,Gene,4,0,0.0,0.0,-0.002117,0.002117,0.000706,True,125,108,0,ACRIVASTINE;ALCAFTADINE;ANTAZOLINE PHOSPHATE;ASENAPINE;ASTEMIZOLE
TYMS,Gene,9,5,0.001819,0.0,-0.000297,0.000297,0.000706,True,48,32,22,ARFOLITIXORIN;ASPARAGINASE;AZACITIDINE;AZATHIOPRINE;CAPECITABINE
CD44,Gene,9,4,0.001213,0.0,-0.000864,0.000864,0.000692,True,20,7,2,ACETAMINOPHEN;CISPLATIN;DOCETAXEL ANHYDROUS;GENTAMICIN;HYALURONIC ACID
hsa-miR-206,miRNA,31,4,0.001213,0.0,-0.000842,0.000842,0.000685,False,0,0,0,
CXCR5,Gene,15,0,0.0,0.0,-0.002021,0.002021,0.000674,True,22,0,0,
WNT5A,Gene,13,0,0.0,0.0,-0.001962,0.001962,0.000654,False,0,0,0,
hsa-miR-107,miRNA,26,6,0.001819,0.0,-0.000135,0.000135,0.000651,False,0,0,0,
hsa-miR-1271,miRNA,24,5,0.001819,0.0,0.000135,0.000135,0.000651,False,0,0,0,
PLAGL1,Gene,15,5,0.001819,0.0,-0.000119,0.000119,0.000646,True,1,1,0,OLANZAPINE
NTF3,Gene,10,4,0.001819,0.0,-0.000114,0.000114,0.000645,True,26,17,1,ALTEPLASE;CAPSAICIN;COLCHICINE;CYCLOPHOSPHAMIDE ANHYDROUS;DACTINOMYCIN
DACT1,Gene,22,2,0.000606,0.0,-0.001296,0.001296,0.000634,False,0,0,0,
hsa-miR-32,miRNA,34,6,0.001819,0.0,7.9e-05,7.9e-05,0.000633,False,0,0,0,
ARNT,TF,12,6,0.001819,0.0,6.6e-05,6.6e-05,0.000628,True,44,9,0,ALPRAZOLAM;BREXANOLONE;CLONAZEPAM;DIAZEPAM;FLUMAZENIL
FMN2,Gene,9,6,0.001819,0.0,-5.5e-05,5.5e-05,0.000625,False,0,0,0,
CACNA1H,Gene,9,6,0.001819,0.0,-5.1e-05,5.1e-05,0.000623,True,43,19,1,BEPRIDIL HYDROCHLORIDE;CELECOXIB;ETHOSUXIMIDE;GABAPENTIN;GABAPENTIN ENACARBIL
hsa-miR-30a,miRNA,39,6,0.001819,0.0,-2.4e-05,2.4e-05,0.000614,False,0,0,0,
FOXM1,TF,13,6,0.001819,0.0,1.5e-05,1.5e-05,0.000611,False,0,0,0,
hsa-miR-425,miRNA,13,6,0.001819,0.0,1.4e-05,1.4e-05,0.000611,False,0,0,0,
hsa-miR-92b,miRNA,36,6,0.001819,0.0,8e-06,8e-06,0.000609,False,0,0,0,
hsa-miR-361,miRNA,18,6,0.001819,0.0,3e-06,3e-06,0.000608,False,0,0,0,
SIRT1,TF,12,6,0.001819,0.0,2e-06,2e-06,0.000607,True,30,3,1,NIACINAMIDE;PANOBINOSTAT;RESVERATROL
hsa-miR-367,miRNA,36,6,0.001819,0.0,3e-06,3e-06,0.000607,False,0,0,0,
LIF,Gene,40,0,0.0,0.0,-0.001813,0.001813,0.000604,True,19,14,7,AZACITIDINE;BUPIVACAINE;CAPSAICIN;CISPLATIN;CLOMIPHENE CITRATE
CEBPD,TF,5,0,0.0,0.001734,-5e-05,5e-05,0.000595,False,0,0,0,
CDH3,Gene,7,0,0.0,0.0,-0.001782,0.001782,0.000594,True,3,0,0,
hsa-miR-217,miRNA,12,0,0.0,0.001734,1.4e-05,1.4e-05,0.000583,False,0,0,0,
GLI1,TF,5,0,0.0,0.0,0.00169,0.00169,0.000563,True,19,1,1,TRETINOIN
LMO7,Gene,14,0,0.0,0.0,-0.001607,0.001607,0.000536,False,0,0,0,
NR1H4,TF,13,4,0.001213,0.0,0.000365,0.000365,0.000526,True,70,17,2,APIGENIN;CHENODEOXYCHOLIC ACID;CLIOQUINOL;DIETHYLSTILBESTROL;DOXORUBICIN HYDROCHLORIDE
SPARC,Gene,11,0,0.0,0.0,-0.001559,0.001559,0.00052,True,1,0,1,
SHC1,Gene,14,0,0.0,0.0,-0.001542,0.001542,0.000514,False,0,0,0,
FLI1,TF,5,0,0.0,0.0,0.001512,0.001512,0.000504,True,1,0,1,
DNMT1,TF,29,4,0.001213,0.0,-0.000287,0.000287,0.0005,True,44,11,8,ARSENIC TRIOXIDE;AZACITIDINE;CISPLATIN;CURCUMIN;DECITABINE
KLF10,Gene,35,0,0.0,0.0,-0.001468,0.001468,0.000489,False,0,0,0,
MAPK7,Gene,6,1,0.000606,0.0,-0.000861,0.000861,0.000489,True,3,1,1,SORAFENIB
LDHA,Gene,12,4,0.001213,0.0,-0.000231,0.000231,0.000481,True,2,0,1,
hsa-miR-802,miRNA,9,4,0.001213,0.0,0.000195,0.000195,0.000469,False,0,0,0,
PEG3,Gene,11,4,0.001213,0.0,-0.000186,0.000186,0.000466,False,0,0,0,
hsa-miR-376c,miRNA,11,4,0.001213,0.0,0.000175,0.000175,0.000462,False,0,0,0,
BRCA1,TF,19,4,0.001213,0.0,-0.000171,0.000171,0.000461,True,95,23,23,APIGENIN;ASPIRIN;BLEOMYCIN;CARBOPLATIN;CISPLATIN
hsa-miR-452,miRNA,12,4,0.001213,0.0,0.000153,0.000153,0.000455,False,0,0,0,
FHL2,Gene,10,4,0.001213,0.0,-0.000147,0.000147,0.000453,True,1,1,1,GEMCITABINE
PPP2R2B,Gene,7,4,0.001213,0.0,-0.000137,0.000137,0.00045,False,0,0,0,
hsa-miR-10b,miRNA,9,4,0.001213,0.0,-0.000107,0.000107,0.00044,False,0,0,0,
RUNX2,TF,15,4,0.001213,0.0,9.9e-05,9.9e-05,0.000437,True,1,0,0,
hsa-miR-130b,miRNA,29,4,0.001213,0.0,-8.5e-05,8.5e-05,0.000433,False,0,0,0,
hsa-miR-300,miRNA,27,4,0.001213,0.0,7.4e-05,7.4e-05,0.000429,False,0,0,0,
hsa-miR-301b,miRNA,27,4,0.001213,0.0,6.9e-05,6.9e-05,0.000427,False,0,0,0,
hsa-miR-26b,miRNA,27,3,0.001213,0.0,6.3e-05,6.3e-05,0.000425,False,0,0,0,
TCF7L2,TF,8,4,0.001213,0.0,5.4e-05,5.4e-05,0.000422,True,6,5,2,CYCLOSPORINE;HYDROCHLOROTHIAZIDE;METFORMIN;REPAGLINIDE;SIROLIMUS
ASS1,Gene,8,2,0.000606,0.0,-0.000655,0.000655,0.00042,True,29,8,7,4-PHENYLBUTYRIC ACID;CARBOPLATIN;CHLOROQUINE;CISPLATIN;CYCLOTHIAZIDE
hsa-miR-149,miRNA,15,4,0.001213,0.0,4.8e-05,4.8e-05,0.00042,False,0,0,0,
PAX5,TF,6,3,0.001213,0.0,4.3e-05,4.3e-05,0.000419,True,1,0,0,
hsa-miR-381,miRNA,29,4,0.001213,0.0,3.8e-05,3.8e-05,0.000417,False,0,0,0,
EP300,TF,12,4,0.001213,0.0,-1.9e-05,1.9e-05,0.000411,True,6,0,0,
hsa-miR-449a,miRNA,15,4,0.001213,0.0,2.1e-05,2.1e-05,0.000411,False,0,0,0,
hsa-miR-449b,miRNA,15,4,0.001213,0.0,2.1e-05,2.1e-05,0.000411,False,0,0,0,
ATF4,TF,15,4,0.001213,0.0,-1.1e-05,1.1e-05,0.000408,True,29,3,0,IVERMECTIN;MECAMYLAMINE;VITAMIN E
hsa-miR-152,miRNA,25,3,0.001213,0.0,8e-06,8e-06,0.000407,False,0,0,0,
HDAC3,TF,13,4,0.001213,0.0,-5e-06,5e-06,0.000406,True,41,9,17,4-PHENYLBUTYRIC ACID;BELINOSTAT;DAUNORUBICIN LIPOSOMAL;GIVINOSTAT;PANOBINOSTAT
hsa-miR-192,miRNA,16,4,0.001213,0.0,4e-06,4e-06,0.000406,False,0,0,0,
hsa-miR-148b,miRNA,21,3,0.001213,0.0,-1e-06,1e-06,0.000405,False,0,0,0,
BDNF,Gene,35,2,0.000606,0.0,-0.00059,0.00059,0.000399,True,124,76,14,ADAPALENE;ALTEPLASE;AMITRIPTYLINE HYDROCHLORIDE;ARGIPRESSIN;ARSENIC TRIOXIDE
hsa-miR-126,miRNA,10,0,0.0,0.0,0.001172,0.001172,0.000391,False,0,0,0,
RARA,TF,10,0,0.0,0.0,0.001168,0.001168,0.000389,True,43,19,6,ACITRETIN;ADAPALENE;ALITRETINOIN;ARSENIC TRIOXIDE;COLCHICINE
SPP1,Gene,11,2,0.000606,0.0,-0.000554,0.000554,0.000387,True,15,8,2,ALTEPLASE;ANHYDROUS TACROLIMUS;CALCITONIN;CHONDROITIN SULFATES;GENTAMICIN
CUX1,TF,3,0,0.0,0.0,0.001152,0.001152,0.000384,True,4,0,0,
BMI1,TF,9,0,0.0,0.0,0.001149,0.001149,0.000383,False,0,0,0,
CELSR3,Gene,27,0,0.0,0.0,-0.001087,0.001087,0.000362,False,0,0,0,
JUND,TF,4,1,0.000606,0.0,-0.000431,0.000431,0.000346,True,1,1,0,CLOZAPINE
NKX2-5,TF,17,2,0.000606,0.0,0.000433,0.000433,0.000346,True,11,2,1,INGENOL MEBUTATE;LEVOTHYROXINE
YBX1,TF,5,1,0.000606,0.0,-0.000431,0.000431,0.000346,True,1,1,1,ABIRATERONE ACETATE
hsa-miR-136,miRNA,6,2,0.000606,0.0,0.000408,0.000408,0.000338,False,0,0,0,
CREBBP,TF,5,0,0.0,0.0,0.00099,0.00099,0.00033,True,23,7,2,ALPRAZOLAM;COLCHICINE;ESTAZOLAM;METHYLPHENIDATE HYDROCHLORIDE;MIDAZOLAM HYDROCHLORIDE
SCARB1,Gene,11,2,0.000606,0.0,-0.000379,0.000379,0.000329,True,1,1,0,FENOFIBRATE MICRONIZED
HSD17B2,Gene,4,0,0.0,0.0,-0.000978,0.000978,0.000326,False,0,0,0,
CAV1,Gene,7,2,0.000606,0.0,-0.000326,0.000326,0.000311,True,5,2,0,DEHYDRATED ALCOHOL;TESTOSTERONE
F8,Gene,4,2,0.000606,0.0,-0.000303,0.000303,0.000303,True,18,10,0,DESMOPRESSIN;DROTRECOGIN ALFA;DROTRECOGIN ALFA (ACTIVATED);EFMOROCTOCOG ALFA;RANITIDINE HYDROCHLORIDE
KLF2,TF,11,0,0.0,0.0,0.000903,0.000903,0.000301,False,0,0,0,
FOXD1,Gene,10,0,0.0,0.0,-0.000901,0.000901,0.0003,False,0,0,0,
TAL1,TF,13,0,0.0,0.0,0.000895,0.000895,0.000298,False,0,0,0,
hsa-miR-378a,miRNA,4,0,0.0,0.0,0.000871,0.000871,0.00029,False,0,0,0,
COL18A1,Gene,3,0,0.0,0.0,-0.000859,0.000859,0.000286,True,15,11,5,ASCORBIC ACID;ASPIRIN;CAMPTOTHECIN;CELECOXIB;COLLAGENASE CLOSTRIDIUM HISTOLYTICUM-AAES
POU2F1,TF,11,0,0.0,0.0,0.000856,0.000856,0.000285,False,0,0,0,
OPTN,Gene,4,2,0.000606,0.0,-0.000239,0.000239,0.000282,False,0,0,0,
hsa-miR-296,miRNA,6,2,0.000606,0.0,0.000201,0.000201,0.000269,False,0,0,0,
hsa-miR-30c,miRNA,34,2,0.000606,0.0,-0.000184,0.000184,0.000264,False,0,0,0,
hsa-miR-539,miRNA,7,2,0.000606,0.0,0.000184,0.000184,0.000264,False,0,0,0,
PROX1,TF,3,0,0.0,0.0,0.000786,0.000786,0.000262,True,1,1,0,ATENOLOL
CYFIP2,Gene,6,2,0.000606,0.0,-0.000159,0.000159,0.000255,False,0,0,0,
NCOR1,TF,7,2,0.000606,0.0,0.000158,0.000158,0.000255,False,0,0,0,
FGL2,Gene,12,2,0.000606,0.0,-0.000154,0.000154,0.000254,False,0,0,0,
RXRA,TF,12,2,0.000606,0.0,-0.000139,0.000139,0.000248,True,76,28,7,ACITRETIN;ADAPALENE;ALITRETINOIN;BENZETHONIUM CHLORIDE;BEXAROTENE
ASPN,Gene,15,2,0.000606,0.0,-0.000135,0.000135,0.000247,False,0,0,0,
ZBTB7A,TF,3,2,0.000606,0.0,0.000134,0.000134,0.000247,False,0,0,0,
hsa-miR-370,miRNA,9,2,0.000606,0.0,0.000116,0.000116,0.000241,False,0,0,0,
AXL,Gene,15,1,0.000606,0.0,-0.000115,0.000115,0.00024,True,48,7,17,DASATINIB ANHYDROUS;ENTRECTINIB;GEFITINIB;GILTERITINIB;GILTERITINIB FUMARATE
CDX2,TF,3,2,0.000606,0.0,0.000104,0.000104,0.000237,True,4,2,2,CAPECITABINE;URACIL
NR4A1,Gene,5,2,0.000606,0.0,-0.000104,0.000104,0.000237,True,16,8,2,ACETYLCYSTEINE;CYCLOSPORINE;ETOPOSIDE;HALOPERIDOL DECANOATE;LEVODOPA
hsa-miR-454,miRNA,19,1,0.000606,0.0,9.4e-05,9.4e-05,0.000234,False,0,0,0,
hsa-miR-486,miRNA,7,0,0.0,0.0,0.000702,0.000702,0.000234,False,0,0,0,
HOXA9,TF,6,0,0.0,0.0,0.0007,0.0007,0.000233,True,1,1,0,LENOGRASTIM
hsa-miR-493,miRNA,18,2,0.000606,0.0,9.3e-05,9.3e-05,0.000233,False,0,0,0,
hsa-miR-542,miRNA,12,2,0.000606,0.0,9.2e-05,9.2e-05,0.000233,False,0,0,0,
EPHB2,Gene,22,0,0.0,0.0,-0.000695,0.000695,0.000232,True,76,10,11,ABROCITINIB;BARICITINIB;FEDRATINIB;FILGOTINIB;MOMELOTINIB
hsa-miR-103,miRNA,18,1,0.000606,0.0,-6.7e-05,6.7e-05,0.000225,False,0,0,0,
hsa-miR-448,miRNA,16,2,0.000606,0.0,6.9e-05,6.9e-05,0.000225,False,0,0,0,
hsa-miR-139,miRNA,17,2,0.000606,0.0,6.4e-05,6.4e-05,0.000223,False,0,0,0,
IGFBP4,Gene,10,0,0.0,0.0,-0.000659,0.000659,0.00022,True,1,0,0,
PCSK2,Gene,11,2,0.000606,0.0,-5.4e-05,5.4e-05,0.00022,False,0,0,0,
hsa-miR-204,miRNA,25,2,0.000606,0.0,3.3e-05,3.3e-05,0.000213,False,0,0,0,
hsa-miR-216a,miRNA,39,2,0.000606,0.0,3.2e-05,3.2e-05,0.000213,False,0,0,0,
MEF2A,TF,17,1,0.000606,0.0,-2.9e-05,2.9e-05,0.000212,False,0,0,0,
ESR2,TF,13,2,0.000606,0.0,2.6e-05,2.6e-05,0.000211,True,84,48,21,ABEMACICLIB;ALENDRONATE SODIUM;ALLYLESTRENOL;ALPELISIB;BAZEDOXIFENE
MYD88,Gene,3,2,0.000606,0.0,-2.6e-05,2.6e-05,0.000211,True,3,3,1,FENTANYL CITRATE;IBRUTINIB;ZANUBRUTINIB
hsa-miR-185,miRNA,14,2,0.000606,0.0,2.6e-05,2.6e-05,0.000211,False,0,0,0,
PPARA,TF,14,1,0.000606,0.0,-2.3e-05,2.3e-05,0.00021,True,66,19,3,ATENOLOL;BEZAFIBRATE;BITHIONOL;CARVEDILOL;CHOLINE FENOFIBRATE
MAFB,TF,3,2,0.000606,0.0,2.1e-05,2.1e-05,0.000209,True,1,0,0,
hsa-miR-374a,miRNA,25,1,0.000606,0.0,2e-05,2e-05,0.000209,False,0,0,0,
hsa-miR-495,miRNA,25,1,0.000606,0.0,-2.1e-05,2.1e-05,0.000209,False,0,0,0,
hsa-miR-188,miRNA,5,0,0.0,0.0,0.000625,0.000625,0.000208,False,0,0,0,
hsa-miR-194,miRNA,18,2,0.000606,0.0,-1.7e-05,1.7e-05,0.000208,False,0,0,0,
hsa-miR-760,miRNA,11,2,0.000606,0.0,1.3e-05,1.3e-05,0.000207,False,0,0,0,
SCG3,Gene,2,2,0.000606,0.0,-6e-06,6e-06,0.000204,False,0,0,0,
MEF2C,TF,7,2,0.000606,0.0,2e-06,2e-06,0.000203,False,0,0,0,
hsa-miR-483,miRNA,7,2,0.000606,0.0,2e-06,2e-06,0.000203,False,0,0,0,
PERP,Gene,6,0,0.0,0.0,-0.000602,0.000602,0.000201,True,3,3,2,CYCLOPHOSPHAMIDE ANHYDROUS;EPIRUBICIN;FLUOROURACIL
hsa-miR-151a,miRNA,4,0,0.0,0.0,0.000592,0.000592,0.000197,False,0,0,0,
hsa-miR-431,miRNA,3,0,0.0,0.0,0.000583,0.000583,0.000194,False,0,0,0,
BAG3,Gene,2,0,0.0,0.0,-0.000555,0.000555,0.000185,False,0,0,0,
hsa-miR-99a,miRNA,8,0,0.0,0.0,-0.000554,0.000554,0.000185,False,0,0,0,
SREBF1,TF,12,0,0.0,0.0,0.000553,0.000553,0.000184,True,3,1,0,"INSULIN, REGULAR, HUMAN"
STAT4,TF,4,0,0.0,0.0,0.000551,0.000551,0.000184,True,7,2,1,ALDESLEUKIN;USTEKINUMAB
BAALC,Gene,2,0,0.0,0.0,-0.000547,0.000547,0.000182,False,0,0,0,
hsa-miR-1251,miRNA,4,0,0.0,0.0,0.000535,0.000535,0.000178,False,0,0,0,
ETS2,TF,7,0,0.0,0.0,-0.000466,0.000466,0.000155,True,5,3,4,CARBOPLATIN;GEMCITABINE;PACLITAXEL
AFP,Gene,7,0,0.0,0.0,-0.000463,0.000463,0.000154,True,27,17,7,ASPIRIN;AZACITIDINE;BLEOMYCIN;DACTINOMYCIN;DOXORUBICIN HYDROCHLORIDE
DDR2,Gene,11,0,0.0,0.0,-0.000453,0.000453,0.000151,True,6,4,5,DASATINIB ANHYDROUS;ERLOTINIB;NILOTINIB;REGORAFENIB
SLC1A3,Gene,7,0,0.0,0.0,-0.000432,0.000432,0.000144,True,2,0,0,
hsa-miR-28,miRNA,5,0,0.0,0.0,0.000415,0.000415,0.000138,False,0,0,0,
SUZ12,TF,6,0,0.0,0.0,0.000389,0.000389,0.00013,False,0,0,0,
hsa-miR-202,miRNA,10,0,0.0,0.0,0.000369,0.000369,0.000123,False,0,0,0,
hsa-miR-191,miRNA,12,0,0.0,0.0,0.000331,0.000331,0.00011,False,0,0,0,
hsa-miR-99b,miRNA,8,0,0.0,0.0,0.000329,0.000329,0.00011,False,0,0,0,
TLR3,Gene,6,0,0.0,0.0,-0.000325,0.000325,0.000108,True,10,2,1,ASPIRIN;HYDROXYCHLOROQUINE
FOXD3,TF,8,0,0.0,0.0,0.000284,0.000284,9.5e-05,False,0,0,0,
hsa-miR-502,miRNA,9,0,0.0,0.0,0.000269,0.000269,9e-05,False,0,0,0,
SDC4,Gene,6,0,0.0,0.0,-0.000259,0.000259,8.6e-05,False,0,0,0,
hsa-miR-320b,miRNA,17,0,0.0,0.0,0.000255,0.000255,8.5e-05,False,0,0,0,
HOXB4,Gene,16,0,0.0,0.0,-0.000229,0.000229,7.6e-05,True,1,0,0,
hsa-miR-10a,miRNA,9,0,0.0,0.0,0.000218,0.000218,7.3e-05,False,0,0,0,
hsa-miR-487a,miRNA,2,0,0.0,0.0,0.000216,0.000216,7.2e-05,False,0,0,0,
hsa-miR-190a,miRNA,8,0,0.0,0.0,0.000202,0.000202,6.7e-05,False,0,0,0,
ACTC1,Gene,18,0,0.0,0.0,-0.000197,0.000197,6.6e-05,True,21,1,2,DEXAMETHASONE
hsa-miR-138,miRNA,16,0,0.0,0.0,0.000196,0.000196,6.5e-05,False,0,0,0,
NFKB2,TF,3,0,0.0,0.0,0.000182,0.000182,6.1e-05,True,38,6,1,APIGENIN;ARTESUNATE;INDOPROFEN;QUERCETIN;RESVERATROL
RNF144A,Gene,21,0,0.0,0.0,-0.000182,0.000182,6.1e-05,False,0,0,0,
GAD1,Gene,12,0,0.0,0.0,-0.000179,0.000179,6e-05,False,0,0,0,
HNF1A,TF,8,0,0.0,0.0,-0.00018,0.00018,6e-05,True,3,1,0,ROSUVASTATIN
DAB2,Gene,21,0,0.0,0.0,-0.000174,0.000174,5.8e-05,False,0,0,0,
THBS2,Gene,29,0,0.0,0.0,-0.000168,0.000168,5.6e-05,True,2,2,1,BEVACIZUMAB-AWWB;CORTICOTROPIN
SOX1,Gene,16,0,0.0,0.0,-0.000163,0.000163,5.4e-05,False,0,0,0,
MYL9,Gene,5,0,0.0,0.0,-0.00016,0.00016,5.3e-05,False,0,0,0,
hsa-miR-125a,miRNA,18,0,0.0,0.0,-0.00016,0.00016,5.3e-05,False,0,0,0,
hsa-miR-485,miRNA,11,0,0.0,0.0,0.00016,0.00016,5.3e-05,False,0,0,0,
FOXC2,Gene,4,0,0.0,0.0,-0.000157,0.000157,5.2e-05,True,1,1,1,OXALIPLATIN
FDFT1,Gene,3,0,0.0,0.0,-0.000152,0.000152,5.1e-05,True,2,1,1,LOVASTATIN
hsa-miR-613,miRNA,27,0,0.0,0.0,-0.000154,0.000154,5.1e-05,False,0,0,0,
hsa-miR-135a,miRNA,11,0,0.0,0.0,0.000146,0.000146,4.9e-05,False,0,0,0,
EGR2,TF,5,0,0.0,0.0,0.000142,0.000142,4.7e-05,True,2,1,1,TRETINOIN
GBP1,Gene,5,0,0.0,0.0,-0.000142,0.000142,4.7e-05,True,1,1,0,FINASTERIDE
POSTN,Gene,6,0,0.0,0.0,-0.000139,0.000139,4.6e-05,True,1,0,0,
hsa-miR-433,miRNA,8,0,0.0,0.0,0.000136,0.000136,4.5e-05,False,0,0,0,
RBPJ,TF,5,0,0.0,0.0,0.000131,0.000131,4.4e-05,False,0,0,0,
hsa-miR-409,miRNA,12,0,0.0,0.0,0.000126,0.000126,4.2e-05,False,0,0,0,
hsa-miR-504,miRNA,3,0,0.0,0.0,0.000125,0.000125,4.2e-05,False,0,0,0,
hsa-miR-362,miRNA,13,0,0.0,0.0,-0.000123,0.000123,4.1e-05,False,0,0,0,
hsa-miR-376b,miRNA,7,0,0.0,0.0,0.000118,0.000118,3.9e-05,False,0,0,0,
ETV5,TF,3,0,0.0,0.0,0.000113,0.000113,3.8e-05,True,1,1,1,TRAMETINIB DIMETHYL SULFOXIDE
CD151,Gene,3,0,0.0,0.0,-0.00011,0.00011,3.7e-05,False,0,0,0,
IRAK2,Gene,16,0,0.0,0.0,-0.000108,0.000108,3.6e-05,False,0,0,0,
STAT5A,Gene,7,0,0.0,0.0,-0.000104,0.000104,3.5e-05,True,3,1,1,TOFACITINIB
TBX3,Gene,17,0,0.0,0.0,-0.000106,0.000106,3.5e-05,False,0,0,0,
hsa-miR-331,miRNA,5,0,0.0,0.0,-0.000101,0.000101,3.4e-05,False,0,0,0,
IRF9,Gene,17,0,0.0,0.0,-0.0001,0.0001,3.3e-05,False,0,0,0,
hsa-miR-496,miRNA,11,0,0.0,0.0,-9.9e-05,9.9e-05,3.3e-05,False,0,0,0,
hsa-miR-154,miRNA,4,0,0.0,0.0,9.5e-05,9.5e-05,3.2e-05,False,0,0,0,
BMP7,Gene,16,0,0.0,0.0,-9.4e-05,9.4e-05,3.1e-05,True,10,10,7,CYCLOPHOSPHAMIDE ANHYDROUS;CYTARABINE;DAUNORUBICIN LIPOSOMAL;DEXAMETHASONE;DOXORUBICIN HYDROCHLORIDE
ACTA2,Gene,9,0,0.0,0.0,-8.8e-05,8.8e-05,2.9e-05,True,33,0,0,
ME1,Gene,7,0,0.0,0.0,-8.6e-05,8.6e-05,2.9e-05,False,0,0,0,
GATA4,TF,3,0,0.0,0.0,8.4e-05,8.4e-05,2.8e-05,True,7,1,1,ACENOCOUMAROL
HSF2,TF,7,0,0.0,0.0,8.1e-05,8.1e-05,2.7e-05,False,0,0,0,
SIX1,TF,7,0,0.0,0.0,8e-05,8e-05,2.7e-05,False,0,0,0,
GLS,Gene,8,0,0.0,0.0,-7.3e-05,7.3e-05,2.4e-05,True,72,22,3,4-AMINOPHENOL;ABATACEPT;AMPICILLIN (ANHYDROUS);BELATACEPT;CEFACLOR ANHYDROUS
SYP,Gene,4,0,0.0,0.0,-7.3e-05,7.3e-05,2.4e-05,True,3,2,0,DIMETHYL SULFOXIDE;PAREGORIC
hsa-miR-543,miRNA,17,0,0.0,0.0,7.3e-05,7.3e-05,2.4e-05,False,0,0,0,
TLX1,TF,13,0,0.0,0.0,7e-05,7e-05,2.3e-05,True,1,0,0,
ZBTB16,TF,7,0,0.0,0.0,7e-05,7e-05,2.3e-05,False,0,0,0,
hsa-miR-4295,miRNA,25,0,0.0,0.0,6.6e-05,6.6e-05,2.2e-05,False,0,0,0,
hsa-miR-544,miRNA,6,0,0.0,0.0,-6.5e-05,6.5e-05,2.2e-05,False,0,0,0,
DBI,Gene,2,0,0.0,0.0,-6.4e-05,6.4e-05,2.1e-05,True,3,0,0,
MECP2,TF,3,0,0.0,0.0,6.3e-05,6.3e-05,2.1e-05,True,4,4,3,CISPLATIN;FLUOROURACIL;MITOXANTRONE;TROFINETIDE
HEY1,TF,3,0,0.0,0.0,6.1e-05,6.1e-05,2e-05,False,0,0,0,
KCTD11,Gene,3,0,0.0,0.0,-5.9e-05,5.9e-05,2e-05,False,0,0,0,
MSC,Gene,2,0,0.0,0.0,-6.1e-05,6.1e-05,2e-05,False,0,0,0,
hsa-miR-668,miRNA,5,0,0.0,0.0,6.1e-05,6.1e-05,2e-05,False,0,0,0,
hsa-miR-708,miRNA,3,0,0.0,0.0,-6e-05,6e-05,2e-05,False,0,0,0,
S100A10,Gene,3,0,0.0,0.0,-5.8e-05,5.8e-05,1.9e-05,True,2,1,1,DEXAMETHASONE
hsa-miR-324,miRNA,4,0,0.0,0.0,5.7e-05,5.7e-05,1.9e-05,False,0,0,0,
hsa-miR-369,miRNA,18,0,0.0,0.0,5.7e-05,5.7e-05,1.9e-05,False,0,0,0,
CHAC1,Gene,10,0,0.0,0.0,-5.4e-05,5.4e-05,1.8e-05,False,0,0,0,
MBD2,TF,3,0,0.0,0.0,5.3e-05,5.3e-05,1.8e-05,False,0,0,0,
ASCL1,Gene,6,0,0.0,0.0,-5.1e-05,5.1e-05,1.7e-05,True,4,0,0,
FHL1,Gene,5,0,0.0,0.0,-5.1e-05,5.1e-05,1.7e-05,True,1,0,0,
MEN1,TF,10,0,0.0,0.0,5.2e-05,5.2e-05,1.7e-05,True,33,6,1,CHLORHEXIDINE HYDROCHLORIDE;METHYLENE BLUE ANHYDROUS;OLSALAZINE;PLERIXAFOR;TANNIC ACID
AHR,TF,8,0,0.0,0.0,4.7e-05,4.7e-05,1.6e-05,True,61,16,0,CARBARIL;CHRYSIN;CLIOQUINOL;GENISTEIN;LEVOTHYROXINE
KLF8,TF,7,0,0.0,0.0,4.9e-05,4.9e-05,1.6e-05,False,0,0,0,
LAPTM4B,Gene,6,0,0.0,0.0,-4.8e-05,4.8e-05,1.6e-05,False,0,0,0,
EGR3,TF,7,0,0.0,0.0,4.5e-05,4.5e-05,1.5e-05,True,9,0,0,
FOXF2,TF,9,0,0.0,0.0,4.5e-05,4.5e-05,1.5e-05,True,1,0,0,
NF1,TF,4,0,0.0,0.0,4.3e-05,4.3e-05,1.4e-05,True,23,18,22,BEVACIZUMAB-AWWB;BINIMETINIB;COBIMETINIB;DABRAFENIB;DASATINIB ANHYDROUS
hsa-miR-329,miRNA,11,0,0.0,0.0,-4.3e-05,4.3e-05,1.4e-05,False,0,0,0,
hsa-miR-487,miRNA,2,0,0.0,0.0,-4.3e-05,4.3e-05,1.4e-05,False,0,0,0,
MT1E,Gene,4,0,0.0,0.0,-3.8e-05,3.8e-05,1.3e-05,True,1,1,0,ACETYLCYSTEINE
REL,TF,9,0,0.0,0.0,4e-05,4e-05,1.3e-05,False,0,0,0,
UBB,Gene,8,0,0.0,0.0,-3.8e-05,3.8e-05,1.3e-05,False,0,0,0,
hsa-miR-1197,miRNA,6,0,0.0,0.0,4e-05,4e-05,1.3e-05,False,0,0,0,
hsa-miR-421,miRNA,6,0,0.0,0.0,4e-05,4e-05,1.3e-05,False,0,0,0,
S100A2,Gene,9,0,0.0,0.0,-3.6e-05,3.6e-05,1.2e-05,True,2,0,0,
IRF3,TF,5,0,0.0,0.0,3.4e-05,3.4e-05,1.1e-05,True,1,0,0,
ERG,TF,5,0,0.0,0.0,3.1e-05,3.1e-05,1e-05,True,13,4,1,DAUNORUBICIN HYDROCHLORIDE;IDARUBICIN;MEDROXYPROGESTERONE ACETATE;PERGOLIDE MESYLATE
HDAC9,TF,3,0,0.0,0.0,3e-05,3e-05,1e-05,True,44,9,17,4-PHENYLBUTYRIC ACID;BELINOSTAT;DAUNORUBICIN LIPOSOMAL;GIVINOSTAT;PANOBINOSTAT
GATA6,TF,8,0,0.0,0.0,2.6e-05,2.6e-05,9e-06,True,1,1,0,MIGLITOL
hsa-miR-410,miRNA,22,0,0.0,0.0,-2.8e-05,2.8e-05,9e-06,False,0,0,0,
HSF1,TF,6,0,0.0,0.0,2.3e-05,2.3e-05,8e-06,True,4,1,1,QUERCETIN
KDM2A,TF,3,0,0.0,0.0,2.5e-05,2.5e-05,8e-06,False,0,0,0,
PAX6,TF,6,0,0.0,0.0,2.3e-05,2.3e-05,8e-06,False,0,0,0,
XBP1,TF,7,0,0.0,2.4e-05,0.0,0.0,8e-06,True,20,3,1,FLUSPIRILENE;PIMOZIDE;VALPROIC ACID
hsa-miR-346,miRNA,7,0,0.0,2.4e-05,0.0,0.0,8e-06,False,0,0,0,
HES1,TF,15,0,0.0,0.0,-2.1e-05,2.1e-05,7e-06,True,1,1,1,TRETINOIN
MYH11,Gene,2,0,0.0,0.0,-2.2e-05,2.2e-05,7e-06,False,0,0,0,
TCF4,TF,13,0,0.0,0.0,-2.1e-05,2.1e-05,7e-06,False,0,0,0,
TGFBI,Gene,7,0,0.0,0.0,-2.2e-05,2.2e-05,7e-06,False,0,0,0,
MAP1LC3A,Gene,2,0,0.0,0.0,-1.7e-05,1.7e-05,6e-06,False,0,0,0,
NFYA,TF,7,0,0.0,0.0,1.5e-05,1.5e-05,5e-06,False,0,0,0,
PITX2,TF,2,0,0.0,0.0,-1.1e-05,1.1e-05,4e-06,False,0,0,0,
RB1,TF,7,0,0.0,0.0,1.1e-05,1.1e-05,4e-06,True,30,17,22,ALPELISIB;CISPLATIN;DECITABINE;FOSTAMATINIB;FULVESTRANT
hsa-miR-299,miRNA,15,0,0.0,0.0,-1.3e-05,1.3e-05,4e-06,False,0,0,0,
BCL6,TF,6,0,0.0,0.0,1e-05,1e-05,3e-06,True,3,2,1,FENRETINIDE;POLATUZUMAB VEDOTIN
CTCF,TF,6,0,0.0,0.0,-8e-06,8e-06,3e-06,False,0,0,0,
MTA1,TF,7,0,0.0,0.0,1e-05,1e-05,3e-06,False,0,0,0,
S100B,Gene,2,0,0.0,0.0,-8e-06,8e-06,3e-06,True,3,1,0,STREPTOZOCIN
hsa-miR-1193,miRNA,9,0,0.0,0.0,9e-06,9e-06,3e-06,False,0,0,0,
hsa-miR-134,miRNA,10,0,0.0,0.0,1e-05,1e-05,3e-06,False,0,0,0,
hsa-miR-377,miRNA,9,0,0.0,0.0,9e-06,9e-06,3e-06,False,0,0,0,
hsa-miR-758,miRNA,9,0,0.0,0.0,9e-06,9e-06,3e-06,False,0,0,0,
ILF3,TF,4,0,0.0,0.0,5e-06,5e-06,2e-06,True,2,2,1,ALDESLEUKIN;CYCLOSPORINE
VHL,TF,7,0,0.0,0.0,-7e-06,7e-06,2e-06,True,28,16,19,AXITINIB;BELZUTIFAN;BEVACIZUMAB-AWWB;CABOZANTINIB S-MALATE;EVEROLIMUS
hsa-miR-411,miRNA,12,0,0.0,0.0,-5e-06,5e-06,2e-06,False,0,0,0,
hsa-miR-499a,miRNA,2,0,0.0,0.0,-5e-06,5e-06,2e-06,False,0,0,0,
VGF,Gene,1,0,0.0,0.0,-3e-06,3e-06,1e-06,False,0,0,0,
CDX1,TF,3,0,0.0,0.0,-1e-06,1e-06,0.0,False,0,0,0,
COL3A1,Gene,10,0,0.0,0.0,,,0.0,True,2,2,0,COLLAGENASE CLOSTRIDIUM HISTOLYTICUM-AAES;OCRIPLASMIN
hsa-miR-379,miRNA,11,0,0.0,0.0,-1e-06,1e-06,0.0,False,0,0,0,
hsa-miR-491,miRNA,3,0,0.0,0.0,-1e-06,1e-06,0.0,False,0,0,0,
