network,layer,stratum,n_edges_tested,n_concordant,concordance_rate,null_concordance_rate,n_null_pairs,excess_over_null,binom_p_vs_null,binom_p_vs_0.5,perm_p_vs_null
3node_miRNA_FFL,analysed network,ALL_sign_annotated,1600,859,0.536875,0.5051875,16000,0.0316875,0.00601456503433817,0.00343181860342764,0.0063993600639936
3node_miRNA_FFL,analysed network,miRNA_target_ALL,1400,734,0.524285714285714,0.500285714285714,14000,0.0239999999999999,0.0384048166799207,0.0733116531866991,0.0392960703929607
3node_miRNA_FFL,analysed network,miRNA_target_strong,326,161,0.493865030674847,0.520552147239264,3260,-0.0266871165644172,0.846117736732778,0.868067908882924,0.834416558344166
3node_miRNA_FFL,analysed network,miRNA_target_weak,720,413,0.573611111111111,0.505833333333333,7200,0.0677777777777777,0.000154828188661911,8.86771236207648e-05,0.0003999600039996
3node_miRNA_FFL,analysed network,miRNA_target_predonly,354,160,0.451977401129944,0.470338983050848,3540,-0.018361581920904,0.771820852465098,0.0792954184680639,0.774422557744226
3node_miRNA_FFL,analysed network,TF_target_Activation,148,104,0.702702702702703,0.594594594594595,1480,0.108108108108108,0.00419600340524888,8.87304676370392e-07,0.0058994100589941
3node_miRNA_FFL,analysed network,TF_target_Repression,52,21,0.403846153846154,0.382692307692308,520,0.0211538461538462,0.427859939346532,0.211608568761516,0.441655834416558
3node_TF_FFL,analysed network,ALL_sign_annotated,1343,733,0.545793000744602,0.512732688011914,13430,0.0330603127326881,0.00823298760557531,0.000864878338220594,0.0073992600739926
3node_TF_FFL,analysed network,miRNA_target_ALL,673,379,0.563150074294205,0.504160475482912,6730,0.0589895988112927,0.00123849632475329,0.00118783176638408,0.0014998500149985
3node_TF_FFL,analysed network,miRNA_target_strong,165,91,0.551515151515152,0.531515151515152,1650,0.02,0.331666569330863,0.212785797011521,0.332366763323668
3node_TF_FFL,analysed network,miRNA_target_weak,367,222,0.604904632152589,0.500272479564033,3670,0.104632152588556,3.58993901935605e-05,6.87258785820424e-05,9.99900009999e-05
3node_TF_FFL,analysed network,miRNA_target_predonly,141,66,0.468085106382979,0.482269503546099,1410,-0.0141843971631205,0.662870748540813,0.500629264525242,0.660833916608339
3node_TF_FFL,analysed network,TF_target_Activation,141,101,0.716312056737589,0.591489361702128,1410,0.124822695035461,0.00141383411043082,2.87497996101875e-07,0.002999700029997
3node_TF_FFL,analysed network,TF_target_Repression,49,20,0.408163265306122,0.379591836734694,490,0.0285714285714286,0.391436096876104,0.252869730167604,0.401659834016598
3node_TF_FFL,analysed network,TF_miRNA_Activation,307,159,0.517915309446254,0.510097719869707,3070,0.00781758957654721,0.414299595781297,0.568253902676755,0.420657934206579
3node_TF_FFL,analysed network,TF_miRNA_Repression,173,74,0.427745664739884,0.524277456647399,1730,-0.0965317919075145,0.995586101949477,0.0677384629115694,0.994800519948005
3node_composite_FFL,analysed network,ALL_sign_annotated,1889,993,0.525674960296453,0.507093700370566,18890,0.0185812599258867,0.0556240845599592,0.0271626473859008,0.0630936906309369
3node_composite_FFL,analysed network,miRNA_target_ALL,1221,641,0.524979524979525,0.4995904995905,12210,0.0253890253890253,0.0404108417237461,0.0859207464372707,0.0480951904809519
3node_composite_FFL,analysed network,miRNA_target_strong,290,139,0.479310344827586,0.521724137931034,2900,-0.0424137931034482,0.933731894822334,0.518387424627592,0.929307069293071
3node_composite_FFL,analysed network,miRNA_target_weak,628,360,0.573248407643312,0.504458598726115,6280,0.0687898089171974,0.000319998666433399,0.000275604823680708,0.0007999200079992
3node_composite_FFL,analysed network,miRNA_target_predonly,303,142,0.468646864686469,0.468316831683168,3030,0.000330033003300312,0.517875991129085,0.30109338860935,0.51964803519648
3node_composite_FFL,analysed network,TF_target_Activation,139,99,0.712230215827338,0.589928057553957,1390,0.122302158273381,0.00188178802640839,5.95541996168302e-07,0.0037996200379962
3node_composite_FFL,analysed network,TF_target_Repression,49,20,0.408163265306122,0.379591836734694,490,0.0285714285714286,0.391436096876104,0.252869730167604,0.4000599940006
3node_composite_FFL,analysed network,TF_miRNA_Activation,307,159,0.517915309446254,0.510097719869707,3070,0.00781758957654721,0.414299595781297,0.568253902676755,0.41975802419758
3node_composite_FFL,analysed network,TF_miRNA_Repression,173,74,0.427745664739884,0.524277456647399,1730,-0.0965317919075145,0.995586101949477,0.0677384629115694,0.993900609939006
4node_miRNA_FFL,analysed network,ALL_sign_annotated,929,483,0.519913885898816,0.531216361679225,9290,-0.011302475780409,0.765314584850831,0.237537809167306,0.762623737626237
4node_miRNA_FFL,analysed network,miRNA_target_ALL,833,423,0.507803121248499,0.528211284513806,8330,-0.0204081632653061,0.887695163278681,0.67759962335983,0.878812118788121
4node_miRNA_FFL,analysed network,miRNA_target_strong,193,97,0.50259067357513,0.557512953367876,1930,-0.0549222797927461,0.945796591806118,1,0.94010598940106
4node_miRNA_FFL,analysed network,miRNA_target_weak,399,229,0.573934837092732,0.537092731829574,3990,0.0368421052631579,0.076745481107635,0.00363548073966217,0.0813918608139186
4node_miRNA_FFL,analysed network,miRNA_target_predonly,241,97,0.402489626556017,0.490041493775934,2410,-0.087551867219917,0.997387489171517,0.00296641988898812,0.997000299970003
4node_miRNA_FFL,analysed network,TF_target_Activation,74,56,0.756756756756757,0.587837837837838,740,0.168918918918919,0.00179422671592907,1.10911462105574e-05,0.0025997400259974
4node_miRNA_FFL,analysed network,TF_target_Repression,22,4,0.181818181818182,0.454545454545455,220,-0.272727272727273,0.998268353928099,0.00434350967407227,0.997900209979002
4node_TF_FFL,analysed network,ALL_sign_annotated,724,379,0.523480662983426,0.534116022099448,7240,-0.0106353591160221,0.729536675353664,0.220008198542823,0.724427557244276
4node_TF_FFL,analysed network,miRNA_target_ALL,316,171,0.541139240506329,0.547784810126582,3160,-0.0066455696202532,0.616172476057138,0.159509850909956,0.615638436156384
4node_TF_FFL,analysed network,miRNA_target_strong,87,51,0.586206896551724,0.587356321839081,870,-0.0011494252873564,0.554405463793427,0.132901885195462,0.554344565543446
4node_TF_FFL,analysed network,miRNA_target_weak,151,93,0.615894039735099,0.555629139072848,1510,0.0602649006622517,0.0789331975179005,0.00548246878576059,0.0943905609439056
4node_TF_FFL,analysed network,miRNA_target_predonly,78,27,0.346153846153846,0.488461538461538,780,-0.142307692307692,0.995976946619063,0.00877171445706016,0.995700429957004
4node_TF_FFL,analysed network,TF_target_Activation,66,49,0.742424242424242,0.58030303030303,660,0.162121212121212,0.00462092068184066,0.000101477123167989,0.0066993300669933
4node_TF_FFL,analysed network,TF_target_Repression,20,4,0.2,0.465,200,-0.265,0.996640115745741,0.0118179321289063,0.995800419958004
4node_TF_FFL,analysed network,TF_miRNA_Activation,203,101,0.497536945812808,0.511330049261084,2030,-0.0137931034482758,0.678538218206362,1,0.674732526747325
4node_TF_FFL,analysed network,TF_miRNA_Repression,119,54,0.453781512605042,0.522689075630252,1190,-0.0689075630252101,0.944786338284974,0.359358263905111,0.936706329367063
4node_composite_FFL,analysed network,ALL_sign_annotated,1095,563,0.514155251141553,0.527853881278539,10950,-0.0136986301369864,0.825963312269883,0.364626585580633,0.824317568243176
4node_composite_FFL,analysed network,miRNA_target_ALL,687,355,0.516739446870451,0.530422125181951,6870,-0.0136826783114993,0.775508546315863,0.401288607810013,0.767123287671233
4node_composite_FFL,analysed network,miRNA_target_strong,155,79,0.509677419354839,0.573548387096774,1550,-0.0638709677419356,0.95385747451709,0.872440802604627,0.946205379462054
4node_composite_FFL,analysed network,miRNA_target_weak,330,193,0.584848484848485,0.533333333333333,3300,0.0515151515151515,0.0340320940032443,0.00241369152902151,0.0377962203779622
4node_composite_FFL,analysed network,miRNA_target_predonly,202,83,0.410891089108911,0.492574257425743,2020,-0.0816831683168317,0.991777314011722,0.0135950394172122,0.99050094990501
4node_composite_FFL,analysed network,TF_target_Activation,66,49,0.742424242424242,0.58030303030303,660,0.162121212121212,0.00462092068184066,0.000101477123167989,0.0078992100789921
4node_composite_FFL,analysed network,TF_target_Repression,20,4,0.2,0.465,200,-0.265,0.996640115745741,0.0118179321289063,0.997100289971003
4node_composite_FFL,analysed network,TF_miRNA_Activation,203,101,0.497536945812808,0.511330049261084,2030,-0.0137931034482758,0.678538218206362,1,0.668433156684332
4node_composite_FFL,analysed network,TF_miRNA_Repression,119,54,0.453781512605042,0.522689075630252,1190,-0.0689075630252101,0.944786338284974,0.359358263905111,0.935706429357064
5node_miRNA_FFL,analysed network,ALL_sign_annotated,523,303,0.579349904397706,0.534990439770555,5230,0.044359464627151,0.0230715479516429,0.000327590830523235,0.0278972102789721
5node_miRNA_FFL,analysed network,miRNA_target_ALL,458,266,0.580786026200873,0.529912663755459,4580,0.0508733624454148,0.0162050848962877,0.000631462526044968,0.0204979502049795
5node_miRNA_FFL,analysed network,miRNA_target_strong,99,61,0.616161616161616,0.556565656565657,990,0.0595959595959595,0.137111570902122,0.0265251068483944,0.146585341465853
5node_miRNA_FFL,analysed network,miRNA_target_weak,243,159,0.654320987654321,0.538271604938272,2430,0.116049382716049,0.000159694691899827,1.72360300207442e-06,0.0003999600039996
5node_miRNA_FFL,analysed network,miRNA_target_predonly,116,46,0.396551724137931,0.489655172413793,1160,-0.093103448275862,0.982408114828256,0.0322720207330931,0.980501949805019
5node_miRNA_FFL,analysed network,TF_target_Activation,49,34,0.693877551020408,0.602040816326531,490,0.0918367346938775,0.120596217250457,0.00939924152387309,0.12968703129687
5node_miRNA_FFL,analysed network,TF_target_Repression,16,3,0.1875,0.475,160,-0.2875,0.996212628553242,0.021270751953125,0.995600439956004
5node_TF_FFL,analysed network,ALL_sign_annotated,438,237,0.541095890410959,0.539954337899543,4380,0.00114155251141557,0.50050989987285,0.094339713633789,0.505349465053495
5node_TF_FFL,analysed network,miRNA_target_ALL,192,121,0.630208333333333,0.549479166666667,1920,0.0807291666666668,0.0143167991459881,0.000378905476239993,0.0168983101689831
5node_TF_FFL,analysed network,miRNA_target_strong,43,33,0.767441860465116,0.618604651162791,430,0.148837209302326,0.0290210044907791,0.000606106631266814,0.0396960303969603
5node_TF_FFL,analysed network,miRNA_target_weak,103,77,0.747572815533981,0.556310679611651,1030,0.19126213592233,4.64318933378686e-05,4.94547981732638e-07,0.0002999700029997
5node_TF_FFL,analysed network,miRNA_target_predonly,46,11,0.239130434782609,0.469565217391304,460,-0.230434782608696,0.999634139951469,0.000535585072100278,0.999600039996001
5node_TF_FFL,analysed network,TF_target_Activation,46,32,0.695652173913044,0.595652173913044,460,0.1,0.107816281930675,0.0113515914367781,0.119388061193881
5node_TF_FFL,analysed network,TF_target_Repression,16,3,0.1875,0.475,160,-0.2875,0.996212628553242,0.021270751953125,0.995700429957004
5node_TF_FFL,analysed network,TF_miRNA_Activation,114,52,0.456140350877193,0.51140350877193,1140,-0.0552631578947369,0.898706671796595,0.399373186880539,0.887511248875113
5node_TF_FFL,analysed network,TF_miRNA_Repression,70,29,0.414285714285714,0.538571428571429,700,-0.124285714285714,0.986238610278199,0.188216203023029,0.981701829817018
5node_composite_FFL,analysed network,ALL_sign_annotated,643,342,0.531881804043546,0.533125972006221,6430,-0.0012441679626749,0.541260853291275,0.11462297337487,0.541945805419458
5node_composite_FFL,analysed network,miRNA_target_ALL,397,226,0.569269521410579,0.533501259445844,3970,0.0357682619647355,0.0838636307453919,0.00665132258440392,0.0892910708929107
5node_composite_FFL,analysed network,miRNA_target_strong,84,51,0.607142857142857,0.573809523809524,840,0.0333333333333333,0.307478796609248,0.0629722570361699,0.317468253174683
5node_composite_FFL,analysed network,miRNA_target_weak,210,135,0.642857142857143,0.535714285714286,2100,0.107142857142857,0.00107619857341741,4.17998675848763e-05,0.0018998100189981
5node_composite_FFL,analysed network,miRNA_target_predonly,103,40,0.388349514563107,0.496116504854369,1030,-0.107766990291262,0.989136053520167,0.0296822146316267,0.987001299870013
5node_composite_FFL,analysed network,TF_target_Activation,46,32,0.695652173913044,0.595652173913044,460,0.1,0.107816281930675,0.0113515914367781,0.125587441255874
5node_composite_FFL,analysed network,TF_target_Repression,16,3,0.1875,0.475,160,-0.2875,0.996212628553242,0.021270751953125,0.995000499950005
5node_composite_FFL,analysed network,TF_miRNA_Activation,114,52,0.456140350877193,0.51140350877193,1140,-0.0552631578947369,0.898706671796595,0.399373186880539,0.884711528847115
5node_composite_FFL,analysed network,TF_miRNA_Repression,70,29,0.414285714285714,0.538571428571429,700,-0.124285714285714,0.986238610278199,0.188216203023029,0.981001899810019
6node_miRNA_FFL,analysed network,ALL_sign_annotated,997,530,0.531594784353059,0.519157472417252,9970,0.0124373119358074,0.225392913099015,0.0495267453659832,0.232376762323768
6node_miRNA_FFL,analysed network,miRNA_target_ALL,859,441,0.513387660069849,0.513271245634459,8590,0.000116414435390011,0.511011214148436,0.452894383721794,0.508349165083492
6node_miRNA_FFL,analysed network,miRNA_target_strong,189,97,0.513227513227513,0.529100529100529,1890,-0.0158730158730158,0.695296682527685,0.771174622703929,0.690630936906309
6node_miRNA_FFL,analysed network,miRNA_target_weak,418,242,0.578947368421053,0.536842105263158,4180,0.0421052631578948,0.0464639647947939,0.0014471552884059,0.0510948905109489
6node_miRNA_FFL,analysed network,miRNA_target_predonly,252,102,0.404761904761905,0.462301587301587,2520,-0.0575396825396826,0.971351263301491,0.00299334834629664,0.965203479652035
6node_miRNA_FFL,analysed network,TF_target_Activation,101,74,0.732673267326733,0.604950495049505,1010,0.127722772277228,0.00498081440892411,3.17988763104618e-06,0.0067993200679932
6node_miRNA_FFL,analysed network,TF_target_Repression,37,15,0.405405405405405,0.421621621621622,370,-0.0162162162162162,0.639750248062154,0.324008600087836,0.63993600639936
6node_TF_FFL,analysed network,ALL_sign_annotated,844,462,0.54739336492891,0.526895734597157,8440,0.0204976303317536,0.123332529125214,0.00650819490446343,0.132386761323868
6node_TF_FFL,analysed network,miRNA_target_ALL,325,191,0.587692307692308,0.509230769230769,3250,0.0784615384615385,0.00270877485334075,0.00185017896549304,0.0036996300369963
6node_TF_FFL,analysed network,miRNA_target_strong,65,49,0.753846153846154,0.546153846153846,650,0.207692307692308,0.000446779116778679,5.08476704879017e-05,0.0004999500049995
6node_TF_FFL,analysed network,miRNA_target_weak,163,114,0.699386503067485,0.537423312883436,1630,0.161963190184049,1.77253899634764e-05,3.80530854155619e-07,9.99900009999e-05
6node_TF_FFL,analysed network,miRNA_target_predonly,97,28,0.288659793814433,0.437113402061856,970,-0.148453608247423,0.999069456592083,3.80379480575532e-05,0.999300069993001
6node_TF_FFL,analysed network,TF_target_Activation,93,69,0.741935483870968,0.591397849462366,930,0.150537634408602,0.00176622519508028,3.30289410703593e-06,0.0028997100289971
6node_TF_FFL,analysed network,TF_target_Repression,27,13,0.481481481481482,0.47037037037037,270,0.0111111111111111,0.529103878018541,1,0.541745825417458
6node_TF_FFL,analysed network,TF_miRNA_Activation,275,145,0.527272727272727,0.518909090909091,2750,0.00836363636363635,0.414316820778546,0.398581701825194,0.421057894210579
6node_TF_FFL,analysed network,TF_miRNA_Repression,124,44,0.354838709677419,0.554838709677419,1240,-0.2,0.999997531421165,0.00156473402616966,0.999900009999
6node_composite_FFL,analysed network,ALL_sign_annotated,633,305,0.481832543443918,0.525276461295419,6330,-0.0434439178515008,0.987031577413181,0.381903644079668,0.983901609839016
6node_composite_FFL,analysed network,miRNA_target_ALL,400,200,0.5,0.526,4000,-0.026,0.862441683232561,1,0.851014898510149
6node_composite_FFL,analysed network,miRNA_target_strong,107,49,0.457943925233645,0.541121495327103,1070,-0.083177570093458,0.965679081024197,0.439440101779083,0.962403759624038
6node_composite_FFL,analysed network,miRNA_target_weak,206,121,0.587378640776699,0.532038834951456,2060,0.0553398058252427,0.0636534628268701,0.0145458488214282,0.0732926707329267
6node_composite_FFL,analysed network,miRNA_target_predonly,87,30,0.344827586206897,0.493103448275862,870,-0.148275862068965,0.998122240474986,0.00501359890014637,0.998000199980002
6node_composite_FFL,analysed network,TF_target_Activation,44,30,0.681818181818182,0.579545454545455,440,0.102272727272727,0.109920449108568,0.0226288412059148,0.127187281271873
6node_composite_FFL,analysed network,TF_target_Repression,11,4,0.363636363636364,0.427272727272727,110,-0.0636363636363636,0.764405164159199,0.548828125,0.767423257674233
6node_composite_FFL,analysed network,TF_miRNA_Activation,115,58,0.504347826086957,0.495652173913044,1150,0.00869565217391299,0.462770975441485,1,0.452254774522548
6node_composite_FFL,analysed network,TF_miRNA_Repression,63,13,0.206349206349206,0.553968253968254,630,-0.347619047619048,0.999999996428421,3.01595208464233e-06,1
6node_miRNA_FFL,TRRUST layer (computed here),TF_target_Activation,70,48,0.685714285714286,0.56,700,0.125714285714286,0.0216340013652579,0.00254756489825396,0.0254974502549745
6node_miRNA_FFL,TRRUST layer (computed here),TF_target_Repression,56,23,0.410714285714286,0.421428571428571,560,-0.0107142857142857,0.61437398945238,0.228805541234357,0.614838516148385
6node_TF_FFL,TRRUST layer (computed here),TF_target_Activation,68,45,0.661764705882353,0.564705882352941,680,0.0970588235294118,0.0666732215125624,0.0103376611936955,0.0751924807519248
6node_TF_FFL,TRRUST layer (computed here),TF_target_Repression,65,29,0.446153846153846,0.390769230769231,650,0.0553846153846154,0.214399538806859,0.45702078541059,0.227477252274773
6node_composite_FFL,TRRUST layer (computed here),TF_target_Activation,19,12,0.631578947368421,0.573684210526316,190,0.0578947368421052,0.395007289635803,0.359283447265625,0.408859114088591
6node_composite_FFL,TRRUST layer (computed here),TF_target_Repression,18,7,0.388888888888889,0.333333333333333,180,0.0555555555555556,0.391489653506684,0.480682373046875,0.406459354064594
