network,name,type,paper_rank_overall,rank_overall,rank_change_overall,direction
3node_miRNA_FFL,hsa-miR-1193,miRNA,480,363,117,up
3node_miRNA_FFL,hsa-miR-485,miRNA,284,195,89,up
3node_miRNA_FFL,hsa-miR-377,miRNA,296,212,84,up
3node_miRNA_FFL,hsa-miR-487a,miRNA,466,384,82,up
3node_miRNA_FFL,hsa-miR-329,miRNA,432,354,78,up
3node_miRNA_FFL,hsa-miR-758,miRNA,248,171,77,up
3node_miRNA_FFL,hsa-miR-299,miRNA,425,350,75,up
3node_miRNA_FFL,hsa-miR-382,miRNA,472,397,75,up
3node_miRNA_FFL,hsa-miR-134,miRNA,423,349,74,up
3node_miRNA_FFL,hsa-miR-99a,miRNA,268,205,63,up
3node_miRNA_FFL,hsa-miR-543,miRNA,171,112,59,up
3node_miRNA_FFL,hsa-miR-379,miRNA,203,144,59,up
3node_miRNA_FFL,hsa-miR-133a,miRNA,163,105,58,up
3node_miRNA_FFL,hsa-miR-154,miRNA,199,141,58,up
3node_miRNA_FFL,hsa-miR-146a,miRNA,215,272,-57,down
3node_miRNA_FFL,hsa-miR-99b,miRNA,167,111,56,up
3node_miRNA_FFL,hsa-miR-376a,miRNA,391,336,55,up
3node_miRNA_FFL,hsa-miR-496,miRNA,396,341,55,up
3node_miRNA_FFL,hsa-miR-371a,miRNA,451,396,55,up
3node_miRNA_FFL,hsa-miR-411,miRNA,186,132,54,up
3node_miRNA_FFL,hsa-miR-495,miRNA,271,217,54,up
3node_miRNA_FFL,hsa-miR-369,miRNA,386,332,54,up
3node_miRNA_FFL,hsa-miR-191,miRNA,426,372,54,up
3node_miRNA_FFL,hsa-miR-125a,miRNA,177,124,53,up
3node_miRNA_FFL,hsa-miR-431,miRNA,441,388,53,up
3node_miRNA_FFL,hsa-miR-125b,miRNA,86,138,-52,down
3node_miRNA_FFL,hsa-miR-410,miRNA,375,325,50,up
3node_TF_FFL,hsa-miR-1193,miRNA,480,363,117,up
3node_TF_FFL,hsa-miR-485,miRNA,284,195,89,up
3node_TF_FFL,hsa-miR-377,miRNA,296,211,85,up
3node_TF_FFL,hsa-miR-487a,miRNA,466,384,82,up
3node_TF_FFL,hsa-miR-329,miRNA,432,354,78,up
3node_TF_FFL,hsa-miR-758,miRNA,248,171,77,up
3node_TF_FFL,hsa-miR-134,miRNA,423,348,75,up
3node_TF_FFL,hsa-miR-299,miRNA,425,350,75,up
3node_TF_FFL,hsa-miR-382,miRNA,472,397,75,up
3node_TF_FFL,hsa-miR-99a,miRNA,268,201,67,up
3node_TF_FFL,hsa-miR-99b,miRNA,167,103,64,up
3node_TF_FFL,hsa-miR-543,miRNA,171,108,63,up
3node_TF_FFL,hsa-miR-125a,miRNA,177,116,61,up
3node_TF_FFL,hsa-miR-379,miRNA,203,142,61,up
3node_TF_FFL,hsa-miR-154,miRNA,199,140,59,up
3node_TF_FFL,hsa-miR-146a,miRNA,215,271,-56,down
3node_TF_FFL,hsa-miR-376a,miRNA,391,335,56,up
3node_TF_FFL,hsa-miR-371a,miRNA,451,395,56,up
3node_TF_FFL,hsa-miR-411,miRNA,186,131,55,up
3node_TF_FFL,hsa-miR-191,miRNA,426,371,55,up
3node_TF_FFL,hsa-miR-495,miRNA,271,217,54,up
3node_TF_FFL,VDR,TF,166,220,-54,down
3node_TF_FFL,hsa-miR-369,miRNA,386,332,54,up
3node_TF_FFL,hsa-miR-496,miRNA,396,342,54,up
3node_TF_FFL,hsa-miR-431,miRNA,441,389,52,up
3node_TF_FFL,hsa-miR-410,miRNA,375,324,51,up
3node_TF_FFL,hsa-miR-125b,miRNA,86,136,-50,down
3node_composite_FFL,hsa-miR-1193,miRNA,480,363,117,up
3node_composite_FFL,hsa-miR-485,miRNA,284,196,88,up
3node_composite_FFL,hsa-miR-377,miRNA,296,211,85,up
3node_composite_FFL,hsa-miR-487a,miRNA,466,384,82,up
3node_composite_FFL,hsa-miR-329,miRNA,432,354,78,up
3node_composite_FFL,hsa-miR-758,miRNA,248,171,77,up
3node_composite_FFL,hsa-miR-134,miRNA,423,348,75,up
3node_composite_FFL,hsa-miR-299,miRNA,425,350,75,up
3node_composite_FFL,hsa-miR-382,miRNA,472,398,74,up
3node_composite_FFL,hsa-miR-99a,miRNA,268,201,67,up
3node_composite_FFL,hsa-miR-99b,miRNA,167,102,65,up
3node_composite_FFL,hsa-miR-543,miRNA,171,108,63,up
3node_composite_FFL,hsa-miR-379,miRNA,203,142,61,up
3node_composite_FFL,hsa-miR-125a,miRNA,177,117,60,up
3node_composite_FFL,hsa-miR-154,miRNA,199,141,58,up
3node_composite_FFL,hsa-miR-146a,miRNA,215,271,-56,down
3node_composite_FFL,hsa-miR-376a,miRNA,391,335,56,up
3node_composite_FFL,hsa-miR-371a,miRNA,451,395,56,up
3node_composite_FFL,hsa-miR-411,miRNA,186,131,55,up
3node_composite_FFL,hsa-miR-191,miRNA,426,371,55,up
3node_composite_FFL,hsa-miR-495,miRNA,271,217,54,up
3node_composite_FFL,VDR,TF,166,220,-54,down
3node_composite_FFL,hsa-miR-369,miRNA,386,332,54,up
3node_composite_FFL,hsa-miR-496,miRNA,396,342,54,up
3node_composite_FFL,hsa-miR-431,miRNA,441,389,52,up
3node_composite_FFL,hsa-miR-410,miRNA,375,324,51,up
3node_composite_FFL,hsa-miR-125b,miRNA,86,136,-50,down
4node_miRNA_FFL,hsa-miR-1193,miRNA,480,358,122,up
4node_miRNA_FFL,hsa-miR-485,miRNA,284,197,87,up
4node_miRNA_FFL,hsa-miR-377,miRNA,296,209,87,up
4node_miRNA_FFL,hsa-miR-487a,miRNA,466,384,82,up
4node_miRNA_FFL,hsa-miR-329,miRNA,432,353,79,up
4node_miRNA_FFL,hsa-miR-134,miRNA,423,347,76,up
4node_miRNA_FFL,hsa-miR-299,miRNA,425,350,75,up
4node_miRNA_FFL,hsa-miR-758,miRNA,248,174,74,up
4node_miRNA_FFL,hsa-miR-382,miRNA,472,398,74,up
4node_miRNA_FFL,PTHLH,Gene,400,474,-74,down
4node_miRNA_FFL,hsa-miR-146b,miRNA,398,467,-69,down
4node_miRNA_FFL,FAS,Gene,222,289,-67,down
4node_miRNA_FFL,TERT,Gene,245,310,-65,down
4node_miRNA_FFL,CDCA7,Gene,407,471,-64,down
4node_miRNA_FFL,LIF,Gene,340,277,63,up
4node_miRNA_FFL,hsa-miR-411,miRNA,186,124,62,up
4node_miRNA_FFL,hsa-miR-154,miRNA,199,138,61,up
4node_miRNA_FFL,HRK,Gene,336,275,61,up
4node_miRNA_FFL,hsa-miR-191,miRNA,426,365,61,up
4node_miRNA_FFL,MYBL1,Gene,355,416,-61,down
4node_miRNA_FFL,ELF4,Gene,368,428,-60,down
4node_miRNA_FFL,hsa-miR-133a,miRNA,163,104,59,up
4node_miRNA_FFL,hsa-miR-543,miRNA,171,112,59,up
4node_miRNA_FFL,hsa-miR-379,miRNA,203,144,59,up
4node_miRNA_FFL,MAP3K1,Gene,345,404,-59,down
4node_miRNA_FFL,OXTR,Gene,267,325,-58,down
4node_miRNA_FFL,VEGFA,Gene,80,137,-57,down
4node_miRNA_FFL,hsa-miR-495,miRNA,271,214,57,up
4node_miRNA_FFL,UGCG,Gene,180,237,-57,down
4node_miRNA_FFL,hsa-miR-496,miRNA,396,339,57,up
4node_miRNA_FFL,hsa-miR-99b,miRNA,167,111,56,up
4node_miRNA_FFL,hsa-miR-376a,miRNA,391,335,56,up
4node_miRNA_FFL,hsa-miR-369,miRNA,386,331,55,up
4node_miRNA_FFL,BACE1,Gene,105,158,-53,down
4node_miRNA_FFL,PTGER4,Gene,204,257,-53,down
4node_miRNA_FFL,hsa-miR-410,miRNA,375,322,53,up
4node_miRNA_FFL,hsa-miR-99a,miRNA,268,217,51,up
4node_miRNA_FFL,SPARC,Gene,324,273,51,up
4node_miRNA_FFL,LPL,Gene,251,302,-51,down
4node_miRNA_FFL,hsa-miR-133b,miRNA,218,168,50,up
4node_miRNA_FFL,COL7A1,Gene,270,320,-50,down
4node_TF_FFL,hsa-miR-1193,miRNA,480,375,105,up
4node_TF_FFL,hsa-miR-485,miRNA,284,203,81,up
4node_TF_FFL,hsa-miR-377,miRNA,296,217,79,up
4node_TF_FFL,hsa-miR-329,miRNA,432,357,75,up
4node_TF_FFL,hsa-miR-134,miRNA,423,350,73,up
4node_TF_FFL,hsa-miR-299,miRNA,425,352,73,up
4node_TF_FFL,PTHLH,Gene,400,473,-73,down
4node_TF_FFL,hsa-miR-758,miRNA,248,176,72,up
4node_TF_FFL,hsa-miR-487a,miRNA,466,394,72,up
4node_TF_FFL,TERT,Gene,245,313,-68,down
4node_TF_FFL,hsa-miR-146b,miRNA,398,466,-68,down
4node_TF_FFL,FAS,Gene,222,288,-66,down
4node_TF_FFL,hsa-miR-191,miRNA,426,362,64,up
4node_TF_FFL,hsa-miR-382,miRNA,472,408,64,up
4node_TF_FFL,CDCA7,Gene,407,471,-64,down
4node_TF_FFL,hsa-miR-99b,miRNA,167,105,62,up
4node_TF_FFL,hsa-miR-125a,miRNA,177,115,62,up
4node_TF_FFL,HRK,Gene,336,275,61,up
4node_TF_FFL,MYBL1,Gene,355,415,-60,down
4node_TF_FFL,hsa-miR-128,miRNA,200,259,-59,down
4node_TF_FFL,LIF,Gene,340,281,59,up
4node_TF_FFL,ELF4,Gene,368,427,-59,down
4node_TF_FFL,hsa-miR-543,miRNA,171,113,58,up
4node_TF_FFL,OXTR,Gene,267,324,-57,down
4node_TF_FFL,MAP3K1,Gene,345,402,-57,down
4node_TF_FFL,VEGFA,Gene,80,135,-55,down
4node_TF_FFL,hsa-miR-99a,miRNA,268,213,55,up
4node_TF_FFL,hsa-miR-411,miRNA,186,132,54,up
4node_TF_FFL,UGCG,Gene,180,234,-54,down
4node_TF_FFL,SPARC,Gene,324,270,54,up
4node_TF_FFL,hsa-miR-154,miRNA,199,146,53,up
4node_TF_FFL,hsa-miR-379,miRNA,203,150,53,up
4node_TF_FFL,BACE1,Gene,105,157,-52,down
4node_TF_FFL,PTGER4,Gene,204,256,-52,down
4node_TF_FFL,hsa-miR-369,miRNA,386,334,52,up
4node_TF_FFL,hsa-miR-376a,miRNA,391,340,51,up
4node_TF_FFL,hsa-miR-496,miRNA,396,345,51,up
4node_TF_FFL,hsa-miR-133b,miRNA,218,168,50,up
4node_TF_FFL,ATF3,TF,149,199,-50,down
4node_TF_FFL,hsa-miR-495,miRNA,271,221,50,up
4node_TF_FFL,COL7A1,Gene,270,320,-50,down
4node_composite_FFL,hsa-miR-1193,miRNA,480,374,106,up
4node_composite_FFL,hsa-miR-485,miRNA,284,203,81,up
4node_composite_FFL,hsa-miR-377,miRNA,296,217,79,up
4node_composite_FFL,hsa-miR-329,miRNA,432,357,75,up
4node_composite_FFL,hsa-miR-134,miRNA,423,350,73,up
4node_composite_FFL,hsa-miR-299,miRNA,425,352,73,up
4node_composite_FFL,hsa-miR-758,miRNA,248,176,72,up
4node_composite_FFL,hsa-miR-487a,miRNA,466,394,72,up
4node_composite_FFL,PTHLH,Gene,400,472,-72,down
4node_composite_FFL,TERT,Gene,245,313,-68,down
4node_composite_FFL,hsa-miR-146b,miRNA,398,465,-67,down
4node_composite_FFL,FAS,Gene,222,288,-66,down
4node_composite_FFL,hsa-miR-191,miRNA,426,361,65,up
4node_composite_FFL,hsa-miR-382,miRNA,472,408,64,up
4node_composite_FFL,CDCA7,Gene,407,470,-63,down
4node_composite_FFL,hsa-miR-99b,miRNA,167,105,62,up
4node_composite_FFL,hsa-miR-125a,miRNA,177,115,62,up
4node_composite_FFL,HRK,Gene,336,275,61,up
4node_composite_FFL,MYBL1,Gene,355,415,-60,down
4node_composite_FFL,hsa-miR-128,miRNA,200,259,-59,down
4node_composite_FFL,ELF4,Gene,368,427,-59,down
4node_composite_FFL,hsa-miR-543,miRNA,171,113,58,up
4node_composite_FFL,LIF,Gene,340,282,58,up
4node_composite_FFL,OXTR,Gene,267,324,-57,down
4node_composite_FFL,MAP3K1,Gene,345,402,-57,down
4node_composite_FFL,VEGFA,Gene,80,135,-55,down
4node_composite_FFL,hsa-miR-99a,miRNA,268,213,55,up
4node_composite_FFL,hsa-miR-411,miRNA,186,132,54,up
4node_composite_FFL,UGCG,Gene,180,234,-54,down
4node_composite_FFL,hsa-miR-154,miRNA,199,146,53,up
4node_composite_FFL,hsa-miR-379,miRNA,203,150,53,up
4node_composite_FFL,BACE1,Gene,105,157,-52,down
4node_composite_FFL,PTGER4,Gene,204,256,-52,down
4node_composite_FFL,SPARC,Gene,324,272,52,up
4node_composite_FFL,hsa-miR-369,miRNA,386,334,52,up
4node_composite_FFL,hsa-miR-376a,miRNA,391,339,52,up
4node_composite_FFL,hsa-miR-133b,miRNA,218,167,51,up
4node_composite_FFL,hsa-miR-496,miRNA,396,345,51,up
4node_composite_FFL,hsa-miR-495,miRNA,271,221,50,up
4node_composite_FFL,COL7A1,Gene,270,320,-50,down
5node_miRNA_FFL,hsa-miR-1193,miRNA,480,351,129,up
5node_miRNA_FFL,hsa-miR-485,miRNA,284,190,94,up
5node_miRNA_FFL,hsa-miR-377,miRNA,296,204,92,up
5node_miRNA_FFL,hsa-miR-758,miRNA,248,161,87,up
5node_miRNA_FFL,hsa-miR-487a,miRNA,466,379,87,up
5node_miRNA_FFL,hsa-miR-134,miRNA,423,340,83,up
5node_miRNA_FFL,hsa-miR-329,miRNA,432,349,83,up
5node_miRNA_FFL,hsa-miR-299,miRNA,425,344,81,up
5node_miRNA_FFL,hsa-miR-382,miRNA,472,391,81,up
5node_miRNA_FFL,hsa-miR-411,miRNA,186,113,73,up
5node_miRNA_FFL,hsa-miR-379,miRNA,203,131,72,up
5node_miRNA_FFL,hsa-miR-154,miRNA,199,130,69,up
5node_miRNA_FFL,hsa-miR-543,miRNA,171,103,68,up
5node_miRNA_FFL,LIF,Gene,340,275,65,up
5node_miRNA_FFL,hsa-miR-495,miRNA,271,209,62,up
5node_miRNA_FFL,hsa-let-7e,miRNA,219,281,-62,down
5node_miRNA_FFL,PTHLH,Gene,400,462,-62,down
5node_miRNA_FFL,hsa-miR-376a,miRNA,391,330,61,up
5node_miRNA_FFL,hsa-miR-369,miRNA,386,326,60,up
5node_miRNA_FFL,hsa-miR-496,miRNA,396,336,60,up
5node_miRNA_FFL,hsa-miR-410,miRNA,375,316,59,up
5node_miRNA_FFL,hsa-miR-199a,miRNA,102,160,-58,down
5node_miRNA_FFL,hsa-miR-34c,miRNA,260,318,-58,down
5node_miRNA_FFL,CD2AP,Gene,397,452,-55,down
5node_miRNA_FFL,hsa-miR-668,miRNA,519,464,55,up
5node_miRNA_FFL,hsa-miR-130a,miRNA,65,119,-54,down
5node_miRNA_FFL,hsa-miR-26a,miRNA,118,172,-54,down
5node_miRNA_FFL,TERT,Gene,245,299,-54,down
5node_miRNA_FFL,hsa-miR-301a,miRNA,255,309,-54,down
5node_miRNA_FFL,CDCA7,Gene,407,461,-54,down
5node_miRNA_FFL,ITGB1,Gene,120,67,53,up
5node_miRNA_FFL,POSTN,Gene,289,236,53,up
5node_miRNA_FFL,hsa-miR-128,miRNA,200,252,-52,down
5node_miRNA_FFL,SPARC,Gene,324,272,52,up
5node_miRNA_FFL,FAS,Gene,222,274,-52,down
5node_miRNA_FFL,HRK,Gene,336,284,52,up
5node_miRNA_FFL,ELF4,Gene,368,420,-52,down
5node_miRNA_FFL,MYBL1,Gene,355,406,-51,down
5node_miRNA_FFL,hsa-miR-455,miRNA,363,414,-51,down
5node_miRNA_FFL,hsa-miR-144,miRNA,237,287,-50,down
5node_miRNA_FFL,hsa-miR-146b,miRNA,398,448,-50,down
5node_TF_FFL,hsa-miR-1193,miRNA,480,361,119,up
5node_TF_FFL,hsa-miR-485,miRNA,284,197,87,up
5node_TF_FFL,hsa-miR-377,miRNA,296,209,87,up
5node_TF_FFL,hsa-miR-329,miRNA,432,351,81,up
5node_TF_FFL,hsa-miR-758,miRNA,248,168,80,up
5node_TF_FFL,hsa-miR-487a,miRNA,466,386,80,up
5node_TF_FFL,hsa-miR-299,miRNA,425,348,77,up
5node_TF_FFL,hsa-miR-134,miRNA,423,347,76,up
5node_TF_FFL,hsa-miR-382,miRNA,472,401,71,up
5node_TF_FFL,hsa-miR-379,miRNA,203,136,67,up
5node_TF_FFL,hsa-miR-154,miRNA,199,134,65,up
5node_TF_FFL,LIF,Gene,340,275,65,up
5node_TF_FFL,hsa-miR-411,miRNA,186,122,64,up
5node_TF_FFL,hsa-miR-543,miRNA,171,108,63,up
5node_TF_FFL,PTHLH,Gene,400,462,-62,down
5node_TF_FFL,hsa-let-7e,miRNA,219,280,-61,down
5node_TF_FFL,hsa-miR-496,miRNA,396,337,59,up
5node_TF_FFL,hsa-miR-199a,miRNA,102,159,-57,down
5node_TF_FFL,TERT,Gene,245,302,-57,down
5node_TF_FFL,hsa-miR-369,miRNA,386,329,57,up
5node_TF_FFL,hsa-miR-376a,miRNA,391,334,57,up
5node_TF_FFL,CD2AP,Gene,397,454,-57,down
5node_TF_FFL,hsa-miR-34c,miRNA,260,316,-56,down
5node_TF_FFL,hsa-miR-495,miRNA,271,216,55,up
5node_TF_FFL,hsa-miR-301a,miRNA,255,310,-55,down
5node_TF_FFL,CDCA7,Gene,407,461,-54,down
5node_TF_FFL,ITGB1,Gene,120,67,53,up
5node_TF_FFL,hsa-miR-130a,miRNA,65,118,-53,down
5node_TF_FFL,HRK,Gene,336,283,53,up
5node_TF_FFL,hsa-miR-26a,miRNA,118,170,-52,down
5node_TF_FFL,hsa-miR-128,miRNA,200,252,-52,down
5node_TF_FFL,SPARC,Gene,324,272,52,up
5node_TF_FFL,FAS,Gene,222,274,-52,down
5node_TF_FFL,hsa-miR-455,miRNA,363,415,-52,down
5node_TF_FFL,SHC1,Gene,214,163,51,up
5node_TF_FFL,hsa-miR-410,miRNA,375,324,51,up
5node_TF_FFL,MYBL1,Gene,355,406,-51,down
5node_TF_FFL,ELF4,Gene,368,419,-51,down
5node_TF_FFL,hsa-miR-146b,miRNA,398,449,-51,down
5node_TF_FFL,POSTN,Gene,289,239,50,up
5node_composite_FFL,hsa-miR-1193,miRNA,480,361,119,up
5node_composite_FFL,hsa-miR-485,miRNA,284,197,87,up
5node_composite_FFL,hsa-miR-377,miRNA,296,209,87,up
5node_composite_FFL,hsa-miR-329,miRNA,432,351,81,up
5node_composite_FFL,hsa-miR-758,miRNA,248,168,80,up
5node_composite_FFL,hsa-miR-487a,miRNA,466,386,80,up
5node_composite_FFL,hsa-miR-299,miRNA,425,348,77,up
5node_composite_FFL,hsa-miR-134,miRNA,423,347,76,up
5node_composite_FFL,hsa-miR-382,miRNA,472,401,71,up
5node_composite_FFL,hsa-miR-379,miRNA,203,136,67,up
5node_composite_FFL,hsa-miR-154,miRNA,199,134,65,up
5node_composite_FFL,LIF,Gene,340,275,65,up
5node_composite_FFL,hsa-miR-411,miRNA,186,122,64,up
5node_composite_FFL,hsa-miR-543,miRNA,171,108,63,up
5node_composite_FFL,PTHLH,Gene,400,462,-62,down
5node_composite_FFL,hsa-let-7e,miRNA,219,280,-61,down
5node_composite_FFL,hsa-miR-496,miRNA,396,337,59,up
5node_composite_FFL,hsa-miR-199a,miRNA,102,159,-57,down
5node_composite_FFL,TERT,Gene,245,302,-57,down
5node_composite_FFL,hsa-miR-369,miRNA,386,329,57,up
5node_composite_FFL,hsa-miR-376a,miRNA,391,334,57,up
5node_composite_FFL,CD2AP,Gene,397,454,-57,down
5node_composite_FFL,hsa-miR-34c,miRNA,260,316,-56,down
5node_composite_FFL,hsa-miR-495,miRNA,271,216,55,up
5node_composite_FFL,hsa-miR-301a,miRNA,255,310,-55,down
5node_composite_FFL,CDCA7,Gene,407,461,-54,down
5node_composite_FFL,ITGB1,Gene,120,67,53,up
5node_composite_FFL,hsa-miR-130a,miRNA,65,118,-53,down
5node_composite_FFL,HRK,Gene,336,283,53,up
5node_composite_FFL,hsa-miR-26a,miRNA,118,170,-52,down
5node_composite_FFL,hsa-miR-128,miRNA,200,252,-52,down
5node_composite_FFL,SPARC,Gene,324,272,52,up
5node_composite_FFL,FAS,Gene,222,274,-52,down
5node_composite_FFL,hsa-miR-455,miRNA,363,415,-52,down
5node_composite_FFL,SHC1,Gene,214,163,51,up
5node_composite_FFL,hsa-miR-410,miRNA,375,324,51,up
5node_composite_FFL,MYBL1,Gene,355,406,-51,down
5node_composite_FFL,ELF4,Gene,368,419,-51,down
5node_composite_FFL,hsa-miR-146b,miRNA,398,449,-51,down
5node_composite_FFL,POSTN,Gene,289,239,50,up
6node_miRNA_FFL,hsa-miR-1193,miRNA,480,361,119,up
6node_miRNA_FFL,hsa-miR-485,miRNA,284,197,87,up
6node_miRNA_FFL,hsa-miR-377,miRNA,296,209,87,up
6node_miRNA_FFL,hsa-miR-134,miRNA,423,341,82,up
6node_miRNA_FFL,hsa-miR-487a,miRNA,466,385,81,up
6node_miRNA_FFL,hsa-miR-299,miRNA,425,345,80,up
6node_miRNA_FFL,hsa-miR-329,miRNA,432,354,78,up
6node_miRNA_FFL,hsa-miR-758,miRNA,248,171,77,up
6node_miRNA_FFL,hsa-miR-382,miRNA,472,399,73,up
6node_miRNA_FFL,hsa-miR-379,miRNA,203,134,69,up
6node_miRNA_FFL,hsa-let-7e,miRNA,219,288,-69,down
6node_miRNA_FFL,PTHLH,Gene,400,469,-69,down
6node_miRNA_FFL,hsa-miR-199a,miRNA,102,170,-68,down
6node_miRNA_FFL,hsa-miR-154,miRNA,199,132,67,up
6node_miRNA_FFL,hsa-miR-543,miRNA,171,106,65,up
6node_miRNA_FFL,hsa-miR-411,miRNA,186,121,65,up
6node_miRNA_FFL,LIF,Gene,340,277,63,up
6node_miRNA_FFL,hsa-miR-34c,miRNA,260,323,-63,down
6node_miRNA_FFL,hsa-miR-130a,miRNA,65,126,-61,down
6node_miRNA_FFL,FAS,Gene,222,283,-61,down
6node_miRNA_FFL,hsa-miR-128,miRNA,200,260,-60,down
6node_miRNA_FFL,TERT,Gene,245,305,-60,down
6node_miRNA_FFL,hsa-miR-376a,miRNA,391,331,60,up
6node_miRNA_FFL,hsa-miR-26a,miRNA,118,177,-59,down
6node_miRNA_FFL,hsa-miR-301a,miRNA,255,314,-59,down
6node_miRNA_FFL,hsa-miR-496,miRNA,396,337,59,up
6node_miRNA_FFL,hsa-miR-369,miRNA,386,328,58,up
6node_miRNA_FFL,hsa-miR-495,miRNA,271,214,57,up
6node_miRNA_FFL,hsa-miR-144,miRNA,237,294,-57,down
6node_miRNA_FFL,hsa-miR-146b,miRNA,398,455,-57,down
6node_miRNA_FFL,CDCA7,Gene,407,464,-57,down
6node_miRNA_FFL,hsa-miR-410,miRNA,375,320,55,up
6node_miRNA_FFL,SPARC,Gene,324,270,54,up
6node_miRNA_FFL,HRK,Gene,336,282,54,up
6node_miRNA_FFL,hsa-let-7c,miRNA,233,287,-54,down
6node_miRNA_FFL,hsa-miR-455,miRNA,363,417,-54,down
6node_miRNA_FFL,PTGER4,Gene,204,257,-53,down
6node_miRNA_FFL,MAP3K1,Gene,345,398,-53,down
6node_miRNA_FFL,MYBL1,Gene,355,408,-53,down
6node_miRNA_FFL,ELF4,Gene,368,421,-53,down
6node_miRNA_FFL,hsa-miR-340,miRNA,121,173,-52,down
6node_miRNA_FFL,hsa-miR-31,miRNA,153,205,-52,down
6node_miRNA_FFL,UGCG,Gene,180,232,-52,down
6node_miRNA_FFL,OXTR,Gene,267,319,-52,down
6node_miRNA_FFL,hsa-miR-448,miRNA,380,432,-52,down
6node_miRNA_FFL,POSTN,Gene,289,238,51,up
6node_miRNA_FFL,IL1R1,Gene,444,393,51,up
6node_miRNA_FFL,hsa-miR-22,miRNA,191,241,-50,down
6node_miRNA_FFL,hsa-miR-330,miRNA,409,459,-50,down
6node_TF_FFL,hsa-miR-1193,miRNA,480,359,121,up
6node_TF_FFL,hsa-miR-377,miRNA,296,205,91,up
6node_TF_FFL,hsa-miR-485,miRNA,284,195,89,up
6node_TF_FFL,hsa-miR-487a,miRNA,466,385,81,up
6node_TF_FFL,hsa-miR-134,miRNA,423,343,80,up
6node_TF_FFL,hsa-miR-329,miRNA,432,352,80,up
6node_TF_FFL,hsa-miR-299,miRNA,425,346,79,up
6node_TF_FFL,hsa-miR-758,miRNA,248,171,77,up
6node_TF_FFL,hsa-miR-382,miRNA,472,399,73,up
6node_TF_FFL,hsa-let-7e,miRNA,219,288,-69,down
6node_TF_FFL,hsa-miR-379,miRNA,203,135,68,up
6node_TF_FFL,PTHLH,Gene,400,468,-68,down
6node_TF_FFL,hsa-miR-411,miRNA,186,119,67,up
6node_TF_FFL,hsa-miR-199a,miRNA,102,169,-67,down
6node_TF_FFL,hsa-miR-154,miRNA,199,133,66,up
6node_TF_FFL,hsa-miR-543,miRNA,171,106,65,up
6node_TF_FFL,hsa-miR-34c,miRNA,260,324,-64,down
6node_TF_FFL,LIF,Gene,340,278,62,up
6node_TF_FFL,FAS,Gene,222,283,-61,down
6node_TF_FFL,TERT,Gene,245,306,-61,down
6node_TF_FFL,hsa-miR-128,miRNA,200,260,-60,down
6node_TF_FFL,hsa-miR-130a,miRNA,65,124,-59,down
6node_TF_FFL,hsa-miR-26a,miRNA,118,177,-59,down
6node_TF_FFL,hsa-miR-301a,miRNA,255,314,-59,down
6node_TF_FFL,hsa-miR-496,miRNA,396,337,59,up
6node_TF_FFL,hsa-miR-495,miRNA,271,213,58,up
6node_TF_FFL,hsa-miR-369,miRNA,386,328,58,up
6node_TF_FFL,hsa-miR-376a,miRNA,391,333,58,up
6node_TF_FFL,hsa-miR-144,miRNA,237,294,-57,down
6node_TF_FFL,hsa-miR-146b,miRNA,398,455,-57,down
6node_TF_FFL,CDCA7,Gene,407,463,-56,down
6node_TF_FFL,hsa-miR-410,miRNA,375,320,55,up
6node_TF_FFL,UGCG,Gene,180,234,-54,down
6node_TF_FFL,hsa-let-7c,miRNA,233,287,-54,down
6node_TF_FFL,hsa-miR-455,miRNA,363,417,-54,down
6node_TF_FFL,hsa-miR-340,miRNA,121,174,-53,down
6node_TF_FFL,POSTN,Gene,289,236,53,up
6node_TF_FFL,PTGER4,Gene,204,257,-53,down
6node_TF_FFL,MAP3K1,Gene,345,398,-53,down
6node_TF_FFL,SPARC,Gene,324,272,52,up
6node_TF_FFL,HRK,Gene,336,284,52,up
6node_TF_FFL,MYBL1,Gene,355,407,-52,down
6node_TF_FFL,ELF4,Gene,368,420,-52,down
6node_TF_FFL,hsa-miR-448,miRNA,380,432,-52,down
6node_TF_FFL,SHC1,Gene,214,163,51,up
6node_TF_FFL,OXTR,Gene,267,318,-51,down
6node_TF_FFL,SMAD6,Gene,266,216,50,up
6node_TF_FFL,hsa-miR-22,miRNA,191,241,-50,down
6node_TF_FFL,IL1R1,Gene,444,394,50,up
6node_composite_FFL,hsa-miR-1193,miRNA,480,352,128,up
6node_composite_FFL,hsa-miR-485,miRNA,284,190,94,up
6node_composite_FFL,hsa-miR-377,miRNA,296,203,93,up
6node_composite_FFL,hsa-miR-758,miRNA,248,163,85,up
6node_composite_FFL,hsa-miR-329,miRNA,432,350,82,up
6node_composite_FFL,hsa-miR-487a,miRNA,466,385,81,up
6node_composite_FFL,hsa-miR-134,miRNA,423,343,80,up
6node_composite_FFL,hsa-miR-299,miRNA,425,346,79,up
6node_composite_FFL,hsa-miR-382,miRNA,472,397,75,up
6node_composite_FFL,hsa-miR-543,miRNA,171,100,71,up
6node_composite_FFL,hsa-miR-379,miRNA,203,132,71,up
6node_composite_FFL,hsa-miR-411,miRNA,186,116,70,up
6node_composite_FFL,hsa-miR-154,miRNA,199,129,70,up
6node_composite_FFL,hsa-miR-367,miRNA,349,416,-67,down
6node_composite_FFL,LIF,Gene,340,277,63,up
6node_composite_FFL,hsa-miR-495,miRNA,271,209,62,up
6node_composite_FFL,hsa-miR-496,miRNA,396,335,61,up
6node_composite_FFL,hsa-miR-369,miRNA,386,326,60,up
6node_composite_FFL,hsa-miR-376a,miRNA,391,331,60,up
6node_composite_FFL,PTHLH,Gene,400,460,-60,down
6node_composite_FFL,hsa-miR-410,miRNA,375,318,57,up
6node_composite_FFL,hsa-let-7e,miRNA,219,275,-56,down
6node_composite_FFL,HRK,Gene,336,280,56,up
6node_composite_FFL,hsa-miR-199a,miRNA,102,157,-55,down
6node_composite_FFL,CEBPB,TF,181,236,-55,down
6node_composite_FFL,SPARC,Gene,324,269,55,up
6node_composite_FFL,hsa-miR-34c,miRNA,260,315,-55,down
6node_composite_FFL,POSTN,Gene,289,235,54,up
6node_composite_FFL,CD2AP,Gene,397,450,-53,down
6node_composite_FFL,hsa-miR-301a,miRNA,255,307,-52,down
6node_composite_FFL,CDCA7,Gene,407,459,-52,down
6node_composite_FFL,TERT,Gene,245,296,-51,down
6node_composite_FFL,IL1R1,Gene,444,393,51,up
6node_composite_FFL,ELF4,Gene,368,419,-51,down
6node_composite_FFL,ITGB1,Gene,120,70,50,up
6node_composite_FFL,SMAD6,Gene,266,216,50,up
6node_composite_FFL,RUNX1,TF,193,243,-50,down
