group	k	term	est	se	ci_lb	ci_ub	p	tau2	I2
all used TF-TF arcs	62	pooled	0.0138167882816071	0.010899065778891	-0.00754498811015226	0.0351785646733665	0.204903708676596	0.00248704995882669	51.7976564380176
used as T2->T1	53	pooled	0.0094586081379748	0.0109643479295091	-0.0120311189178293	0.0309483351937789	0.388319226752635	0.00164678858253664	45.4345091351298
used as T1->T2	54	pooled	0.00913170411224	0.0114886703931918	-0.0133856760886676	0.0316490843131476	0.426704081396233	0.00244119133384372	49.7304181422308
all used TF-TF arcs, analysed network	10	pooled	0.372575814594269	0.215180715837944	-0.0491706386156477	0.794322267804187	0.0833705711941022	0.382106878924498	94.4477950094101
all used TF-TF arcs, TRRUST TF-target	57	pooled	0.00864196705942925	0.00937064701531653	-0.00972416360242891	0.0270080977212874	0.35640442934172	0.00105611380761018	27.6040900114454
used as T2->T1, analysed network	8	pooled	0.108348242853063	0.0613231599682147	-0.0118429421028267	0.228539427808952	0.0772549432997363	0.00741457401445792	25.639987411503
used as T2->T1, TRRUST TF-target	48	pooled	0.0119298623932253	0.011566602991678	-0.0107402628939369	0.0345999876803874	0.30235052235052	0.00166120449857577	37.442461289034
used as T1->T2, analysed network	10	pooled	0.378757866972108	0.220731690892022	-0.0538682974228818	0.811384031367099	0.0861767321126713	0.405026673297101	94.8819902521719
used as T1->T2, TRRUST TF-target	49	pooled	0.00488296442958297	0.0102673252807043	-0.0152406233381551	0.0250065521973211	0.634371553487716	0.00100641668305443	24.3460294906336
