gene,n_peaks_100kb,n_promoter_peaks,prom_peak,prom_mean_acc,prom_acc_pctile,prom_rho_stroma,prom_fdr_stroma,prom_rho_pctile,locus_median_rho,locus_n_fdr05_pos,locus_n_fdr05_neg
COL1A1,97,2,BRCA_178633;BRCA_178634,4.091902256011963,96.06984068173398,0.17494261384672347,0.637750446086022,88.13657836235643,0.0685523880044428,0,0
COL3A1,8,0,NONE,,,,,,0.18332469455757133,0,0
COL1A2,16,2,BRCA_87966;BRCA_87967,2.1938271522521973,78.34938866246758,0.3973787486116253,0.2031455501000364,99.86013338273435,0.16974453905960754,0,0
EPCAM,42,2,BRCA_25852;BRCA_25853,4.417204856872559,97.21239347906632,-0.30769344687152905,0.3178028325883615,0.9183957021118933,-0.19435764531654942,0,0
KRT8,63,4,BRCA_140853;BRCA_140854;BRCA_140855;BRCA_140856,4.8152079582214355,98.31650611337533,0.15210662717512033,0.702237875864854,84.61467210077807,0.10219918548685673,0,0
ESR1,32,3,BRCA_80325;BRCA_80326;BRCA_80327,3.4398293495178223,92.84735087069285,-0.12097741577193637,0.7819929767927503,17.778806965542792,-0.06859681599407627,0,0
GATA3,52,5,BRCA_116493;BRCA_116494;BRCA_116495;BRCA_116496;BRCA_116497,4.93841028213501,98.59484994442386,-0.08934468715290635,0.8559411452715293,24.25713227121156,-0.058422806368011844,0,0
PTPRC,17,1,BRCA_15660,0.8225061893463135,35.034735087069286,0.16839689004072567,0.656210385660015,87.20614116339385,0.138245094409478,0,0
DCN,1,0,NONE,,,,,,0.005997778600518352,0,0
LUM,1,0,NONE,,,,,,0.005997778600518352,0,0
FAP,5,0,NONE,,,,,,0.0902628656053314,0,0
POSTN,4,0,NONE,,,,,,0.004813032210292479,0,0
ACTA2,28,2,BRCA_121839;BRCA_121840,2.658738136291504,85.68868099296036,0.21060348019252131,0.5407455173218562,92.467580585402,0.1767641614216957,0,0
PDGFRB,16,1,BRCA_64465,1.649021863937378,65.30381622823268,0.3709885227693448,0.22096199131173333,99.66932197110042,0.14630136986301373,0,0
GAPDH,54,3,BRCA_137551;BRCA_137552;BRCA_137553,4.871774196624756,98.4540570581697,-0.19875601629026293,0.5728709156134904,6.804835124120044,0.008159940762680491,0,0
ACTB,57,3,BRCA_82457;BRCA_82458;BRCA_82459,5.332276344299316,99.31456094849945,0.058659755646057,0.9176616476557061,64.03343831048537,0.08007404664938908,0,0
ETS1,24,1,BRCA_136346,0.3394511342048645,16.30001852537977,0.14893743058126618,0.7113398910765265,84.08507780659504,0.27631247686042204,0,0
NFKB1,22,4,BRCA_54106;BRCA_54107;BRCA_54108;BRCA_54109,3.6970598697662354,94.30344572063727,0.14354683450573863,0.7265282207394423,83.18474434975917,-0.06794520547945207,0,0
RELA,57,4,BRCA_130050;BRCA_130051;BRCA_130052;BRCA_130053,4.5759077072143555,97.67969618377177,0.2236949278045169,0.5060920364143079,93.71896998888477,0.1739059607552758,0,0
SP1,28,3,BRCA_140981;BRCA_140982;BRCA_140983,6.205301761627197,99.94581326417192,0.37708996667900785,0.21698565382984153,99.72860318636532,0.21095890410958906,0,0
