gene,role,hpa_TCGA_call,hpa_TCGA_direction,hpa_TCGA_p,hpa_validation_call,hpa_validation_direction,hpa_validation_p
E2F1,TF (prioritised),unprognostic,,7.30e-2,unprognostic,,9.45e-2
EZH2,TF (prioritised),unprognostic,,1.04e-1,unprognostic,,3.10e-2
GATA3,TF (prioritised),unprognostic,,4.06e-1,unprognostic,,2.94e-1
BRCA1,TF (prioritised),unprognostic,,3.89e-3,unprognostic,,1.03e-1
JUN,TF (prioritised),unprognostic,,9.79e-2,unprognostic,,8.33e-2
EGR2,TF (prioritised),potential prognostic,favorable,7.46e-4,unprognostic,,4.50e-2
ESR1,TF (prioritised),unprognostic,,2.06e-2,unprognostic,,1.67e-1
SREBF1,TF (prioritised),unprognostic,,2.83e-1,unprognostic,,2.54e-1
DNMT1,TF (prioritised),unprognostic,,2.04e-1,unprognostic,,1.06e-1
E2F3,TF (prioritised),unprognostic,,1.43e-1,unprognostic,,2.95e-1
CCND2,gene (prioritised),unprognostic,,2.77e-2,potential prognostic,favorable,7.56e-4
COL1A1,gene (prioritised),unprognostic,,3.02e-1,unprognostic,,9.50e-2
STAT5A,gene (prioritised),unprognostic,,5.67e-3,unprognostic,,1.08e-2
MYBL2,gene (prioritised),unprognostic,,1.73e-2,unprognostic,,1.35e-1
FN1,gene (prioritised),unprognostic,,2.13e-1,unprognostic,,1.37e-1
PDGFRB,gene (prioritised),unprognostic,,5.35e-2,unprognostic,,7.84e-2
MET,gene (prioritised),unprognostic,,3.09e-2,unprognostic,,2.80e-1
CXCL12,gene (prioritised),unprognostic,,8.79e-2,unprognostic,,4.07e-3
MMP14,gene (prioritised),unprognostic,,2.05e-1,unprognostic,,9.42e-2
PLAU,gene (prioritised),unprognostic,,4.20e-2,unprognostic,,7.35e-2
COL3A1,comparator (compartment test),unprognostic,,2.00e-1,unprognostic,,9.08e-2
POSTN,comparator (compartment test),unprognostic,,2.78e-2,unprognostic,,3.30e-2
NFKB1,comparator (compartment test),unprognostic,,2.31e-1,unprognostic,,7.65e-2
RELA,comparator (compartment test),unprognostic,,3.70e-1,unprognostic,,1.42e-1
SP1,comparator (compartment test),unprognostic,,1.02e-1,unprognostic,,3.56e-1
ETS1,comparator (compartment test),unprognostic,,4.10e-2,unprognostic,,1.61e-2
