gene,n,median_Originator,median_P0,median_P1,median_P2,median_P3,median_P4,median_P5,spearman_rho_passage_within_PDX,p_value,n_pdx
COL1A1,272,100.0,67.82296650717703,76.00478468899522,71.38755980861245,70.35885167464116,72.41626794258374,98.80382775119617,0.014692138328295384,0.8143193834998138,258
COL3A1,272,99.92822966507177,26.483253588516746,28.9354066985646,28.80382775119617,23.94736842105263,24.784688995215312,79.85645933014354,-0.01235229628954152,0.8434743370617105,258
COL1A2,272,100.0,39.92822966507177,57.248803827751196,38.18181818181819,40.47846889952153,67.58373205741627,99.56937799043062,0.03845413794995439,0.5386252920397364,258
FN1,272,100.0,95.11961722488039,97.48803827751196,94.54545454545456,96.19617224880383,87.48803827751195,99.52153110047848,-0.025212847481179853,0.6868923946580526,258
POSTN,272,98.34928229665073,28.325358851674643,28.014354066985643,24.30622009569378,14.65311004784689,19.150717703349287,73.7799043062201,-0.06500192850796,0.29828596318665695,258
PDGFRB,272,83.54066985645932,25.406698564593306,23.11004784688995,22.679425837320576,23.588516746411486,24.952153110047846,24.85645933014354,-0.0010923653237794658,0.9860690126763761,258
CXCL12,272,60.07177033492823,28.875598086124405,28.492822966507177,28.4688995215311,23.18181818181818,11.973684210526315,32.39234449760765,-0.11879723507224003,0.05669510160103398,258
DCN,272,94.42583732057416,17.188995215311003,13.947368421052634,11.961722488038278,11.578947368421053,11.555023923444976,20.76555023923445,-0.172023687814206,0.005599191149620978,258
LUM,272,91.6267942583732,24.4377990430622,24.90430622009569,12.607655502392346,11.578947368421053,21.16028708133971,11.9377990430622,-0.16803913942539123,0.00682498920588835,258
PTPRC,272,92.41626794258373,25.28708133971292,21.387559808612444,22.2488038277512,12.416267942583731,17.20095693779904,11.9377990430622,-0.21671509485307952,0.00045521647948789,258
ACTA2,272,95.98086124401914,49.21052631578948,59.688995215311,53.1578947368421,58.18181818181819,60.933014354066984,93.73205741626796,0.07814681972494,0.21091889402215416,258
THY1,272,72.34449760765551,11.973684210526315,12.15311004784689,11.555023923444976,11.24401913875598,11.399521531100477,11.9377990430622,-0.0782434732240328,0.21035321297075418,258
EPCAM,272,97.63157894736841,98.11004784688996,98.32535885167464,98.5645933014354,98.5645933014354,98.51674641148324,98.66028708133972,0.0546823975101507,0.38172679762580963,258
KRT8,272,98.42105263157896,99.1866028708134,99.16267942583733,99.33014354066984,99.4976076555024,99.40191387559808,99.71291866028707,0.1001425936386598,0.10854794850337997,258
E2F1,272,50.16746411483254,61.07655502392345,59.066985645933016,60.0,61.14832535885168,60.47846889952154,52.72727272727272,0.0030419513221701324,0.9612190816125185,258
EZH2,272,73.97129186602871,83.54066985645932,83.42105263157895,85.02392344497608,86.26794258373207,86.10047846889952,86.26794258373207,0.18469689010554047,0.002902041452982424,258
MYBL2,272,90.33492822966507,90.66985645933013,92.22488038277513,91.57894736842104,91.77033492822966,92.44019138755982,89.71291866028707,-0.012943147546533812,0.8360903841043027,258
NFKB1,272,84.7846889952153,77.41626794258373,78.7799043062201,79.85645933014354,84.73684210526316,85.55023923444976,84.92822966507177,0.2548593938155917,3.4372272891401e-05,258
ETS1,272,82.10526315789474,62.10526315789474,63.851674641148335,62.00956937799042,57.51196172248804,66.6267942583732,73.82775119617226,3.9672602150202315e-05,0.9994940278793513,258
GATA3,272,78.13397129186603,76.05263157894737,78.03827751196172,76.2200956937799,77.32057416267942,81.91387559808612,64.88038277511961,-0.002005011816931227,0.9744330476840413,258
