type,name,degree,betweenness,ffl_cores,as_regulator,as_intermediate,as_target,T_topology,n_edges,frac_strong,E_evidence,logFC,de_fdr,D_expression,n_coh,frac_same_dir,R_replication,prot_rho,meth_delta,mut_freq,M_multiomic,surv_minp,C_clinical,chronos,F_functional,n_domains,priority,rank_overall,rank_within_type
TF,E2F1,80,7872.67205620913,811,65,1,0,0.971843003412969,32,0.375,0.918244406196213,2.45627612787667,1.38948714033776e-81,0.949565217391304,3,1,1,,-0.000658050969857129,0.00632111251580278,0.40037211717364,0.130830715766697,0.627826086956522,-0.283005208892194,0.899721448467967,7,0.823938897085517,5,1
TF,EZH2,60,4120.93953906724,116,31,2,0,0.894766780432309,27,0.37037037037037,0.913080895008606,2.25909202130212,2.73669799147262e-102,0.953913043478261,3,1,1,0.765095397292687,-0.0159498801350303,0.00379266750948167,0.57616940703478,0.0757830967073831,0.744347826086957,-0.0735276332222741,0.604456824512535,7,0.812390682364778,7,2
TF,GATA3,15,1182.04785415032,110,3,0,0,0.693686006825939,6,0.166666666666667,0.700516351118761,1.48167130451471,4.691058925187e-13,0.669565217391304,3,1,1,0.859208502990199,-0.0114549682202675,0.122629582806574,0.758574397229711,0.0688978431728205,0.758260869565218,-0.452411329524771,0.94150417827298,7,0.788872431486273,11,3
TF,EGR2,5,88.9429436985014,3,0,0,0,0.343572241183163,1,1,1,-2.42938788402181,3.33074528654977e-61,0.927826086956522,3,1,1,0.233395338658497,0.0318357208977859,0.00505689001264223,0.407760329332068,0.0170712826980454,0.897391304347826,-0.180612206912282,0.816155988857939,7,0.770386564382502,16,4
TF,BRCA1,19,2069.53543715829,8,2,0,0,0.660125142207054,6,0.333333333333333,0.896729776247849,0.781423659422028,6.12139253499759e-14,0.560869565217391,3,1,1,0.386216567288723,-0.0150645930779902,0.0278128950695322,0.517486224856613,0.0563506266251563,0.780869565217391,-0.513654938528346,0.952646239554318,7,0.766960930471517,17,5
TF,JUN,66,8948.23160878323,845,45,0,0,0.963879408418658,21,0.0952380952380952,0.546471600688468,-1.58228238097523,4.77936219647171e-47,0.843478260869565,3,1,1,0.117658017124525,-0.000759656297599894,0.00505689001264223,0.243122548250618,0.0241125480446147,0.869565217391304,-0.258152292154383,0.874651810584958,7,0.763024120886225,20,6
TF,SREBF1,12,980.534895138421,62,0,0,0,0.630830489192264,4,0.25,0.803786574870912,0.899697740248525,1.77881232136232e-16,0.606086956521739,3,1,1,0.363889468561556,0.0456736040881319,0.00505689001264223,0.472928852518819,0.0405074490244066,0.829565217391304,-0.335030149932815,0.919220055710306,7,0.751774020886478,23,7
TF,ESR1,58,6476.09402635387,954,24,2,0,0.957622298065984,26,0.423076923076923,0.941480206540447,0.369854227638376,0.259052068177584,0.195652173913043,3,0.666666666666667,0.47329650092081,0.90386618321865,-0.110557730317373,0.00758533501896334,0.879449800298779,0.0569250758828999,0.777391304347826,-0.317839021856754,0.913649025069638,7,0.734077329879504,27,8
TF,DNMT1,29,1589.74608291725,27,2,0,0,0.737770193401593,13,0.538461538461538,0.972461273666093,0.943016760223257,7.05368332972021e-48,0.749565217391304,3,1,1,0.688689838197372,-0.010081272152173,0.0126422250316056,0.643588742324794,0.782716101164455,0.0382608695652174,-0.548576852444854,0.96100278551532,7,0.72894986883776,28,9
TF,BCL6,6,442.282263906587,25,0,0,0,0.493742889647327,2,0.5,0.957831325301205,-1.29716419581314,1.65851374087e-52,0.813913043478261,3,1,1,0.502313786661258,0.0233401770438892,0.00632111251580278,0.520888128676307,0.17659808202804,0.549565217391304,-0.113037806302487,0.727019498607242,7,0.723280014728807,31,10
miRNA,hsa-miR-21,67,4668.59180685945,0,0,19,0,0.713879408418658,40,0.225,0.787435456110155,2.04256054931336,9.65600967658931e-124,0.949565217391304,,,,,-0.133821130047105,,0.870855148342059,0.0539590101794933,0.791304347826087,,,5,0.822607915617653,6,5
miRNA,hsa-miR-195,40,312.167316014255,46,0,16,0,0.722411831626849,34,0.147058823529412,0.666092943201377,-1.48431335830212,2.65638196871925e-65,0.865217391304348,,,,,0.211812217167122,,0.986038394415358,0.0447504630077797,0.815652173913044,,,5,0.811082546892195,9,6
miRNA,hsa-miR-204,25,234.945004224202,0,0,1,0,0.478953356086462,22,0.181818181818182,0.722030981067126,-1.58169787765293,7.51405655032514e-94,0.9,,,,,-0.173999007755968,,0.963350785340314,0.0445135068710207,0.819130434782609,,,5,0.776693111455302,12,7
miRNA,hsa-miR-429,64,1440.56345194151,500,0,31,0,0.909840728100114,43,0.209302325581395,0.757314974182444,2.32434519350811,1.85670035024385e-53,0.911304347826087,,,,,0.0636972057389835,,0.650959860383944,0.131862232978274,0.622608695652174,,,5,0.770405721228953,15,8
miRNA,hsa-miR-383,15,54.781660061079,0,1,5,0,0.350113765642776,14,0.214285714285714,0.767641996557659,-1.73182958801498,8.06526534074554e-59,0.878260869565217,,,,,-0.162633354131461,,0.94066317626527,0.0333905036308837,0.845217391304348,,,5,0.756379439867054,22,9
miRNA,hsa-miR-124,68,2375.957745723,0,2,23,0,0.701365187713311,57,0.298245614035088,0.860585197934596,0.129711610486892,0.102635397192218,0.118260869565217,,,,,0.181966941507442,,0.968586387434555,0.000298112288596243,0.994782608695652,,,5,0.728716050268666,29,10
miRNA,hsa-miR-155,56,1831.18611916816,0,0,16,0,0.684869169510808,35,0.542857142857143,0.974182444061962,0.815138264669164,2.10081722591048e-16,0.585217391304348,,,,,-0.173696991854066,,0.961605584642234,0.265645630042914,0.434782608695652,,,5,0.728131439643001,30,11
miRNA,hsa-miR-300,27,1140.19816542669,225,0,2,0,0.78839590443686,26,0.115384615384615,0.594664371772806,,,,,,,,-0.0958716710429397,,0.773123909249564,,,,,3,0.718728061819743,34,12
miRNA,hsa-miR-141,50,1332.16745431982,2,0,12,0,0.736916951080774,33,0.151515151515152,0.671256454388985,1.99440418227216,1.00823887368479e-66,0.915217391304348,,,,,-0.146475636292734,,0.894415357766143,0.388341728423389,0.306086956521739,,,5,0.704778622212398,36,13
miRNA,hsa-miR-100,14,148.87628190958,0,0,2,0,0.390784982935154,8,0.125,0.618760757314974,-2.2132684144819,7.81760497727834e-66,0.924347826086957,,,,,-0.294624610685038,,1,0.161292630846265,0.579130434782609,,,5,0.702604800223939,38,14
Gene,STAT5A,7,296.784671448148,34,0,0,0,0.495733788395905,6,0.166666666666667,0.700516351118761,-1.54429408754338,1.47143208621464e-62,0.869565217391305,3,1,1,0.756634088318,0.153293101854167,0.00632111251580278,0.832086858917116,0.0179842868234462,0.890434782608696,-0.273502188443481,0.891364902506964,7,0.811385985848392,8,1
Gene,COL1A1,31,702.945516365257,517,0,0,11,0.808873720136519,22,0.318181818181818,0.881239242685026,2.35068576180652,5.942802889035e-50,0.90695652173913,3,1,1,0.774518271641997,0.076901238079482,0.0126422250316056,0.832336147864908,0.112477603370186,0.657391304347826,-0.0630665561278236,0.579387186629527,7,0.809454874771848,10,2
Gene,CCND2,90,338.276641728317,0,0,0,136,0.621729237770193,74,0.27027027027027,0.826161790017212,-1.40285835372387,2.08105719077574e-44,0.808695652173913,3,1,1,,0.127991445193711,0.00126422250316056,0.543644440598272,0.00515107964168796,0.954782608695652,-0.0895341269978831,0.66016713091922,7,0.773597265739209,13,3
Gene,PDGFRB,13,343.393819124367,117,0,0,3,0.620875995449374,12,0.5,0.957831325301205,-0.440810983703561,1.6887520078158e-05,0.359130434782609,3,1,1,0.822659723133774,0.172737010052429,0.00758533501896334,0.907739288157784,0.0319788977872558,0.850434782608696,-0.107559554002427,0.710306406685237,7,0.772331176140701,14,4
Gene,FN1,28,4748.31141848391,2438,0,0,39,0.885381114903299,20,0.3,0.864888123924269,2.68323633833901,9.2517127886667e-72,0.94695652173913,3,1,1,0.752005581937537,0.00683725155624901,0.0151706700379267,0.653802525997424,0.0308466230555941,0.853913043478261,0.078167035167906,0.155988857938719,7,0.765847169711586,18,5
Gene,MET,35,1230.1206007834,327,0,0,22,0.845278725824801,28,0.5,0.957831325301205,-2.48450774840474,7.61864678046905e-50,0.910434782608696,3,1,1,0.58889970788705,0.0265685984740162,0.00632111251580278,0.579995131742977,0.106987814937148,0.67304347826087,-0.002826236420308,0.376044568245125,7,0.763232573140525,19,6
Gene,MYBL2,12,101.650934404495,0,0,0,3,0.352389078498294,9,0.222222222222222,0.779690189328744,3.71832621663548,4.66568330269549e-89,0.975652173913043,3,1,1,0.425583982202447,0.0881078947961349,0.00379266750948167,0.531268194012566,0.0737065501737837,0.749565217391304,-0.499001653126425,0.947075208913649,7,0.762234294579657,21,7
Gene,MMP14,25,595.048879357091,877,0,0,18,0.775312855517634,15,0.266666666666667,0.821858864027539,1.00172983735547,5.45552574487584e-20,0.652173913043478,3,1,1,0.770475395325934,0.161491681687537,0.00505689001264223,0.816855482270541,0.0122772450135344,0.923478260869565,0.0366713052912111,0.264623955431755,7,0.750614761594359,24,8
Gene,CXCL12,12,51.7862085591133,76,0,0,9,0.493742889647327,6,0.333333333333333,0.896729776247849,-2.23550344640087,1.50533881651418e-69,0.929565217391304,3,1,1,0.684247962676333,0.106089598021026,0,0.535690906396214,0.15177450664484,0.594782608695652,-0.138509442286858,0.763231197771588,7,0.744820370878562,25,9
Gene,PLAU,22,8.04628941688494,147,0,0,11,0.540102389078498,6,0.5,0.957831325301205,0.890798349565802,6.29563943983786e-13,0.569565217391304,3,1,1,0.792284881555146,0.115455868791253,0.00252844500632111,0.705886347150648,0.0338789830498789,0.843478260869565,-0.0533908461664678,0.54874651810585,7,0.737944293985296,26,10
