arm_regulator,target,stromal_estimate,estimate_family,non_RNA,exact_duplicate_of,n,ACME,acme_lo,acme_hi,ADE,ade_lo,ade_hi,prop_mediated,prop_lo,prop_hi,sobel_p,inconsistent,ADE_CI_excludes_zero,ACME_CI_excludes_zero
ETS1,COL1A1,ABSOLUTE_nontumour,non-RNA,True,,1047,0.112095338311322,0.067335018730682,0.161811306369921,0.18504853280808,0.100792082153349,0.261821117930001,0.377242639698526,0.219553844947677,0.595777766207821,6.13279383592364e-08,False,True,True
ETS1,COL1A1,CBSX_Wu_CAFs,compositional fraction,False,,1097,0.136949803589847,0.0953778354835569,0.179797363405317,0.163817042549923,0.124547991549146,0.205053517041048,0.455335437890001,0.35995656614116,0.54631720797856,5.6382335790282794e-11,False,True,True
ETS1,COL1A1,CBSX_Wu_nocol_CAFs,compositional fraction,False,,1097,0.160591994711323,0.118323523764199,0.203509001813357,0.140174851428446,0.0994247857114881,0.181250867291467,0.533941811647333,0.437103381558994,0.626666353124642,1.48087162934334e-14,False,True,True
ETS1,COL1A1,CONSENSUS_PC1,enrichment / marker score,False,,1097,0.531770763549991,0.475072560641356,0.590076946766856,-0.231003917410221,-0.259856778537863,-0.2016058188195,1.76804980460802,1.5832726207829,2.02818641427676,5.79858807219416e-85,True,True,True
ETS1,COL1A1,CONSENSUS_rankmean,enrichment / marker score,False,,1097,0.540063216812832,0.484182633979609,0.598109705231498,-0.239296370673061,-0.269648716224236,-0.208759765039864,1.79562083967811,1.60647339231582,2.07016365606218,2.59094305063927e-88,True,True,True
ETS1,COL1A1,CONSENSUS_rankmean_collagensafe,enrichment / marker score,False,,1097,0.535890916036622,0.479975402490729,0.594713920076296,-0.235124069896852,-0.268439615704212,-0.202173471544664,1.78174862992574,1.58922976172796,2.0614433153694,1.61142707884505e-88,True,True,True
ETS1,COL1A1,ConsensusTME_Fibroblasts,enrichment / marker score,False,,1097,0.425409415597206,0.37219004972351,0.481245658103928,-0.124642569457436,-0.160086400331959,-0.0888597335854033,1.41441592069464,1.26207678258991,1.62084263723645,2.0007870784143102e-61,True,True,True
ETS1,COL1A1,ConsensusTME_Fibroblasts_nocol,enrichment / marker score,False,,1097,0.396876010072773,0.343463774248659,0.451620587498683,-0.0961091639330034,-0.12927452400601,-0.0621489927700533,1.31954706832395,1.18337470664492,1.49906292873551,5.62268915614868e-54,True,True,True
ETS1,COL1A1,DTANGLE_Wu_CAFs,compositional fraction,False,,1097,0.245730689847266,0.195230767692493,0.297882360834057,0.0550361562925041,0.02377795932157,0.0847336280141077,0.817013886341289,0.737288462860077,0.912571539194017,3.35577062325655e-23,False,True,True
ETS1,COL1A1,DTANGLE_Wu_nocol_CAFs,compositional fraction,False,,1097,0.25693282173924,0.207649568977786,0.307835701682893,0.0438340244005302,0.010600402633906,0.0753593681642937,0.854259121432021,0.771090208378451,0.961399601428538,6.53259016101459e-26,False,True,True
ETS1,COL1A1,DWLS_Wu_CAFs,compositional fraction,False,,1097,0.251982249314489,0.204521787373731,0.303698968133055,0.0487845968252808,0.0155012739470669,0.0843183876404301,0.837799287217282,0.746887754371772,0.942876997223862,1.9179753429911e-25,False,True,True
ETS1,COL1A1,EPIC_CAFs,compositional fraction,False,,1097,0.338191969119359,0.277539356476513,0.398360346210737,-0.0374251229795891,-0.0511521275922818,-0.0232880554641427,1.12443234172891,1.0708240467473,1.18995935373841,2.47925671086814e-33,True,True,True
ETS1,COL1A1,EPIC_CAFs_nocol,compositional fraction,False,,1097,0.305894427434168,0.256885550690943,0.358453582272267,-0.0051275812943976,-0.0464363923466341,0.0366972736993001,1.01704835941929,0.888459949665876,1.17725311246158,5.79126149432054e-37,True,False,True
ETS1,COL1A1,ESTIMATE_ESTIMATEScore,enrichment / marker score,False,,1097,0.478000618499372,0.42008262867984,0.534620987707295,-0.177233772359602,-0.24494984515715,-0.105817029460376,1.58927296886053,1.30141594250518,1.97131028551975,3.35754349755165e-57,True,True,True
ETS1,COL1A1,ESTIMATE_StromalScore,enrichment / marker score,False,,1097,0.665943958059915,0.605181953362999,0.72950102822346,-0.365177111920145,-0.413662912175795,-0.318590931487544,2.21415347671147,1.92441069857369,2.63351721200945,1.28580227693292e-129,True,True,True
ETS1,COL1A1,InstaPrism_Wu_CAFs,compositional fraction,False,,1097,0.410208919818531,0.354643292803552,0.464646902026998,-0.109442073678761,-0.140177870263961,-0.0766986836227051,1.3638767872304,1.22749089821228,1.55139276742848,5.41160724518047e-54,True,True,True
ETS1,COL1A1,InstaPrism_Wu_nocollagen_CAFs,compositional fraction,False,,1097,0.41053806828489,0.355225197073423,0.4656000393057,-0.10977122214512,-0.143410249096182,-0.0735461772012877,1.36497115142175,1.21769181337595,1.56687368957276,1.8595377342249698e-55,True,True,True
ETS1,COL1A1,MCPcounter_Fibroblasts,enrichment / marker score,False,,1097,0.44792419238432,0.389026099285908,0.509812982069378,-0.14715734624455,-0.16936274082166,-0.124531393811237,1.48927382832669,1.36569762487751,1.67094898310058,4.50391858097458e-60,True,True,True
ETS1,COL1A1,MCPcounter_Fibroblasts_nocol,enrichment / marker score,False,,1097,0.388843526564224,0.339692398258884,0.44327480175837,-0.088076680424454,-0.134315465640494,-0.0429862284337397,1.29284038967355,1.12525211867715,1.5368490555626,1.2156918544091601e-60,True,True,True
ETS1,COL1A1,MCPcounter_Fibroblasts_recomputed,enrichment / marker score,False,MCPcounter_Fibroblasts,1097,0.44792419238432,0.389026099285908,0.509812982069378,-0.14715734624455,-0.16936274082166,-0.124531393811237,1.48927382832669,1.36569762487751,1.67094898310058,4.50391858097458e-60,True,True,True
ETS1,COL1A1,METH_EpiDISH_Epi,non-RNA,True,,783,0.047030842082334,0.0041055796317714,0.0903717215758506,0.232684467793115,0.149999525596169,0.310676389501885,0.168138247789425,0.016292314246805,0.339724623323356,0.0206550260877024,False,True,True
ETS1,COL1A1,METH_EpiDISH_Fib,non-RNA,True,,783,-0.0720294822427158,-0.104347762774573,-0.0416931585439129,0.351744792118164,0.281717955872624,0.416872772726131,-0.257509974247706,-0.464273246397757,-0.128431393610022,3.73345485198121e-06,True,True,True
ETS1,COL1A1,METH_EpiDISH_IC,non-RNA,True,,783,-0.111514389538599,-0.167539913569071,-0.0615095839980214,0.391229699414048,0.305761517516765,0.477872577670486,-0.398671025866458,-0.696146474097023,-0.207171009888247,4.19981994524203e-06,True,True,True
ETS1,COL1A1,NNLS_Wu641_full_CAFs,compositional fraction,False,,1097,0.181394117587115,0.132324598019914,0.231254038032558,0.119372728552655,0.0894139340676625,0.151818588664852,0.603105428391594,0.516345247327043,0.685220533985299,1.085931692627e-13,False,True,True
ETS1,COL1A1,NNLS_Wu641_minusAllCOL_CAFs,compositional fraction,False,,1097,0.180720820381749,0.139274812759508,0.224036670618192,0.120046025758021,0.0793695643580524,0.163836513392172,0.600866826584222,0.510612266903963,0.705980510278928,1.4308531877705902e-17,False,True,True
ETS1,COL1A1,NNLS_Wu_CAFs,compositional fraction,False,NNLS_Wu641_full_CAFs,1097,0.181394117587115,0.132324598019914,0.231254038032558,0.119372728552655,0.0894139340676625,0.151818588664852,0.603105428391594,0.516345247327043,0.685220533985299,1.085931692627e-13,False,True,True
ETS1,COL1A1,NNLS_Wu_nocol_CAFs,compositional fraction,False,,1097,0.183407935022151,0.141802730652524,0.22673331874817,0.117358911117619,0.0764262817863198,0.160572486539046,0.609801038166684,0.518754630223596,0.713987036039609,4.89852847248769e-18,False,True,True
ETS1,COL1A1,OLS_Wu_CAFs,compositional fraction,False,,1097,0.173565898199821,0.125455522597667,0.223172820390408,0.127200947939949,0.0961561396369682,0.159714791077991,0.577077894147823,0.489529096657387,0.661915762967323,6.26816861142783e-13,False,True,True
ETS1,COL1A1,PATH_stroma_allslides,non-RNA,True,,1096,0.0007686425711851,-0.0022065727100802,0.0050491931443537,0.300186883305082,0.239623049409798,0.363704269082713,0.0025540071708175,-0.0074725337855736,0.017464425373407,0.576720174690642,False,True,False
ETS1,COL1A1,PATH_stroma_frozen,non-RNA,True,,1095,0.0007346482815936,-0.0024549130543576,0.0049536869042493,0.300479167295674,0.238475669683069,0.363052928141418,0.0024389594487414,-0.0078339861537359,0.0171572712133313,0.592514963266447,False,True,False
ETS1,COL1A1,QPROG_Wu641_full_CAFs,compositional fraction,False,,1097,0.309616185761408,0.25217037280697,0.368493794580113,-0.0088493396216376,-0.0278734604566841,0.0117107612420278,1.02942259007339,0.964429521204751,1.10427128507757,3.04718651730397e-29,True,False,True
ETS1,COL1A1,QPROG_Wu641_minusAllCOL_CAFs,compositional fraction,False,,1097,0.276750345451505,0.23041455999898,0.32572270530794,0.0240165006882655,-0.0203287890001579,0.0687109697204302,0.92014910886453,0.795340592101632,1.07953649915678,2.3522493820803e-34,False,False,True
ETS1,COL1A1,QPROG_Wu_CAFs,compositional fraction,False,QPROG_Wu641_full_CAFs,1097,0.309616185761408,0.25217037280697,0.368493794580113,-0.0088493396216376,-0.0278734604566841,0.0117107612420278,1.02942259007339,0.964429521204751,1.10427128507757,3.04718651730397e-29,True,False,True
ETS1,COL1A1,QPROG_Wu_nocol_CAFs,compositional fraction,False,,1097,0.272982790964674,0.226232081971776,0.321939517850531,0.0277840551750961,-0.0168271932561743,0.0723737807346933,0.907622613556999,0.7837937774596,1.06296039331739,1.5369058607785399e-33,False,False,True
ETS1,COL1A1,RLS_Wu_CAFs,compositional fraction,False,,1097,0.123377682417968,0.0800436386259145,0.167173739615541,0.177389163721802,0.138974937587224,0.218280844490495,0.410210380570446,0.306921755552121,0.502125429896277,5.54671109101341e-09,False,True,True
ETS1,COL1A1,RLS_Wu_nocol_CAFs,compositional fraction,False,,1097,0.16395541600298,0.119725863496237,0.208009175793653,0.13681143013679,0.0991420552247281,0.176846551004099,0.545124630946817,0.45112808681924,0.634214752458678,3.1970682850048704e-14,False,True,True
ETS1,COL1A1,meanZ_CAF_A_estimate,enrichment / marker score,False,,1097,0.724040647254352,0.654523671101485,0.794922296760477,-0.423273801114582,-0.483456067773252,-0.365210722664805,2.40731535588827,2.05696556559352,2.89476338842703,1.38366084763997e-135,True,True,True
ETS1,COL1A1,meanZ_CAF_B_markers,enrichment / marker score,False,,1097,0.406752932911608,0.352905397234249,0.462748594541936,-0.105986086771838,-0.132772639759676,-0.0789115597200858,1.35238620257562,1.23259638415519,1.51368216870593,4.54917896366739e-52,True,True,True
ETS1,COL1A1,meanZ_CAF_scRNA,enrichment / marker score,False,,1097,0.461120439776933,0.408489727842572,0.518009143816391,-0.160353593637163,-0.189275998598559,-0.131816300887819,1.53314916752043,1.38173253887117,1.74305755880187,2.1034923638008402e-67,True,True,True
ETS1,COL1A1,meanZ_FARMER_clean,enrichment / marker score,False,,1097,0.416886012535897,0.360376259333901,0.476086211899439,-0.116119166396127,-0.140128855137231,-0.0930498200552888,1.38607701575647,1.27427906355663,1.54159758077212,5.69107606724227e-53,True,True,True
ETS1,COL1A1,ssGSEA_CAF_scRNA,enrichment / marker score,False,,1097,0.436866196456685,0.384777186552284,0.492711786156589,-0.136099350316915,-0.16606954773813,-0.107118133130649,1.45250782146935,1.31015374771496,1.65490630177716,5.67038522402147e-62,True,True,True
ETS1,COL1A1,ssGSEA_ESTIMATE_stromal_clean,enrichment / marker score,False,,1097,0.68254444777267,0.618342704907279,0.747596831127566,-0.3817776016329,-0.436294842455635,-0.327685933689229,2.26934735837036,1.94830511462379,2.72380492892085,9.81076566056656e-131,True,True,True
ETS1,COL1A1,xCell_Fibroblasts,enrichment / marker score,False,,1097,0.274241133373411,0.236403520015017,0.314204341997721,0.0265257127663589,-0.0287999460514582,0.0848017857610895,0.911806393866856,0.751629241247939,1.12261060222961,1.34053746711882e-41,False,False,True
ETS1,COL1A1,xCell_MicroenvironmentScore,enrichment / marker score,False,,1097,0.204317483039061,0.152285985488645,0.254353736747785,0.0964493631007093,0.0192097176530564,0.172261770584361,0.679321825731124,0.488542822560172,0.927496008062301,3.3800064521088697e-12,False,True,True
ETS1,COL1A1,xCell_StromaScore,enrichment / marker score,False,,1097,0.307478074644135,0.269025606568018,0.34778852378053,-0.0067112285043651,-0.0634874685241527,0.0505783661831474,1.02231372436989,0.854517172524487,1.25814292320556,4.70346177878857e-46,True,False,True
NFKB1,COL1A1,ABSOLUTE_nontumour,non-RNA,True,,1047,0.0500573529436771,0.0303801821689506,0.073411424782506,0.0502231151524476,-0.0067295168859084,0.109325027675102,0.499173507005314,0.262935220557196,1.14076621838383,1.19112186364727e-06,False,False,True
NFKB1,COL1A1,CBSX_Wu_CAFs,compositional fraction,False,,1097,0.109184963354959,0.0687434239386411,0.14861766105165,-0.0031265923026252,-0.041933192273157,0.0362979040921261,1.02947992008177,0.721934355156283,1.72569452960507,6.06198247705116e-07,True,False,True
NFKB1,COL1A1,CBSX_Wu_nocol_CAFs,compositional fraction,False,,1097,0.134108954550294,0.0928441377529027,0.174761228682282,-0.0280505834979602,-0.0660660224520209,0.0129125390467963,1.26448250354627,0.910295395171652,2.1508385218022,1.0725283148140701e-09,True,False,True
NFKB1,COL1A1,CONSENSUS_PC1,enrichment / marker score,False,,1097,0.208312853079836,0.156859558615094,0.25887532613563,-0.102254482027502,-0.127857564727846,-0.0744440462875343,1.96413400482123,1.51703296969138,3.22018867770344,2.0891147691608102e-14,True,True,True
NFKB1,COL1A1,CONSENSUS_rankmean,enrichment / marker score,False,,1097,0.208786089631856,0.157646834689654,0.2595215079157,-0.102727718579523,-0.130146469518112,-0.0740629176655143,1.96859604348282,1.51271527730358,3.26404244793994,9.39543027643519e-15,True,True,True
NFKB1,COL1A1,CONSENSUS_rankmean_collagensafe,enrichment / marker score,False,,1097,0.201923393185361,0.151807435517444,0.25219024852382,-0.0958650221330275,-0.124717153113587,-0.0655005609921622,1.9038892562825,1.45379199157608,3.15966146403164,2.66830669867661e-14,True,True,True
NFKB1,COL1A1,ConsensusTME_Fibroblasts,enrichment / marker score,False,,1097,0.193886178274513,0.143122666160813,0.245050887446525,-0.0878278072221791,-0.116004092713239,-0.0581209039652964,1.8281082044796,1.40236224819298,2.98058750312826,9.3533325026853e-14,True,True,True
NFKB1,COL1A1,ConsensusTME_Fibroblasts_nocol,enrichment / marker score,False,,1097,0.178726937289378,0.12802409546452,0.229132293825445,-0.0726685662370442,-0.099097408985574,-0.0448956272519303,1.68517520603052,1.31188178746299,2.66689653400582,8.38857264082882e-12,True,True,True
NFKB1,COL1A1,DTANGLE_Wu_CAFs,compositional fraction,False,,1097,0.130465649310564,0.0847673710405073,0.177953345567533,-0.0244072782582305,-0.0544477923651246,0.0062199542568607,1.23013061596229,0.95969395061115,1.89900972669463,4.39000152609409e-07,True,False,True
NFKB1,COL1A1,DTANGLE_Wu_nocol_CAFs,compositional fraction,False,,1097,0.130494483686498,0.085699658878002,0.17799759108477,-0.0244361126341646,-0.0553383057335361,0.0073237454902175,1.23040248866454,0.94615344708479,1.94095088774923,2.80916378474854e-07,True,False,True
NFKB1,COL1A1,DWLS_Wu_CAFs,compositional fraction,False,,1097,0.110743830471626,0.0630848598307277,0.158864274509691,-0.0046854594192923,-0.0362014961100488,0.0291877973598088,1.04417811977312,0.767073324814579,1.5579785874163,1.03937596511275e-05,True,False,True
NFKB1,COL1A1,EPIC_CAFs,compositional fraction,False,,1097,0.152064162601723,0.0984269017250295,0.208182128520038,-0.0460057915493898,-0.0591035798173212,-0.0332179389929648,1.43377803272774,1.23688739785944,1.99077536546539,2.10146190814754e-07,True,True,True
NFKB1,COL1A1,EPIC_CAFs_nocol,compositional fraction,False,,1097,0.114443293691982,0.0662318119796443,0.161971124307949,-0.0083849226396479,-0.0426079155478179,0.0257323021787648,1.07905950804685,0.796552253596148,1.65245889818127,3.61272101168637e-06,True,False,True
NFKB1,COL1A1,ESTIMATE_ESTIMATEScore,enrichment / marker score,False,,1097,0.180221665683207,0.142429037025133,0.217186374201164,-0.0741632946308736,-0.123992627249196,-0.0211465053877257,1.69926865644842,1.14176857011569,3.27940074578539,2.7521870902031e-23,True,True,True
NFKB1,COL1A1,ESTIMATE_StromalScore,enrichment / marker score,False,,1097,0.243703218187784,0.193387720146351,0.292274928792209,-0.13764484713545,-0.173811306815039,-0.099272481975036,2.29782162190225,1.6690357872712,4.13434375250013,5.26114851752369e-23,True,True,True
NFKB1,COL1A1,InstaPrism_Wu_CAFs,compositional fraction,False,,1097,0.161175465257559,0.106583878474587,0.215268869484867,-0.0551170942052253,-0.0813358530399637,-0.0286607548926961,1.5196864109673,1.21723618807399,2.28748265048415,2.85620904205681e-09,True,True,True
NFKB1,COL1A1,InstaPrism_Wu_nocollagen_CAFs,compositional fraction,False,,1097,0.157857755560322,0.104075901126328,0.210404501541913,-0.0517993845079889,-0.080450481745964,-0.0236356563285878,1.48840448890573,1.17603169840402,2.2702169914767,3.2071382340832604e-09,True,True,True
NFKB1,COL1A1,MCPcounter_Fibroblasts,enrichment / marker score,False,,1097,0.144799264750714,0.0912681381134361,0.198625261447426,-0.03874089369838,-0.059874951072297,-0.0170175420756407,1.36527898094214,1.13095223502163,1.9865612689945,2.3451925151937e-07,True,True,True
NFKB1,COL1A1,MCPcounter_Fibroblasts_nocol,enrichment / marker score,False,,1097,0.135835839365598,0.091517785769986,0.181243084666173,-0.0297774683132648,-0.0661415760351598,0.0072910582595322,1.28076490349424,0.946761869586436,2.13948179236061,2.17064518826889e-09,True,False,True
NFKB1,COL1A1,MCPcounter_Fibroblasts_recomputed,enrichment / marker score,False,MCPcounter_Fibroblasts,1097,0.144799264750714,0.0912681381134361,0.198625261447426,-0.03874089369838,-0.059874951072297,-0.0170175420756407,1.36527898094214,1.13095223502163,1.9865612689945,2.3451925151937e-07,True,True,True
NFKB1,COL1A1,METH_EpiDISH_Epi,non-RNA,True,,783,0.0470828200350849,0.0258770469265781,0.0726549323780966,0.0768810864377368,0.0070912298384351,0.14395525011217,0.379810715673175,0.182761337704843,0.886348781719028,2.07728173890568e-05,False,True,True
NFKB1,COL1A1,METH_EpiDISH_Fib,non-RNA,True,,783,-0.0262915170903829,-0.0546490878426855,0.0003355825778693,0.150255423563205,0.0852947943554378,0.209363753233838,-0.212090098146004,-0.779568439144377,0.0022795787823433,0.0459663955456431,True,True,False
NFKB1,COL1A1,METH_EpiDISH_IC,non-RNA,True,,783,-0.0028390998149142,-0.0250058997610043,0.0178979794952794,0.126803006287736,0.0564928019001308,0.194138431418863,-0.0229026326750739,-0.252858156213094,0.170480881427813,0.795735443960258,True,True,False
NFKB1,COL1A1,NNLS_Wu641_full_CAFs,compositional fraction,False,,1097,0.0909497916353659,0.0442595502122536,0.137711783172152,0.0151085794169676,-0.0149078951871463,0.0488926451865366,0.857544677831112,0.603757130612367,1.22059212256392,0.0003476925740324,False,False,True
NFKB1,COL1A1,NNLS_Wu641_minusAllCOL_CAFs,compositional fraction,False,,1097,0.0879909161107115,0.0464507692421061,0.128699363613385,0.0180674549416221,-0.0226676598483625,0.0599329558820492,0.82964612069417,0.55294227420762,1.353923434879,6.56168778618692e-05,False,False,True
NFKB1,COL1A1,NNLS_Wu_CAFs,compositional fraction,False,NNLS_Wu641_full_CAFs,1097,0.0909497916353659,0.0442595502122536,0.137711783172152,0.0151085794169676,-0.0149078951871463,0.0488926451865366,0.857544677831112,0.603757130612367,1.22059212256392,0.0003476925740324,False,False,True
NFKB1,COL1A1,NNLS_Wu_nocol_CAFs,compositional fraction,False,,1097,0.0935960042790403,0.0525871066243737,0.134424885564729,0.0124623667732933,-0.0286655072891368,0.0536758479320278,0.8824952085381,0.590237946755218,1.45012148243182,2.2056269150545e-05,False,False,True
NFKB1,COL1A1,OLS_Wu_CAFs,compositional fraction,False,,1097,0.0850230226511649,0.0392309330258624,0.130489164544538,0.0210353484011687,-0.0092994194196842,0.0547634402567222,0.80166253552217,0.538925616996843,1.14756763910925,0.0007121167002791,False,False,True
NFKB1,COL1A1,PATH_stroma_allslides,non-RNA,True,,1096,0.0003676261018962,-0.0026698909407633,0.0041250693927052,0.105650054731424,0.0462481277775168,0.162235463000807,0.0034675923771077,-0.030823388615217,0.0468965183721106,0.797523051802077,False,True,False
NFKB1,COL1A1,PATH_stroma_frozen,non-RNA,True,,1095,0.0003540394394198,-0.002707246634706,0.004062242050439,0.105637212722198,0.0469959706892061,0.163944191744512,0.0033402703732568,-0.0324330250128345,0.0464939347867221,0.804477573123901,False,True,False
NFKB1,COL1A1,QPROG_Wu641_full_CAFs,compositional fraction,False,,1097,0.118663750133014,0.0657953346335665,0.173186057380215,-0.01260537908068,-0.0298966783755555,0.0049739650880472,1.11885322163264,0.955337716592081,1.45180317531074,3.61332805918455e-05,True,False,True
NFKB1,COL1A1,QPROG_Wu641_minusAllCOL_CAFs,compositional fraction,False,,1097,0.109941390499143,0.0642210871472933,0.156908856854391,-0.0038830194468089,-0.0425597223689533,0.0343821072473475,1.03661209773713,0.746079101413276,1.63486697317026,1.98707953968322e-06,True,False,True
NFKB1,COL1A1,QPROG_Wu_CAFs,compositional fraction,False,QPROG_Wu641_full_CAFs,1097,0.118663750133014,0.0657953346335665,0.173186057380215,-0.01260537908068,-0.0298966783755555,0.0049739650880472,1.11885322163264,0.955337716592081,1.45180317531074,3.61332805918455e-05,True,False,True
NFKB1,COL1A1,QPROG_Wu_nocol_CAFs,compositional fraction,False,,1097,0.110451312859291,0.0645834320476397,0.157502211416354,-0.0043929418069573,-0.0425942078087392,0.0329645864657039,1.04142003845024,0.744580421739966,1.65031702414431,1.80302267449283e-06,True,False,True
NFKB1,COL1A1,RLS_Wu_CAFs,compositional fraction,False,,1097,0.0996529891275686,0.0596075810548311,0.138915832461912,0.0064053819247649,-0.0319149033728011,0.0464536352178746,0.939605126297817,0.645211802110959,1.52391996679482,6.4212146959363e-06,False,False,True
NFKB1,COL1A1,RLS_Wu_nocol_CAFs,compositional fraction,False,,1097,0.132511650716683,0.088425363765929,0.175032921269897,-0.0264532796643491,-0.0634651727335612,0.0124393715930936,1.24942189288666,0.913549310145955,2.10166591284213,5.239258531751981e-09,True,False,True
NFKB1,COL1A1,meanZ_CAF_A_estimate,enrichment / marker score,False,,1097,0.242104151165987,0.194159957409797,0.28886797173237,-0.136045780113653,-0.179808831931163,-0.0906308716842802,2.28274438654656,1.60722555520046,4.25999603077601,9.69754236528076e-27,True,True,True
NFKB1,COL1A1,meanZ_CAF_B_markers,enrichment / marker score,False,,1097,0.139585576935357,0.0863727658201504,0.192473858819633,-0.0335272058830232,-0.0557107244498032,-0.0096500180388799,1.31612031705144,1.07306198718354,1.88864239032962,3.72599644267407e-07,True,True,True
NFKB1,COL1A1,meanZ_CAF_scRNA,enrichment / marker score,False,,1097,0.178899918974153,0.127461171292975,0.230058234520217,-0.0728415479218191,-0.0994109712469331,-0.0455668244211474,1.68680621057131,1.31930626093021,2.67207229251641,2.6897304930707e-11,True,True,True
NFKB1,COL1A1,meanZ_FARMER_clean,enrichment / marker score,False,,1097,0.135097794498483,0.0820563751940752,0.190756737552044,-0.0290394234461489,-0.050012970546118,-0.007555758615405,1.27380604810364,1.05927172970988,1.75387828649383,1.32806987782872e-06,True,True,True
NFKB1,COL1A1,ssGSEA_CAF_scRNA,enrichment / marker score,False,,1097,0.17355082321371,0.122189375920659,0.22430304139828,-0.0674924521613767,-0.0941096224402864,-0.0399711116609441,1.63637081629392,1.28196057604772,2.61388431036382,7.429546937458089e-11,True,True,True
NFKB1,COL1A1,ssGSEA_ESTIMATE_stromal_clean,enrichment / marker score,False,,1097,0.246528494386455,0.197069102852106,0.293300821776923,-0.140470123334122,-0.180670715967489,-0.0980256468828339,2.32446050170625,1.65765297291736,4.27877665529793,6.87634219817444e-26,True,True,True
NFKB1,COL1A1,xCell_Fibroblasts,enrichment / marker score,False,,1097,0.112688522380887,0.0776372780246774,0.15019061182118,-0.0066301513285533,-0.0530708511991366,0.0408616174456999,1.06251417274061,0.718939421222384,1.98968326479876,2.5249983582829703e-09,True,False,True
NFKB1,COL1A1,xCell_MicroenvironmentScore,enrichment / marker score,False,,1097,0.111934413922643,0.0848839718242151,0.1413979770723,-0.005876042870309,-0.0621790672697205,0.0507910092291917,1.05540385744195,0.675147258902593,2.1276923910181,6.620498356653701e-16,True,False,True
NFKB1,COL1A1,xCell_StromaScore,enrichment / marker score,False,,1097,0.0982220882567576,0.0631954997282827,0.135248956670662,0.007836282795576,-0.0406393726213794,0.0566587620763409,0.926113490921813,0.614485900082925,1.67821540443164,1.51758189692099e-08,False,False,True
RELA,COL1A1,ABSOLUTE_nontumour,non-RNA,True,,1047,0.0173792909430405,-0.0008957284485282,0.0364903512411304,0.0243679454659534,-0.0356409056580871,0.0816878798959527,0.416297998094464,-2.71081769574075,3.14260284700109,0.0660355042384225,False,False,False
RELA,COL1A1,CBSX_Wu_CAFs,compositional fraction,False,,1097,-0.0742693340619312,-0.119354085931402,-0.0273598552013715,0.125695802126556,0.0883426157940455,0.162141067107218,-1.44418500544509,-16.976027135487,8.87266549089686,0.0008465914918624,True,True,True
RELA,COL1A1,CBSX_Wu_nocol_CAFs,compositional fraction,False,,1097,-0.0926635563234237,-0.137222423166633,-0.0452602970743945,0.144090024388048,0.106522723727249,0.182361261060348,-1.8018650669725,-20.9974531758174,10.5823054380881,3.46599886045843e-05,True,True,True
RELA,COL1A1,CONSENSUS_PC1,enrichment / marker score,False,,1097,0.0020803467254273,-0.0529932816270056,0.0572640914767335,0.0493461213391971,0.0252173104838253,0.0735349451891014,0.0404528407981094,-6.47476542879296,4.16723926336409,0.938808793521003,False,True,False
RELA,COL1A1,CONSENSUS_rankmean,enrichment / marker score,False,,1097,0.0042256246470628,-0.0486161186498587,0.0570393151291533,0.0472008434175616,0.0209749673502586,0.0731198714473756,0.0821682842724638,-5.92549734106823,3.85216934759863,0.87458347323197,False,True,False
RELA,COL1A1,CONSENSUS_rankmean_collagensafe,enrichment / marker score,False,,1097,0.0012873270344545,-0.0503721484146969,0.0536463798075114,0.0501391410301699,0.0226802655191488,0.0776622954348316,0.0250323827962842,-6.24081156481734,3.89326806973756,0.961034513701513,False,True,False
RELA,COL1A1,ConsensusTME_Fibroblasts,enrichment / marker score,False,,1097,-0.0261387485693632,-0.0793598776971398,0.0274337684046498,0.0775652166339876,0.049583862372677,0.105259245038624,-0.50827423218169,-11.2348051818843,6.13902531697933,0.313296684731238,True,True,False
RELA,COL1A1,ConsensusTME_Fibroblasts_nocol,enrichment / marker score,False,,1097,-0.0181350897919175,-0.0711435078882661,0.0370290994380564,0.069561557856542,0.0421811411365353,0.0970458901627804,-0.352641168534621,-9.35009337885514,5.43489092514254,0.487522442023324,True,True,False
RELA,COL1A1,DTANGLE_Wu_CAFs,compositional fraction,False,,1097,-0.0653479988364317,-0.116883842512229,-0.012360043969619,0.116774466901056,0.0876591187373717,0.145270155149309,-1.27070750327075,-17.8352132374557,9.29666774528021,0.0123724057211758,True,True,True
RELA,COL1A1,DTANGLE_Wu_nocol_CAFs,compositional fraction,False,,1097,-0.0644125077951173,-0.114945242839458,-0.0124517656692844,0.115838975859742,0.085637868151401,0.146201939358526,-1.25251665570683,-17.9651381024637,9.08545303042315,0.0121807663047421,True,True,True
RELA,COL1A1,DWLS_Wu_CAFs,compositional fraction,False,,1097,-0.0154103935447068,-0.0670448883484773,0.0390010874497466,0.0668368616093313,0.0338000080552306,0.0981475909427827,-0.299658796815319,-8.46083503050646,4.70769370486348,0.541813660895055,True,True,False
RELA,COL1A1,EPIC_CAFs,compositional fraction,False,,1097,0.0094543777734179,-0.0489829022586417,0.0712694794364833,0.0419720902912065,0.0303119497675998,0.0541115499013474,0.183842642305072,-5.69940123598785,4.18342908457663,0.747857452777545,False,True,False
RELA,COL1A1,EPIC_CAFs_nocol,compositional fraction,False,,1097,-0.0261328765723217,-0.0780784891953976,0.0245584179796593,0.0775593446369462,0.0412928126189712,0.11298416251528,-0.508160049791523,-10.219981893993,6.09972730554353,0.293172203383031,True,True,False
RELA,COL1A1,ESTIMATE_ESTIMATEScore,enrichment / marker score,False,,1097,0.0393572741400232,0.00950098029722,0.0694834655530859,0.0120691939246013,-0.0362639714726583,0.0632918739453099,0.765311630784469,-1.43788833211788,4.53045879263446,0.0144751197212669,False,False,True
RELA,COL1A1,ESTIMATE_StromalScore,enrichment / marker score,False,,1097,0.0020172404418687,-0.0456965367429146,0.0502107103558518,0.0494092276227557,0.0154955987496347,0.0838488087499713,0.0392257239858236,-4.97022981855347,3.0792981566518,0.93282360832462,False,True,False
RELA,COL1A1,InstaPrism_Wu_CAFs,compositional fraction,False,,1097,0.0184885377454334,-0.0361587663789697,0.0737992890956351,0.0329379303191911,0.0056401288644883,0.0607996265659616,0.359514048722926,-3.49648986540396,2.28895281973357,0.495863752239205,False,True,False
RELA,COL1A1,InstaPrism_Wu_nocollagen_CAFs,compositional fraction,False,,1097,0.0213257425626222,-0.032433989698713,0.0765444028244962,0.0301007255020022,0.0010194536294559,0.0594297170062824,0.414684176557167,-3.03138498111523,2.0858747352228,0.42382685088577,False,True,False
RELA,COL1A1,MCPcounter_Fibroblasts,enrichment / marker score,False,,1097,0.0663244745676506,0.0088786022999563,0.126621628464402,-0.0148980065030262,-0.0353763212704546,0.0040277111840734,1.28969530795513,-0.7546955821927,4.13333974976055,0.0182136235349618,True,False,True
RELA,COL1A1,MCPcounter_Fibroblasts_nocol,enrichment / marker score,False,,1097,0.0493251448308074,0.0016464146303342,0.0967632391428566,0.0021013232338171,-0.0354564941980342,0.0379165233383871,0.959139265967546,-0.815418452366268,4.089007617186,0.0290445715617792,False,False,True
RELA,COL1A1,MCPcounter_Fibroblasts_recomputed,enrichment / marker score,False,MCPcounter_Fibroblasts,1097,0.0663244745676506,0.0088786022999563,0.126621628464402,-0.0148980065030262,-0.0353763212704546,0.0040277111840734,1.28969530795513,-0.7546955821927,4.13333974976055,0.0182136235349618,True,False,True
RELA,COL1A1,METH_EpiDISH_Epi,non-RNA,True,,783,0.0008825769235389,-0.0147363729377994,0.016725758758902,0.0341482072848438,-0.0321302269364519,0.110715919322901,0.0251943238920638,-1.19302710274129,1.75240938437497,0.906779255761379,False,False,False
RELA,COL1A1,METH_EpiDISH_Fib,non-RNA,True,,783,-0.0539258044413154,-0.0864937554884059,-0.0243562290895231,0.0889565886496982,0.023944863300233,0.160202000624904,-1.53938330699463,-15.3576694096813,16.5254551602318,9.90455252601937e-05,True,True,True
RELA,COL1A1,METH_EpiDISH_IC,non-RNA,True,,783,0.0021630335295918,-0.0046066479163721,0.0091638537895973,0.0328677506787909,-0.0368489463999667,0.110950608221528,0.061746648796811,-0.703778881240676,0.926574048468087,0.504829230525685,False,False,False
RELA,COL1A1,NNLS_Wu641_full_CAFs,compositional fraction,False,,1097,-0.0309874783452048,-0.0779078626758927,0.0223167458141195,0.0824139464098293,0.0539079943360336,0.110284744213387,-0.602558945060446,-10.860017004525,5.67699703233329,0.226946596182475,True,True,False
RELA,COL1A1,NNLS_Wu641_minusAllCOL_CAFs,compositional fraction,False,,1097,-0.0788321907903147,-0.122320912913799,-0.0320097542982863,0.130258658854939,0.0926255345785651,0.168757945380997,-1.53291084838358,-17.2167552898239,8.98584759895459,0.0004648185596457,True,True,True
RELA,COL1A1,NNLS_Wu_CAFs,compositional fraction,False,NNLS_Wu641_full_CAFs,1097,-0.0309874783452048,-0.0779078626758927,0.0223167458141195,0.0824139464098293,0.0539079943360336,0.110284744213387,-0.602558945060446,-10.860017004525,5.67699703233329,0.226946596182475,True,True,False
RELA,COL1A1,NNLS_Wu_nocol_CAFs,compositional fraction,False,,1097,-0.092479782803031,-0.136230091102816,-0.0450918850139038,0.143906250867655,0.107084161974686,0.181974008202563,-1.79829154681238,-19.8111223543038,10.3982531448393,4.38209285272003e-05,True,True,True
RELA,COL1A1,OLS_Wu_CAFs,compositional fraction,False,,1097,-0.0318326357372245,-0.0780038615885264,0.0215016445227106,0.0832591038018489,0.0536578368758692,0.112261251993477,-0.618993233158116,-10.759233382422,5.59900529413018,0.209094776886701,True,True,False
RELA,COL1A1,PATH_stroma_allslides,non-RNA,True,,1096,-0.0026051436456518,-0.0079437073868852,0.0010544402403093,0.054251676187139,-0.0050271752551705,0.116960180136852,-0.0504417918774924,-0.538417066291096,0.275606596880398,0.23217965554449,True,False,False
RELA,COL1A1,PATH_stroma_frozen,non-RNA,True,,1095,-0.0026309818070439,-0.0080588114849933,0.0010036868997614,0.0543111265044156,-0.005874952531849,0.116522957198961,-0.0509089481550485,-0.545462442790695,0.303695469794571,0.230186856631784,True,False,False
RELA,COL1A1,QPROG_Wu641_full_CAFs,compositional fraction,False,,1097,0.004205568123491,-0.0496232033833573,0.0608318496164511,0.0472208999411334,0.0322506770452456,0.0625471683903615,0.0817782803634528,-6.31115834214297,4.39692502134368,0.884200520223599,False,True,False
RELA,COL1A1,QPROG_Wu641_minusAllCOL_CAFs,compositional fraction,False,,1097,-0.0816949393235382,-0.1258951303659,-0.0345839560296992,0.133121407388163,0.0970603883880685,0.168225792749263,-1.58857767989972,-19.2551931455653,10.0981247645745,0.0005227295448734,True,True,True
RELA,COL1A1,QPROG_Wu_CAFs,compositional fraction,False,QPROG_Wu641_full_CAFs,1097,0.004205568123491,-0.0496232033833573,0.0608318496164511,0.0472208999411334,0.0322506770452456,0.0625471683903615,0.0817782803634528,-6.31115834214297,4.39692502134368,0.884200520223599,False,True,False
RELA,COL1A1,QPROG_Wu_nocol_CAFs,compositional fraction,False,,1097,-0.0855929509462531,-0.130101964865502,-0.0381483219522789,0.137019419010878,0.101416268445392,0.171533839969856,-1.66437545037497,-20.2465128905681,10.391306095615,0.0002850634757982,True,True,True
RELA,COL1A1,RLS_Wu_CAFs,compositional fraction,False,,1097,-0.0780810895104083,-0.12366019593637,-0.0314030348092345,0.129507557575033,0.0920439896638941,0.165656053147447,-1.51830550393406,-17.8557739083017,9.48280807451312,0.0005271545101036,True,True,True
RELA,COL1A1,RLS_Wu_nocol_CAFs,compositional fraction,False,,1097,-0.0941015793875382,-0.140003208953986,-0.0461983487445742,0.145528047452163,0.109439632691436,0.181024415793046,-1.82982777019193,-21.3448211933718,10.8954999277166,4.68401329367732e-05,True,True,True
RELA,COL1A1,meanZ_CAF_A_estimate,enrichment / marker score,False,,1097,0.0064308012715456,-0.0360230059522942,0.0490531750849074,0.0449956667930788,0.0050764096503532,0.0853222602669329,0.125048472383218,-3.34710583809335,2.22748218243206,0.76293723272578,False,True,False
RELA,COL1A1,meanZ_CAF_B_markers,enrichment / marker score,False,,1097,-0.0200674914178317,-0.0745346648975062,0.0387208903411078,0.0714939594824561,0.0498036855746297,0.0937014507827408,-0.390217181405771,-10.8402287704925,6.22766536098544,0.467344747842675,True,True,False
RELA,COL1A1,meanZ_CAF_scRNA,enrichment / marker score,False,,1097,0.0043058625742737,-0.0502075721713308,0.0589084773909812,0.0471206054903507,0.0218080367459195,0.0731020349402353,0.0837285300025437,-5.93802427160478,3.61121287009731,0.872380082473966,False,True,False
RELA,COL1A1,meanZ_FARMER_clean,enrichment / marker score,False,,1097,0.022424712398549,-0.0351569042420066,0.0809925850764712,0.0290017556660754,0.0084080265073979,0.0504460163887789,0.436053908473148,-3.51149469908363,2.67475306096773,0.423764690888857,False,True,False
RELA,COL1A1,ssGSEA_CAF_scRNA,enrichment / marker score,False,,1097,-0.0003032674131011,-0.0526917739659154,0.0527607289303907,0.0517297354777256,0.0267374706865566,0.0781347918795271,-0.0058971075501445,-6.52306881742397,4.05988418380088,0.990911734557769,True,True,False
RELA,COL1A1,ssGSEA_ESTIMATE_stromal_clean,enrichment / marker score,False,,1097,0.0065458712727792,-0.0378306712913058,0.0507837951442871,0.0448805967918452,0.0068566853893976,0.0821945021781165,0.127286036142973,-3.52937079645189,2.14968627968553,0.769456016804845,False,True,False
RELA,COL1A1,xCell_Fibroblasts,enrichment / marker score,False,,1097,0.0390429271212858,0.0037227353408752,0.0759243401314907,0.0123835409433387,-0.0357902761633272,0.0617202778935738,0.759199077646611,-1.18837291570898,4.34799374608656,0.036460377009703,False,False,True
RELA,COL1A1,xCell_MicroenvironmentScore,enrichment / marker score,False,,1097,0.011452010127126,-0.0091450501604165,0.0316025330821657,0.0399744579374984,-0.0137933375624671,0.0982732602169861,0.222687082315958,-0.714225708532142,1.89185487061509,0.285710494389159,False,False,False
RELA,COL1A1,xCell_StromaScore,enrichment / marker score,False,,1097,0.0154334117453921,-0.0174183015532335,0.0511953731085624,0.0359930563192324,-0.0130807840915373,0.0840286728059137,0.300106391245805,-1.34351193813918,2.01101316636509,0.365803920236273,False,False,False
SP1,COL1A1,ABSOLUTE_nontumour,non-RNA,True,,1047,-0.023478737596063,-0.0438589744536697,-0.0058631051739102,0.0590495880927689,0.0016347733064925,0.117554956238523,-0.660055558644493,-6.82463238650039,6.7608674243193,0.0158879467234119,True,True,True
SP1,COL1A1,CBSX_Wu_CAFs,compositional fraction,False,,1097,0.242732838686543,0.201043128101168,0.287445025369175,-0.20406907704055,-0.248397065867741,-0.157373702634706,6.27804508286132,-49.3405986883988,66.1320237747637,6.32174526503286e-25,True,True,True
SP1,COL1A1,CBSX_Wu_nocol_CAFs,compositional fraction,False,,1097,0.25403184558166,0.212413912152729,0.298259851019566,-0.215368083935668,-0.259995038035236,-0.170522418117542,6.57028273419415,-51.703693340102,69.383773150243,7.13577809288305e-27,True,True,True
SP1,COL1A1,CONSENSUS_PC1,enrichment / marker score,False,,1097,0.139146715642813,0.0888772842342257,0.188371172375037,-0.100482953996821,-0.126464615705283,-0.0725423729758681,3.59889234050348,-23.0156972973048,32.9457176415134,3.51424141645914e-07,True,True,True
SP1,COL1A1,CONSENSUS_rankmean,enrichment / marker score,False,,1097,0.138795596078221,0.0911421152262803,0.186398394052758,-0.100131834432229,-0.12906688839031,-0.0695347076114581,3.58981097982764,-23.690056989709,33.8753141375274,2.75189192516236e-07,True,True,True
SP1,COL1A1,CONSENSUS_rankmean_collagensafe,enrichment / marker score,False,,1097,0.136696826360589,0.0889735581573056,0.183035372068505,-0.0980330647145972,-0.12812833104832,-0.0655672023796903,3.53552837440377,-23.0787140378162,33.3036430162831,2.7207647155574e-07,True,True,True
SP1,COL1A1,ConsensusTME_Fibroblasts,enrichment / marker score,False,,1097,0.228384887173358,0.178744075682408,0.276206325983641,-0.189721125527366,-0.222456873076667,-0.156701718236261,5.90694949095913,-43.0715495342938,60.1214210368762,1.18218975606702e-17,True,True,True
SP1,COL1A1,ConsensusTME_Fibroblasts_nocol,enrichment / marker score,False,,1097,0.21305134152258,0.164253324572118,0.260593922819848,-0.174387579876588,-0.206282966146596,-0.139538074137182,5.51036248033216,-39.4466941656348,55.6989815167198,1.7932782330425e-15,True,True,True
SP1,COL1A1,DTANGLE_Wu_CAFs,compositional fraction,False,,1097,0.224690421568597,0.176381136574786,0.275344552271909,-0.186026659922605,-0.218963194696096,-0.153706380428018,5.81139578776317,-42.5428067929802,59.3088134709551,4.05237690928877e-17,True,True,True
SP1,COL1A1,DTANGLE_Wu_nocol_CAFs,compositional fraction,False,,1097,0.225691371573772,0.178299494397981,0.275023624814501,-0.18702760992778,-0.22154197621859,-0.154609387962145,5.83728437083327,-42.5225870019901,59.9436170399957,1.04125992126415e-17,True,True,True
SP1,COL1A1,DWLS_Wu_CAFs,compositional fraction,False,,1097,0.135384379462387,0.0860830553666079,0.183039596532508,-0.0967206178163952,-0.129103293285873,-0.0626584602902605,3.5015832319156,-22.4722924869402,33.7899237287904,1.10214110974867e-07,True,True,True
SP1,COL1A1,EPIC_CAFs,compositional fraction,False,,1097,0.115060291199797,0.058945455826405,0.171358075301899,-0.0763965295538051,-0.0923268840107374,-0.0612671220036668,2.97592076666768,-16.5221998023891,24.8339641225342,9.60753443951673e-05,True,True,True
SP1,COL1A1,EPIC_CAFs_nocol,compositional fraction,False,,1097,0.140563010021648,0.0954120231694863,0.187108468648819,-0.101899248375656,-0.136301482077916,-0.0674279082376058,3.63552339548988,-23.952063759307,34.9579840849186,2.19348249204494e-08,True,True,True
SP1,COL1A1,ESTIMATE_ESTIMATEScore,enrichment / marker score,False,,1097,-0.0065614194401872,-0.0383578468203934,0.0242562222404925,0.0452251810861793,-0.0048393272463224,0.0961039725660914,-0.169704631956508,-5.25522233068775,3.54789248681124,0.683096028123757,True,False,False
SP1,COL1A1,ESTIMATE_StromalScore,enrichment / marker score,False,,1097,0.121222594306488,0.0773976193336076,0.166489861548356,-0.0825588326604955,-0.118815778609235,-0.045854514259419,3.13530264893544,-21.221190027693,31.1860308543565,5.43749407623265e-07,True,True,True
SP1,COL1A1,InstaPrism_Wu_CAFs,compositional fraction,False,,1097,0.0846379877592281,0.0312641900082043,0.135732541320053,-0.045974226113236,-0.0721239391455376,-0.0173331706633255,2.18907794161828,-10.2982504743936,18.5440482496119,0.0018690191501247,True,True,True
SP1,COL1A1,InstaPrism_Wu_nocollagen_CAFs,compositional fraction,False,,1097,0.0763045015971273,0.0252101547201791,0.126305700974502,-0.0376407399511352,-0.0658145494139976,-0.0059442168883574,1.97354055448035,-9.2481612527227,16.2526091834036,0.0042916451324077,True,True,True
SP1,COL1A1,MCPcounter_Fibroblasts,enrichment / marker score,False,,1097,0.0378606435423265,-0.0168386768837296,0.0927538291389273,0.0008031181036656,-0.0195905429097986,0.0228227172699026,0.979228143629194,-0.771757243711488,3.49546559868725,0.17781749162606,False,False,False
SP1,COL1A1,MCPcounter_Fibroblasts_nocol,enrichment / marker score,False,,1097,0.0722101190320792,0.0302100316929376,0.115012355070993,-0.0335463573860872,-0.0730627686772082,0.0083996492160158,1.86764339417462,-10.2315492387001,17.7414789657447,0.0014575495710565,True,False,True
SP1,COL1A1,MCPcounter_Fibroblasts_recomputed,enrichment / marker score,False,MCPcounter_Fibroblasts,1097,0.0378606435423265,-0.0168386768837296,0.0927538291389273,0.0008031181036656,-0.0195905429097986,0.0228227172699026,0.979228143629194,-0.771757243711488,3.49546559868725,0.17781749162606,False,False,False
SP1,COL1A1,METH_EpiDISH_Epi,non-RNA,True,,783,-0.0165275148484718,-0.03488473584245,-0.0008967038152555,0.0374035830917214,-0.0298814786651702,0.105986489355167,-0.791696724492942,-5.22094792389321,5.8626581582838,0.0410604285704384,True,False,True
SP1,COL1A1,METH_EpiDISH_Fib,non-RNA,True,,783,0.0481857115451614,0.0207941090354868,0.0766675554392892,-0.0273096433019119,-0.094277934074019,0.0432979799730024,2.30817944182294,-13.956971658352,13.7553723679224,0.0003297120843989,True,False,True
SP1,COL1A1,METH_EpiDISH_IC,non-RNA,True,,783,-0.0036457409565428,-0.0137985518281513,0.0052274264187683,0.0245218091997924,-0.0487951909267163,0.0965204327726922,-0.174637336593386,-1.59213085463887,1.55434535683799,0.409519418677241,True,False,False
SP1,COL1A1,NNLS_Wu641_full_CAFs,compositional fraction,False,,1097,0.124217143494523,0.0744144103212584,0.175262371914346,-0.0855533818485313,-0.119453061819686,-0.0485476679125982,3.21275370544293,-19.4873090520799,32.6914013019019,1.43779881931026e-06,True,True,True
SP1,COL1A1,NNLS_Wu641_minusAllCOL_CAFs,compositional fraction,False,,1097,0.164246277066813,0.118291531471286,0.209132347157747,-0.125582515420821,-0.17054495131798,-0.0761991700518451,4.24806770149946,-29.8050601565487,47.1234255605296,6.60843346770359e-13,True,True,True
SP1,COL1A1,NNLS_Wu_CAFs,compositional fraction,False,NNLS_Wu641_full_CAFs,1097,0.124217143494523,0.0744144103212584,0.175262371914346,-0.0855533818485313,-0.119453061819686,-0.0485476679125982,3.21275370544293,-19.4873090520799,32.6914013019019,1.43779881931026e-06,True,True,True
SP1,COL1A1,NNLS_Wu_nocol_CAFs,compositional fraction,False,,1097,0.186275700885799,0.139456649133754,0.232492232467374,-0.147611939239807,-0.19310762270524,-0.0969480344869858,4.81783698625477,-34.920712938329,54.5065566169263,6.8656205044933e-16,True,True,True
SP1,COL1A1,OLS_Wu_CAFs,compositional fraction,False,,1097,0.125632364236585,0.0773627028320988,0.174851842101235,-0.0869686025905926,-0.121179490525296,-0.0504192664919036,3.24935699187479,-20.1254426486681,33.2456148612689,8.22749270604487e-07,True,True,True
SP1,COL1A1,PATH_stroma_allslides,non-RNA,True,,1096,0.0040660340602425,-0.0016991905806845,0.0114455324317113,0.0342520587230135,-0.0245863055311611,0.0950753154514631,0.106112641963728,-0.782941934781068,1.02973819772631,0.186790740466737,False,False,False
SP1,COL1A1,PATH_stroma_frozen,non-RNA,True,,1095,0.0041001864811261,-0.0017240185101902,0.0115179423653127,0.0343364766933516,-0.0266599301390231,0.0941684656191084,0.106673840611863,-0.826095806191749,1.11464576902311,0.187232349357886,False,False,False
SP1,COL1A1,QPROG_Wu641_full_CAFs,compositional fraction,False,,1097,0.0849083506887337,0.0291110169066271,0.13819079354328,-0.0462445890427416,-0.06592734230618,-0.0240897802725888,2.19607061170509,-9.46370557959766,16.9038570281055,0.0033062215393434,True,True,True
SP1,COL1A1,QPROG_Wu641_minusAllCOL_CAFs,compositional fraction,False,,1097,0.142954398308389,0.0973959460797064,0.188220937722899,-0.104290636662397,-0.147512151385504,-0.0568355603002065,3.6973742911331,-25.018293877828,38.5293172564953,1.4277130970516202e-09,True,True,True
SP1,COL1A1,QPROG_Wu_CAFs,compositional fraction,False,QPROG_Wu641_full_CAFs,1097,0.0849083506887337,0.0291110169066271,0.13819079354328,-0.0462445890427416,-0.06592734230618,-0.0240897802725888,2.19607061170509,-9.46370557959766,16.9038570281055,0.0033062215393434,True,True,True
SP1,COL1A1,QPROG_Wu_nocol_CAFs,compositional fraction,False,,1097,0.14638905637342,0.100514362746319,0.192395727993044,-0.107725294727428,-0.150570804863553,-0.0599326360717912,3.78620832897139,-25.4658584864077,39.7152060446848,6.07276492996775e-10,True,True,True
SP1,COL1A1,RLS_Wu_CAFs,compositional fraction,False,,1097,0.236299256380164,0.194993916193613,0.281293200852933,-0.197635494734171,-0.241221692204804,-0.152285782851929,6.11164683208361,-48.2367299176869,64.8983244886733,1.6857732553447e-23,True,True,True
SP1,COL1A1,RLS_Wu_nocol_CAFs,compositional fraction,False,,1097,0.255332443134557,0.212427595969245,0.30107217670452,-0.216668681488565,-0.25974452711887,-0.172534308013482,6.6039214050717,-52.6049207468085,69.1547394170423,6.64605649889315e-26,True,True,True
SP1,COL1A1,meanZ_CAF_A_estimate,enrichment / marker score,False,,1097,0.0939263320967789,0.0539330915616523,0.135052014856843,-0.0552625704507868,-0.0974583896426275,-0.0116084097968353,2.42931179218345,-14.9356940898412,24.3987696132709,1.31294741129563e-05,True,True,True
SP1,COL1A1,meanZ_CAF_B_markers,enrichment / marker score,False,,1097,0.104359030396717,0.0504311419368468,0.157684106973578,-0.065695268750725,-0.0895106317088372,-0.040208964848909,2.69914322750681,-14.3781689409031,23.1431834255952,0.0001604638217187,True,True,True
SP1,COL1A1,meanZ_CAF_scRNA,enrichment / marker score,False,,1097,0.131730259025978,0.0827740522048919,0.179179169458223,-0.0930664973799864,-0.124310242879824,-0.0615521394716401,3.40707301664306,-21.7556125183983,32.9656395934675,1.07369776372356e-06,True,True,True
SP1,COL1A1,meanZ_FARMER_clean,enrichment / marker score,False,,1097,0.0664643348856418,0.0111624475389019,0.12072586634274,-0.0278005732396497,-0.0500691093380526,-0.0041227973986466,1.71903436334502,-6.0310408155218,11.9470916478091,0.017862587250524,True,True,True
SP1,COL1A1,ssGSEA_CAF_scRNA,enrichment / marker score,False,,1097,0.143705552312765,0.0955354616934559,0.19045144887898,-0.105041790666772,-0.137985954694773,-0.0722921507438343,3.71680214740981,-24.7266170654862,36.8348619125275,8.96131627054976e-08,True,True,True
SP1,COL1A1,ssGSEA_ESTIMATE_stromal_clean,enrichment / marker score,False,,1097,0.103702789940046,0.0623569693741256,0.145833087523783,-0.0650390282940535,-0.105209504359403,-0.0242577688076564,2.68217021637871,-17.2399148668575,27.4690926327237,4.37430617017809e-06,True,True,True
SP1,COL1A1,xCell_Fibroblasts,enrichment / marker score,False,,1097,0.0549894057235783,0.0216297841412255,0.0863581700867715,-0.0163256440775862,-0.0661973424605152,0.031693064777375,1.42224665636688,-9.05065510567463,14.3823696699375,0.0033690383482941,True,False,True
SP1,COL1A1,xCell_MicroenvironmentScore,enrichment / marker score,False,,1097,0.0096731266593297,-0.0113065833433194,0.0322357363690562,0.0289906349866624,-0.0253382406637343,0.083632615688807,0.25018586520105,-1.94008927030936,2.38020639154443,0.367444993878676,False,False,False
SP1,COL1A1,xCell_StromaScore,enrichment / marker score,False,,1097,0.0511555750973406,0.01875922003103,0.084611652547819,-0.0124918134513485,-0.0597637224794069,0.0383354227175852,1.32308841456567,-8.26013139240854,13.0260723768436,0.0029406954693894,True,False,True
hsa-miR-29a,COL1A1,ABSOLUTE_nontumour,non-RNA,True,,1023,0.0710169554196865,0.0472169328678967,0.0982108241616901,-0.291780551319441,-0.353323001134557,-0.235509015764881,-0.32168779970378,-0.560449790456062,-0.179442770723528,1.11675864996753e-08,True,True,True
hsa-miR-29a,COL1A1,CBSX_Wu_CAFs,compositional fraction,False,,1066,-0.177217034255995,-0.222485909729926,-0.132890594848953,-0.0529857215813055,-0.0941999711963929,-0.0081269066773318,0.769830202993946,0.638930781179438,0.951704598118974,3.8938596500820897e-16,False,True,True
hsa-miR-29a,COL1A1,CBSX_Wu_nocol_CAFs,compositional fraction,False,,1066,-0.1727326442842,-0.220440998242517,-0.128125833029631,-0.0574701115531,-0.0975312376377848,-0.0129360660312906,0.750350027982645,0.619344221425786,0.93132326036629,1.95299574976096e-15,False,True,True
hsa-miR-29a,COL1A1,CONSENSUS_PC1,enrichment / marker score,False,,1066,-0.116487951874007,-0.171485194739608,-0.0635426774090626,-0.113714803963294,-0.139746057019471,-0.0877662262746625,0.506023272615974,0.356205775830987,0.621377243293887,1.38325816252442e-05,False,True,True
hsa-miR-29a,COL1A1,CONSENSUS_rankmean,enrichment / marker score,False,,1066,-0.110875890170074,-0.165481129447759,-0.0576768799628784,-0.119326865667226,-0.146071939093736,-0.0930078200035273,0.481644495378836,0.325023034593659,0.600094139011184,2.83745603060959e-05,False,True,True
hsa-miR-29a,COL1A1,CONSENSUS_rankmean_collagensafe,enrichment / marker score,False,,1066,-0.104586087056765,-0.158515996978946,-0.0523570757408684,-0.125616668780535,-0.153448542850946,-0.0982247342189244,0.454321611730326,0.296675932019778,0.576548845400563,6.04314452681988e-05,False,True,True
hsa-miR-29a,COL1A1,ConsensusTME_Fibroblasts,enrichment / marker score,False,,1066,-0.149428281334529,-0.202493273633273,-0.0985604654407321,-0.0807744745027707,-0.111225898695933,-0.0518495477194245,0.649115953416911,0.528863048402033,0.759816358612537,4.61643023810666e-09,False,True,True
hsa-miR-29a,COL1A1,ConsensusTME_Fibroblasts_nocol,enrichment / marker score,False,,1066,-0.149373406213481,-0.203568236544273,-0.0959194238985306,-0.0808293496238192,-0.109808476984833,-0.0512170937238771,0.64887757607495,0.520435027206385,0.760723086675966,6.36368398684521e-09,False,True,True
hsa-miR-29a,COL1A1,DTANGLE_Wu_CAFs,compositional fraction,False,,1066,-0.222927381539901,-0.278582872648167,-0.17089689127778,-0.0072753742973994,-0.0376337544051044,0.0240603036099993,0.968395798430226,0.853679217216876,1.12523214606109,4.43003732087999e-18,False,False,True
hsa-miR-29a,COL1A1,DTANGLE_Wu_nocol_CAFs,compositional fraction,False,,1066,-0.217426874141373,-0.272395980246154,-0.166296771202801,-0.0127758816959274,-0.0441062960026067,0.0206210923560944,0.944501612721974,0.825253322767088,1.10351554467491,8.42227136274678e-18,False,False,True
hsa-miR-29a,COL1A1,DWLS_Wu_CAFs,compositional fraction,False,,1066,-0.172532739518526,-0.225367982320274,-0.119872005964477,-0.0576700163187744,-0.0890477270199325,-0.0257002766206897,0.749481642350391,0.630795812140477,0.878215764264157,4.67943042734407e-12,False,True,True
hsa-miR-29a,COL1A1,EPIC_CAFs,compositional fraction,False,,1066,-0.228837187972296,-0.290208788140965,-0.169710612940843,-0.0013655678650042,-0.0141737930038594,0.0119639674972086,0.99406797777013,0.943219588768535,1.05913839740483,3.1739507139859604e-15,False,False,True
hsa-miR-29a,COL1A1,EPIC_CAFs_nocol,compositional fraction,False,,1066,-0.133901148231055,-0.184272934132122,-0.0819730611475634,-0.0963016076062455,-0.129648219839632,-0.0631677651886207,0.581666139243318,0.449539220484987,0.700467704755651,4.25340987635317e-08,False,True,True
hsa-miR-29a,COL1A1,ESTIMATE_ESTIMATEScore,enrichment / marker score,False,,1066,0.0841451382697553,0.0460966540320399,0.123070495035736,-0.314347894107055,-0.364803635910081,-0.264652251611443,-0.36552619869254,-0.689407763760085,-0.173438773826858,2.09608309277626e-06,True,True,True
hsa-miR-29a,COL1A1,ESTIMATE_StromalScore,enrichment / marker score,False,,1066,-0.0401174705766091,-0.0886379352324076,0.0094762704836748,-0.190085285260691,-0.226167279322047,-0.153438821253574,0.174270157760243,-0.0553976263398265,0.327002689307214,0.0928896677120772,False,True,False
hsa-miR-29a,COL1A1,InstaPrism_Wu_CAFs,compositional fraction,False,,1066,-0.117929378894198,-0.175058509882979,-0.0631657772969065,-0.112273376943102,-0.139869263375918,-0.0854171464934031,0.51228482676179,0.35934624533797,0.634587110339999,1.15153248042728e-05,False,True,True
hsa-miR-29a,COL1A1,InstaPrism_Wu_nocollagen_CAFs,compositional fraction,False,,1066,-0.100793337919577,-0.157337804806752,-0.0472680306992503,-0.129409417917724,-0.158511643249221,-0.101615459918315,0.437845922187022,0.267035474737089,0.568489685907734,0.0001385816357111,False,True,True
hsa-miR-29a,COL1A1,MCPcounter_Fibroblasts,enrichment / marker score,False,,1066,-0.146166913759691,-0.204836067748219,-0.08931139281605,-0.0840358420776091,-0.106422190497536,-0.0635091714674049,0.634948583599916,0.505355007823844,0.729577673811445,1.43634014596501e-07,False,True,True
hsa-miR-29a,COL1A1,MCPcounter_Fibroblasts_nocol,enrichment / marker score,False,,1066,-0.0629457542463059,-0.108316546969341,-0.0167595415195599,-0.167257001590994,-0.208546749887746,-0.129919389551653,0.273436145529005,0.0913426902557715,0.406934158495777,0.0049131389127754,False,True,True
hsa-miR-29a,COL1A1,MCPcounter_Fibroblasts_recomputed,enrichment / marker score,False,MCPcounter_Fibroblasts,1066,-0.146166913759691,-0.204836067748219,-0.08931139281605,-0.0840358420776091,-0.106422190497536,-0.0635091714674049,0.634948583599916,0.505355007823844,0.729577673811445,1.43634014596501e-07,False,True,True
hsa-miR-29a,COL1A1,METH_EpiDISH_Epi,non-RNA,True,,767,0.0441952204283593,0.0239067129697591,0.0697503070157767,-0.29224671546172,-0.362921888239252,-0.220571650808301,-0.178169538637191,-0.335877432043475,-0.085841541049909,4.74702359642424e-05,True,True,True
hsa-miR-29a,COL1A1,METH_EpiDISH_Fib,non-RNA,True,,767,-0.0841971525280697,-0.114481901433103,-0.0566041558944917,-0.163854342505291,-0.238602412099194,-0.0905206428132754,0.339434166751327,0.21919398643622,0.516143029159522,3.8513041319923205e-09,False,True,True
hsa-miR-29a,COL1A1,METH_EpiDISH_IC,non-RNA,True,,767,0.0361832546396502,0.013670770477116,0.0600733714259031,-0.284234749673011,-0.357301558134982,-0.207248832982546,-0.145869931704237,-0.267929536013789,-0.0536230421863967,0.0029836370732004,True,True,True
hsa-miR-29a,COL1A1,NNLS_Wu641_full_CAFs,compositional fraction,False,,1066,-0.221174841647906,-0.27011391417316,-0.170840655007516,-0.0090279141893943,-0.0433204888497775,0.0246551898285526,0.960782771011764,0.832212863296484,1.12738950221097,2.7166299797071397e-18,False,False,True
hsa-miR-29a,COL1A1,NNLS_Wu641_minusAllCOL_CAFs,compositional fraction,False,,1066,-0.168610980831279,-0.211635971689285,-0.126307665809972,-0.0615917750060209,-0.101591737807241,-0.0208383840085663,0.732445535753916,0.613243955768095,0.884316951674577,1.62572153771367e-14,False,True,True
hsa-miR-29a,COL1A1,NNLS_Wu_CAFs,compositional fraction,False,NNLS_Wu641_full_CAFs,1066,-0.221174841647906,-0.27011391417316,-0.170840655007516,-0.0090279141893943,-0.0433204888497775,0.0246551898285526,0.960782771011764,0.832212863296484,1.12738950221097,2.7166299797071397e-18,False,False,True
hsa-miR-29a,COL1A1,NNLS_Wu_nocol_CAFs,compositional fraction,False,,1066,-0.178401325055598,-0.22206450161964,-0.136257611958061,-0.0518014307817021,-0.0918975779900614,-0.0107350905203242,0.774974758259134,0.651065225351238,0.941220180041957,5.39469351595013e-16,False,True,True
hsa-miR-29a,COL1A1,OLS_Wu_CAFs,compositional fraction,False,,1066,-0.218634105126925,-0.267967195023698,-0.169303335215269,-0.0115686507103755,-0.0468780865561944,0.0233117494770312,0.949745820078054,0.81845561759197,1.11855929014127,2.6964503554727097e-18,False,False,True
hsa-miR-29a,COL1A1,PATH_stroma_allslides,non-RNA,True,,1066,-0.0016859916857939,-0.0069846187654044,0.0016418586134533,-0.228516764151506,-0.290433353466253,-0.165654317189864,0.0073239422337131,-0.0070125275029352,0.0312778184058411,0.357876952227642,False,True,False
hsa-miR-29a,COL1A1,PATH_stroma_frozen,non-RNA,True,,1065,-0.0016851060584844,-0.0069228406493414,0.0015292647434379,-0.228461951941025,-0.291755135387962,-0.165511419253993,0.0073218666062117,-0.0063741388972674,0.030887739280764,0.359042597098962,False,True,False
hsa-miR-29a,COL1A1,QPROG_Wu641_full_CAFs,compositional fraction,False,,1066,-0.218666637000209,-0.276728266313907,-0.162157997226249,-0.0115361188370913,-0.0262936482905194,0.0044445090825187,0.949887138426594,0.891065962517664,1.02141083392909,1.68655345968319e-14,False,False,True
hsa-miR-29a,COL1A1,QPROG_Wu641_minusAllCOL_CAFs,compositional fraction,False,,1066,-0.147786096754261,-0.192590935208776,-0.10482145818847,-0.0824166590830393,-0.118444708379379,-0.0463425336235195,0.641982309102812,0.54312177338357,0.768142592032243,1.03598994780959e-10,False,True,True
hsa-miR-29a,COL1A1,QPROG_Wu_CAFs,compositional fraction,False,QPROG_Wu641_full_CAFs,1066,-0.218666637000209,-0.276728266313907,-0.162157997226249,-0.0115361188370913,-0.0262936482905194,0.0044445090825187,0.949887138426594,0.891065962517664,1.02141083392909,1.68655345968319e-14,False,False,True
hsa-miR-29a,COL1A1,QPROG_Wu_nocol_CAFs,compositional fraction,False,,1066,-0.151375238962126,-0.196074979487011,-0.108152681611161,-0.0788275168751736,-0.11445345975215,-0.0423159772805759,0.657573530827379,0.558121133836471,0.784315004283747,3.75712393419821e-11,False,True,True
hsa-miR-29a,COL1A1,RLS_Wu_CAFs,compositional fraction,False,,1066,-0.191331513267047,-0.237647995957274,-0.146778655449071,-0.0388712425702534,-0.0807190669925955,0.0045088756874964,0.831143452523538,0.695724738628638,1.02180214568603,4.54392201418011e-18,False,False,True
hsa-miR-29a,COL1A1,RLS_Wu_nocol_CAFs,compositional fraction,False,,1066,-0.184831456011418,-0.234421860819031,-0.138477219727497,-0.0453712998258824,-0.0851876278449743,-0.0019218121562276,0.802907225585304,0.673724141681513,0.989375753337581,2.1783662251777099e-16,False,True,True
hsa-miR-29a,COL1A1,meanZ_CAF_A_estimate,enrichment / marker score,False,,1066,0.0082768234586654,-0.0366722727246232,0.0525702017419641,-0.238479579295966,-0.280960215964014,-0.196762680682674,-0.0359544933706843,-0.299851435971489,0.133358633236128,0.701660757845388,True,True,False
hsa-miR-29a,COL1A1,meanZ_CAF_B_markers,enrichment / marker score,False,,1066,-0.145485510493892,-0.202085873697447,-0.089448792835838,-0.084717245343408,-0.108371284634531,-0.0603758750834528,0.631988570096514,0.505444268541182,0.73710599847838,9.29789688838971e-08,False,True,True
hsa-miR-29a,COL1A1,meanZ_CAF_scRNA,enrichment / marker score,False,,1066,-0.125482886742955,-0.181280492166007,-0.0728660212171232,-0.104719869094345,-0.130824954014975,-0.0782592335006784,0.545097239546701,0.407840432825299,0.65889068560148,2.22474184244852e-06,False,True,True
hsa-miR-29a,COL1A1,meanZ_FARMER_clean,enrichment / marker score,False,,1066,-0.137626868888786,-0.196520799689674,-0.0814965797665021,-0.0925758869485139,-0.11498603099521,-0.0708717233455375,0.59785065729646,0.460890778699709,0.702505478101651,7.13086540084784e-07,False,True,True
hsa-miR-29a,COL1A1,ssGSEA_CAF_scRNA,enrichment / marker score,False,,1066,-0.130631072612485,-0.185771282850378,-0.0795896442630482,-0.0995716832248155,-0.126406211878765,-0.0718768429640472,0.567460941713532,0.436635403600736,0.684360762429911,6.98268735928517e-07,False,True,True
hsa-miR-29a,COL1A1,ssGSEA_ESTIMATE_stromal_clean,enrichment / marker score,False,,1066,-0.0124147028256647,-0.058975659370503,0.0348325796211524,-0.217788053011635,-0.257225770354155,-0.177169767064896,0.0539294274758334,-0.194663365665892,0.215599850420423,0.580114380285551,False,True,False
hsa-miR-29a,COL1A1,xCell_Fibroblasts,enrichment / marker score,False,,1066,-0.0169107070158486,-0.0537013605926661,0.0191668550457358,-0.213292048821452,-0.261075219088797,-0.165551058202207,0.0734600546129018,-0.102236120815938,0.206700772877409,0.36647429408427,False,True,False
hsa-miR-29a,COL1A1,xCell_MicroenvironmentScore,enrichment / marker score,False,,1066,0.0709298830801519,0.0435992152773505,0.0981763671651394,-0.301132638917452,-0.359817245116099,-0.242851111748539,-0.308119174430227,-0.522791842243684,-0.168814595789062,7.31201343771553e-08,True,True,True
hsa-miR-29a,COL1A1,xCell_StromaScore,enrichment / marker score,False,,1066,-0.0238190849404264,-0.0572038718163463,0.00950208648343,-0.206383670896874,-0.25706029614773,-0.157233233835555,0.10347002516886,-0.0502041988475008,0.223146244256667,0.160334682690946,False,True,False
hsa-miR-29b,COL1A1,ABSOLUTE_nontumour,non-RNA,True,,1023,-0.034571332734525,-0.0550622071130649,-0.0149232147942078,-0.261457148639478,-0.318178825395334,-0.204179239451997,0.116783805984018,0.0514477161986928,0.191510934433726,0.0001507615433741,False,True,True
hsa-miR-29b,COL1A1,CBSX_Wu_CAFs,compositional fraction,False,,1066,-0.112302975118772,-0.154538844333887,-0.0699734340457964,-0.187088003238024,-0.229123162344241,-0.139179836975399,0.375104740079831,0.257705093093766,0.484242441151899,1.21476556764009e-07,False,True,True
hsa-miR-29b,COL1A1,CBSX_Wu_nocol_CAFs,compositional fraction,False,,1066,-0.115222651419092,-0.158104178919245,-0.0727003752399868,-0.184168326937703,-0.227676583243099,-0.136730398757219,0.384856791782741,0.27235802625937,0.499610817137612,5.61534418473216e-08,False,True,True
hsa-miR-29b,COL1A1,CONSENSUS_PC1,enrichment / marker score,False,,1066,-0.23703357644981,-0.286818828257455,-0.181745103162885,-0.0623574019069857,-0.0920178833297266,-0.0336167695903094,0.79171916852928,0.705862023464983,0.8801977947197,1.4798293567803802e-19,False,True,True
hsa-miR-29b,COL1A1,CONSENSUS_rankmean,enrichment / marker score,False,,1066,-0.232019021856176,-0.281057960365315,-0.178762415291065,-0.0673719565006201,-0.0975319783244509,-0.0367785495990927,0.774969984498563,0.686778785726662,0.867248971165229,3.18793402590349e-19,False,True,True
hsa-miR-29b,COL1A1,CONSENSUS_rankmean_collagensafe,enrichment / marker score,False,,1066,-0.229185363313208,-0.277441597635227,-0.177072697984734,-0.0702056150435875,-0.101755202142956,-0.0384080000637653,0.765505241911729,0.674803884339816,0.858048930598091,2.3865104968917e-19,False,True,True
hsa-miR-29b,COL1A1,ConsensusTME_Fibroblasts,enrichment / marker score,False,,1066,-0.224915546961637,-0.271707831239918,-0.172150393115774,-0.0744754313951585,-0.112701997713947,-0.0379933646616108,0.751243568513934,0.646265724463236,0.859198164045707,2.4888585531276903e-19,False,True,True
hsa-miR-29b,COL1A1,ConsensusTME_Fibroblasts_nocol,enrichment / marker score,False,,1066,-0.214007873187539,-0.262618429696637,-0.160865873696486,-0.0853831051692566,-0.122078730550475,-0.0495854322344534,0.714810694571089,0.612256921336463,0.82138987855612,2.20100402915241e-17,False,True,True
hsa-miR-29b,COL1A1,DTANGLE_Wu_CAFs,compositional fraction,False,,1066,-0.190198288205091,-0.237990488408125,-0.138539545109434,-0.109192690151704,-0.139854864417545,-0.0750573748637884,0.635283966300498,0.544364619468243,0.732527530632295,3.99393183271835e-14,False,True,True
hsa-miR-29b,COL1A1,DTANGLE_Wu_nocol_CAFs,compositional fraction,False,,1066,-0.195535147518188,-0.241559089054624,-0.145413008281654,-0.103855830838608,-0.135999594081509,-0.0684839996510041,0.653109684838804,0.561658424969729,0.752802742244882,2.6312583356784602e-15,False,True,True
hsa-miR-29b,COL1A1,DWLS_Wu_CAFs,compositional fraction,False,,1066,-0.216650512503069,-0.263958492408584,-0.165867202311332,-0.0827404658537263,-0.112721061659065,-0.0505130840038638,0.723637411160996,0.63518553266645,0.818028841579096,8.80935997450427e-19,False,True,True
hsa-miR-29b,COL1A1,EPIC_CAFs,compositional fraction,False,,1066,-0.285721710639055,-0.338738976647691,-0.228509394271621,-0.0136692677177401,-0.0292205845869854,0.0014502706335848,0.954343087447846,0.90489970423139,1.00532884697518,1.0284817728825301e-23,False,False,True
hsa-miR-29b,COL1A1,EPIC_CAFs_nocol,compositional fraction,False,,1066,-0.182995670274525,-0.22915541067092,-0.135243264086424,-0.116395308082271,-0.154261264136364,-0.0789433061513342,0.61122640127266,0.512315750206158,0.715510329574654,2.24805943081619e-14,False,True,True
hsa-miR-29b,COL1A1,ESTIMATE_ESTIMATEScore,enrichment / marker score,False,,1066,-0.0420108653508736,-0.074364971378834,-0.0089410067546645,-0.257380113005922,-0.304422939447046,-0.210155228397339,0.140321079751467,0.0337639359029312,0.230274973067502,0.006974659479938,False,True,True
hsa-miR-29b,COL1A1,ESTIMATE_StromalScore,enrichment / marker score,False,,1066,-0.149051141801383,-0.196116574199697,-0.103000652076834,-0.150339836555413,-0.187569452544301,-0.112492559406306,0.497847806301474,0.389294204537429,0.600045706887464,1.14755367655144e-10,False,True,True
hsa-miR-29b,COL1A1,InstaPrism_Wu_CAFs,compositional fraction,False,,1066,-0.250742231005219,-0.304106618977766,-0.19519058614167,-0.0486487473515766,-0.0765694159947086,-0.0207147570532347,0.837507637609574,0.750487524637284,0.925210945688484,1.4838559856258601e-21,False,True,True
hsa-miR-29b,COL1A1,InstaPrism_Wu_nocollagen_CAFs,compositional fraction,False,,1066,-0.241216562414388,-0.293197494416138,-0.186674116649766,-0.0581744159424078,-0.0875620676942896,-0.0287367798704487,0.805690818535356,0.716180216529776,0.897310343383442,9.79837651558145e-21,False,True,True
hsa-miR-29b,COL1A1,MCPcounter_Fibroblasts,enrichment / marker score,False,,1066,-0.313667681891908,-0.364440871948802,-0.255748901314273,0.0142767035351129,-0.0105083130394216,0.0371769612627515,1.04768581743335,0.967728009931488,1.13941395515793,1.3645921659117699e-30,True,False,True
hsa-miR-29b,COL1A1,MCPcounter_Fibroblasts_nocol,enrichment / marker score,False,,1066,-0.207653738411396,-0.249767867907308,-0.163195661956273,-0.0917372399453993,-0.136210978388603,-0.0492007819189744,0.693587160010972,0.582682019693181,0.812112619606912,3.15869419585149e-21,False,True,True
hsa-miR-29b,COL1A1,MCPcounter_Fibroblasts_recomputed,enrichment / marker score,False,MCPcounter_Fibroblasts,1066,-0.313667681891908,-0.364440871948802,-0.255748901314273,0.0142767035351129,-0.0105083130394216,0.0371769612627515,1.04768581743335,0.967728009931488,1.13941395515793,1.3645921659117699e-30,True,False,True
hsa-miR-29b,COL1A1,METH_EpiDISH_Epi,non-RNA,True,,767,0.0032300537780385,-0.0127202247795907,0.0209802306463066,-0.298761978440225,-0.363905227964547,-0.23324897125141,-0.0109296272534031,-0.0795855433306333,0.0412084209648325,0.670240138315121,True,True,False
hsa-miR-29b,COL1A1,METH_EpiDISH_Fib,non-RNA,True,,767,-0.031082132990331,-0.0575006425160181,-0.0058842859852548,-0.264449791671856,-0.3293438271433,-0.197129133069842,0.105173520680921,0.0215448467101163,0.195960029901958,0.0100459691310581,False,True,True
hsa-miR-29b,COL1A1,METH_EpiDISH_IC,non-RNA,True,,767,0.0024207642365352,-0.0016847791296965,0.0096258036704512,-0.297952688898722,-0.365351547533401,-0.228491348148895,-0.0081912106088109,-0.0349802619173317,0.0060155996751929,0.331666966653097,True,True,False
hsa-miR-29b,COL1A1,NNLS_Wu641_full_CAFs,compositional fraction,False,,1066,-0.215325651451409,-0.263473403809469,-0.164880676951521,-0.0840653269053863,-0.120920223027316,-0.047614090815266,0.719212224206695,0.611345932537687,0.827982323707953,3.63556333507186e-18,False,True,True
hsa-miR-29b,COL1A1,NNLS_Wu641_minusAllCOL_CAFs,compositional fraction,False,,1066,-0.155242154240848,-0.198751405333721,-0.111893808361854,-0.144148824115947,-0.188241552558693,-0.0989592338881016,0.518526493660207,0.412330953385568,0.63676249443483,4.39277403668537e-13,False,True,True
hsa-miR-29b,COL1A1,NNLS_Wu_CAFs,compositional fraction,False,NNLS_Wu641_full_CAFs,1066,-0.215325651451409,-0.263473403809469,-0.164880676951521,-0.0840653269053863,-0.120920223027316,-0.047614090815266,0.719212224206695,0.611345932537687,0.827982323707953,3.63556333507186e-18,False,True,True
hsa-miR-29b,COL1A1,NNLS_Wu_nocol_CAFs,compositional fraction,False,,1066,-0.150934322982781,-0.194769766225391,-0.106872172068443,-0.148456655374014,-0.191699368425073,-0.102469156925775,0.504137846140799,0.39653866204061,0.622661359941987,1.9190991814209197e-12,False,True,True
hsa-miR-29b,COL1A1,OLS_Wu_CAFs,compositional fraction,False,,1066,-0.208331907160331,-0.255657129785898,-0.158937948102186,-0.0910590711964646,-0.12815352278718,-0.0530960517902943,0.69585232094754,0.586702608457312,0.804755057497945,1.73973129925359e-17,False,True,True
hsa-miR-29b,COL1A1,PATH_stroma_allslides,non-RNA,True,,1066,-0.0015468265250944,-0.0086870324571094,0.0043286552192641,-0.297844151831701,-0.353719927052206,-0.234873480112252,0.005166576940909,-0.0146332987629914,0.0295037590967106,0.58528772031031,False,True,False
hsa-miR-29b,COL1A1,PATH_stroma_frozen,non-RNA,True,,1065,-0.0015456538251691,-0.0084132689005532,0.0041213839582637,-0.298026299775195,-0.354404558683145,-0.237253946490173,0.0051595411606223,-0.0137810170617425,0.0287298352598606,0.582498637215158,False,True,False
hsa-miR-29b,COL1A1,QPROG_Wu641_full_CAFs,compositional fraction,False,,1066,-0.277959667378636,-0.333157927605483,-0.220655369832143,-0.0214313109781593,-0.0424974169723702,-0.0010890427698822,0.928416978040605,0.859107188196775,0.99613809566703,2.6555614665154e-23,False,True,True
hsa-miR-29b,COL1A1,QPROG_Wu641_minusAllCOL_CAFs,compositional fraction,False,,1066,-0.171961622762616,-0.218200023340223,-0.126229041864587,-0.12742935559418,-0.169761460120026,-0.083902402942781,0.574371424638195,0.465069667763436,0.689222150949495,1.76471263939996e-14,False,True,True
hsa-miR-29b,COL1A1,QPROG_Wu_CAFs,compositional fraction,False,QPROG_Wu641_full_CAFs,1066,-0.277959667378636,-0.333157927605483,-0.220655369832143,-0.0214313109781593,-0.0424974169723702,-0.0010890427698822,0.928416978040605,0.859107188196775,0.99613809566703,2.6555614665154e-23,False,True,True
hsa-miR-29b,COL1A1,QPROG_Wu_nocol_CAFs,compositional fraction,False,,1066,-0.171021270703644,-0.217464091003096,-0.125320668633211,-0.128369707653152,-0.170702367757688,-0.0851068492772456,0.571230541555702,0.461664809369013,0.685405390253379,2.5175294959282703e-14,False,True,True
hsa-miR-29b,COL1A1,RLS_Wu_CAFs,compositional fraction,False,,1066,-0.115493040614112,-0.157616403190481,-0.073226071693155,-0.183897937742684,-0.226410879911633,-0.136915310352761,0.385759922520025,0.272498686886817,0.495916455314773,7.5256811199039e-08,False,True,True
hsa-miR-29b,COL1A1,RLS_Wu_nocol_CAFs,compositional fraction,False,,1066,-0.126276330230362,-0.170712133254737,-0.0823895786795648,-0.173114648126433,-0.215320603389778,-0.127643823646094,0.421777339195152,0.311302035666512,0.536098230443357,8.951749650333461e-09,False,True,True
hsa-miR-29b,COL1A1,meanZ_CAF_A_estimate,enrichment / marker score,False,,1066,-0.120858625557426,-0.164028455205974,-0.079781520921463,-0.17853235279937,-0.2204429277432,-0.135587353274196,0.403681587938145,0.296319289043444,0.50661387768856,4.18387842144032e-09,False,True,True
hsa-miR-29b,COL1A1,meanZ_CAF_B_markers,enrichment / marker score,False,,1066,-0.218658440422791,-0.270084369190901,-0.163624369196354,-0.0807325379340047,-0.106918740066591,-0.0554405606836092,0.730344119328163,0.649325240913731,0.807523991265243,2.60001127771207e-16,False,True,True
hsa-miR-29b,COL1A1,meanZ_CAF_scRNA,enrichment / marker score,False,,1066,-0.248737381537826,-0.297090071829703,-0.196316681525718,-0.0506535968189693,-0.0817540536301077,-0.0186787165935486,0.830811211824147,0.741254204286383,0.932061890177451,9.93698069615129e-22,False,True,True
hsa-miR-29b,COL1A1,meanZ_FARMER_clean,enrichment / marker score,False,,1066,-0.284180987801085,-0.336523189960535,-0.226484777670259,-0.0152099905557106,-0.039498754652131,0.0088264858349625,0.949196897517786,0.872579516134359,1.03210589970622,1.43535461698917e-25,False,False,True
hsa-miR-29b,COL1A1,ssGSEA_CAF_scRNA,enrichment / marker score,False,,1066,-0.232308927273186,-0.279955641253869,-0.181135431026728,-0.0670820510836099,-0.0979980117314533,-0.0343297855282739,0.775938301642257,0.685263891351482,0.874378358256603,2.0841960367611602e-19,False,True,True
hsa-miR-29b,COL1A1,ssGSEA_ESTIMATE_stromal_clean,enrichment / marker score,False,,1066,-0.12169957840045,-0.165585275991769,-0.0786223348006877,-0.177691399956345,-0.21771231228131,-0.136791075174546,0.406490466307292,0.296489269702886,0.51147623352841,1.70203174389854e-08,False,True,True
hsa-miR-29b,COL1A1,xCell_Fibroblasts,enrichment / marker score,False,,1066,-0.153207251155265,-0.190771931482829,-0.11640420033882,-0.14618372720153,-0.19439288336372,-0.0954550927835426,0.51172968536374,0.409153604495368,0.628163824201002,5.38210090973315e-17,False,True,True
hsa-miR-29b,COL1A1,xCell_MicroenvironmentScore,enrichment / marker score,False,,1066,-0.0167046217275033,-0.0380829566895867,0.0045645481382811,-0.282686356629292,-0.335891010080789,-0.228145468097759,0.0557953409925258,-0.0157426954742849,0.121365152020488,0.111193601192826,False,True,False
hsa-miR-29b,COL1A1,xCell_StromaScore,enrichment / marker score,False,,1066,-0.120471770231169,-0.154936023408445,-0.0880524208454239,-0.178919208125626,-0.227710442352026,-0.126787122072046,0.402389447044722,0.309563800004851,0.509295351001809,3.98299947093013e-13,False,True,True
hsa-miR-29c,COL1A1,ABSOLUTE_nontumour,non-RNA,True,,1023,-0.0378059511954844,-0.0596163601959579,-0.0166210834804066,-0.212506277120569,-0.272370381330186,-0.150512497848065,0.151035174948581,0.0711083331768597,0.247786688580765,5.5315612004734e-05,False,True,True
hsa-miR-29c,COL1A1,CBSX_Wu_CAFs,compositional fraction,False,,1066,-0.0987252843861592,-0.142907751290245,-0.053404176902306,-0.157722461014754,-0.202135424539457,-0.112396602806394,0.38497232343306,0.246865789399607,0.509897004425375,4.28072133526436e-06,False,True,True
hsa-miR-29c,COL1A1,CBSX_Wu_nocol_CAFs,compositional fraction,False,,1066,-0.0939450925643064,-0.138452727781558,-0.04879576311383,-0.162502652836606,-0.207639948336707,-0.11828100450913,0.366332300630833,0.222109391593636,0.491444284036475,1.23422081435468e-05,False,True,True
hsa-miR-29c,COL1A1,CONSENSUS_PC1,enrichment / marker score,False,,1066,-0.194078851621972,-0.24899260142433,-0.136599154746404,-0.0623688937789412,-0.0887531913673047,-0.0355677310856514,0.756796872277282,0.654570477467138,0.851170167419908,2.58405922827542e-13,False,True,True
hsa-miR-29c,COL1A1,CONSENSUS_rankmean,enrichment / marker score,False,,1066,-0.185530515849452,-0.240385553856532,-0.129616514561885,-0.070917229551461,-0.0978541924537925,-0.0429261285111824,0.723463236377478,0.615663084701578,0.822430005648765,1.47304292323261e-12,False,True,True
hsa-miR-29c,COL1A1,CONSENSUS_rankmean_collagensafe,enrichment / marker score,False,,1066,-0.174197892301109,-0.22880111944558,-0.118639461244435,-0.0822498530998034,-0.110539448082141,-0.0530022868356191,0.679272465541783,0.567494778121376,0.779575766610981,1.4653101364724e-11,False,True,True
hsa-miR-29c,COL1A1,ConsensusTME_Fibroblasts,enrichment / marker score,False,,1066,-0.160442946954231,-0.212600096701048,-0.106820682276085,-0.0960047984466813,-0.128970142666564,-0.0642675899995736,0.625636020716057,0.492739705394592,0.731999441854593,2.40433781215016e-10,False,True,True
hsa-miR-29c,COL1A1,ConsensusTME_Fibroblasts_nocol,enrichment / marker score,False,,1066,-0.169357799170608,-0.222728409192712,-0.113981150666836,-0.0870899462303049,-0.120781798147723,-0.0552701914002176,0.660398861787011,0.530063909087083,0.768925466758107,3.4001226326053397e-11,False,True,True
hsa-miR-29c,COL1A1,DTANGLE_Wu_CAFs,compositional fraction,False,,1066,-0.162181275435823,-0.21341025474665,-0.108849900558571,-0.09426646996509,-0.126485791532975,-0.0612683041599754,0.632414510731142,0.515540130509768,0.739042480739488,1.93099757136689e-10,False,True,True
hsa-miR-29c,COL1A1,DTANGLE_Wu_nocol_CAFs,compositional fraction,False,,1066,-0.153839336250197,-0.204023195532595,-0.101419601124945,-0.102608409150715,-0.134858328648215,-0.0685928693029022,0.599885703848539,0.476577623828582,0.706499509214256,8.21235233554632e-10,False,True,True
hsa-miR-29c,COL1A1,DWLS_Wu_CAFs,compositional fraction,False,,1066,-0.202262680613838,-0.252567194327272,-0.148537174232253,-0.0541850647870745,-0.0865908566049574,-0.0221092821326261,0.788709139546674,0.681920519632537,0.904846082439303,3.52941787255167e-16,False,True,True
hsa-miR-29c,COL1A1,EPIC_CAFs,compositional fraction,False,,1066,-0.243800089338998,-0.301943800616126,-0.185593366216829,-0.0126476560619151,-0.0282396032479019,0.0025312469316068,0.95068135209322,0.892589767732643,1.01104035702146,2.7460811810735602e-17,False,False,True
hsa-miR-29c,COL1A1,EPIC_CAFs_nocol,compositional fraction,False,,1066,-0.12447549301307,-0.174077729106299,-0.0743834381263641,-0.131972252387843,-0.170275199373323,-0.0953376152684452,0.485383456261132,0.345197485262479,0.604922790913362,3.06834266121122e-07,False,True,True
hsa-miR-29c,COL1A1,ESTIMATE_ESTIMATEScore,enrichment / marker score,False,,1066,-0.0557739509933995,-0.0892448932745502,-0.0232290280214809,-0.200673794407513,-0.250846630467861,-0.148930901123958,0.21748661079553,0.1022631783118,0.325522545273287,0.0003571443143973,False,True,True
hsa-miR-29c,COL1A1,ESTIMATE_StromalScore,enrichment / marker score,False,,1066,-0.126612861475062,-0.176337300576618,-0.0771505800686494,-0.129834883925851,-0.163937298964934,-0.0946092011324185,0.493717974697434,0.371381263967206,0.607093136146376,6.38244619317019e-08,False,True,True
hsa-miR-29c,COL1A1,InstaPrism_Wu_CAFs,compositional fraction,False,,1066,-0.239203370224213,-0.298066248176144,-0.180222863011716,-0.0172443751766997,-0.0452268206441913,0.0123762134351625,0.93275676824633,0.829032542329342,1.05292630769275,2.833138162894e-19,False,False,True
hsa-miR-29c,COL1A1,InstaPrism_Wu_nocollagen_CAFs,compositional fraction,False,,1066,-0.233981378357923,-0.291248846999614,-0.176881549312349,-0.0224663670429897,-0.0523729043263146,0.0083229423678202,0.912393977151691,0.806375633345782,1.03478369500315,4.10058472446498e-19,False,False,True
hsa-miR-29c,COL1A1,MCPcounter_Fibroblasts,enrichment / marker score,False,,1066,-0.277323295236571,-0.336863287991333,-0.215475737523127,0.0208755498356585,-0.0023256157963341,0.0427251113323021,1.08140274270309,0.991289511731722,1.18560475122973,1.0216216794480301e-23,True,False,True
hsa-miR-29c,COL1A1,MCPcounter_Fibroblasts_nocol,enrichment / marker score,False,,1066,-0.17584751950524,-0.222508209090121,-0.1271501606877,-0.0806002258956729,-0.120000354909039,-0.0423762537877684,0.685705071145515,0.561882273134801,0.81108640411787,2.13411290529133e-15,False,True,True
hsa-miR-29c,COL1A1,MCPcounter_Fibroblasts_recomputed,enrichment / marker score,False,MCPcounter_Fibroblasts,1066,-0.277323295236571,-0.336863287991333,-0.215475737523127,0.0208755498356585,-0.0023256157963341,0.0427251113323021,1.08140274270309,0.991289511731722,1.18560475122973,1.0216216794480301e-23,True,False,True
hsa-miR-29c,COL1A1,METH_EpiDISH_Epi,non-RNA,True,,767,0.0140219762973907,-0.0032133313784746,0.0331486066815978,-0.283023457319157,-0.350118047242635,-0.212098181044325,-0.0521260189502677,-0.144361038212802,0.0120914051651138,0.0915711524258073,True,True,False
hsa-miR-29c,COL1A1,METH_EpiDISH_Fib,non-RNA,True,,767,0.0173498256869236,-0.0134612810339097,0.0486243566139838,-0.28635130670869,-0.355001529059286,-0.216606883224174,-0.0644971381608109,-0.213220759960099,0.0469828857577093,0.188776732662096,True,True,False
hsa-miR-29c,COL1A1,METH_EpiDISH_IC,non-RNA,True,,767,0.0010909783200191,-0.0023034443738482,0.0067207629952491,-0.270092459341785,-0.341929006527267,-0.194691395824946,-0.0040556591579914,-0.0277652422499194,0.0085205758712988,0.511856113615957,True,True,False
hsa-miR-29c,COL1A1,NNLS_Wu641_full_CAFs,compositional fraction,False,,1066,-0.181695224417596,-0.232105052676283,-0.133256103093224,-0.074752520983317,-0.108866141145102,-0.0377938731750478,0.708507786385667,0.594303418962396,0.832161223889372,4.4032979286613e-13,False,True,True
hsa-miR-29c,COL1A1,NNLS_Wu641_minusAllCOL_CAFs,compositional fraction,False,,1066,-0.116632493208711,-0.162549928108701,-0.0723689031181169,-0.139815252192202,-0.18183587696714,-0.0945458035532855,0.454800228508055,0.328306647356356,0.586029272204479,7.73652562779624e-08,False,True,True
hsa-miR-29c,COL1A1,NNLS_Wu_CAFs,compositional fraction,False,NNLS_Wu641_full_CAFs,1066,-0.181695224417596,-0.232105052676283,-0.133256103093224,-0.074752520983317,-0.108866141145102,-0.0377938731750478,0.708507786385667,0.594303418962396,0.832161223889372,4.4032979286613e-13,False,True,True
hsa-miR-29c,COL1A1,NNLS_Wu_nocol_CAFs,compositional fraction,False,,1066,-0.102880717695365,-0.147632951757748,-0.0581984574152107,-0.153567027705548,-0.195336010151087,-0.109317438763299,0.401176144225905,0.265148166108773,0.527496674003048,2.21816030007851e-06,False,True,True
hsa-miR-29c,COL1A1,OLS_Wu_CAFs,compositional fraction,False,,1066,-0.172874098320829,-0.222742649553271,-0.124780328402643,-0.0835736470800838,-0.118513302050819,-0.0456474941078631,0.674110423745662,0.55954876699516,0.801715135362737,3.057099141453e-12,False,True,True
hsa-miR-29c,COL1A1,PATH_stroma_allslides,non-RNA,True,,1066,0.0001302881563868,-0.0033860951601779,0.0036020511659026,-0.2565780335573,-0.318019357808937,-0.19469901760804,-0.000508049529479,-0.0151333520615105,0.0134255356050153,0.925409287136942,True,True,False
hsa-miR-29c,COL1A1,PATH_stroma_frozen,non-RNA,True,,1065,0.0001599325965314,-0.0032555323260492,0.0035973905925091,-0.256750743525133,-0.315915767460769,-0.196720143422808,-0.0006232982231616,-0.0145991861607516,0.0135989759183841,0.908763431627121,True,True,False
hsa-miR-29c,COL1A1,QPROG_Wu641_full_CAFs,compositional fraction,False,,1066,-0.226703316000048,-0.286243882770312,-0.167508170445534,-0.0297444294008648,-0.0470446049240585,-0.0112415843611501,0.884013683355397,0.813024260826859,0.953651167053101,1.1590396166999902e-15,False,True,True
hsa-miR-29c,COL1A1,QPROG_Wu641_minusAllCOL_CAFs,compositional fraction,False,,1066,-0.120781283808616,-0.167921652116913,-0.0738682036778918,-0.135666461592297,-0.175792657653446,-0.0935404822650041,0.470978146521797,0.339814569173631,0.595915540579044,1.06646033182121e-07,False,True,True
hsa-miR-29c,COL1A1,QPROG_Wu_CAFs,compositional fraction,False,QPROG_Wu641_full_CAFs,1066,-0.226703316000048,-0.286243882770312,-0.167508170445534,-0.0297444294008648,-0.0470446049240585,-0.0112415843611501,0.884013683355397,0.813024260826859,0.953651167053101,1.1590396166999902e-15,False,True,True
hsa-miR-29c,COL1A1,QPROG_Wu_nocol_CAFs,compositional fraction,False,,1066,-0.117336958704995,-0.165211462070509,-0.0701079964889476,-0.139110786695917,-0.179424133152676,-0.0979582020837213,0.457547242310744,0.321534342549528,0.583441889631411,2.48052040079232e-07,False,True,True
hsa-miR-29c,COL1A1,RLS_Wu_CAFs,compositional fraction,False,,1066,-0.102790485630243,-0.147678120157437,-0.057379371999197,-0.15365725977067,-0.197665046437451,-0.108588582525428,0.400824290615412,0.261110447218028,0.527699291009377,2.22988075795457e-06,False,True,True
hsa-miR-29c,COL1A1,RLS_Wu_nocol_CAFs,compositional fraction,False,,1066,-0.100205841971424,-0.146539377239945,-0.0547190726485401,-0.156241903429489,-0.198310875457176,-0.113216603112898,0.390745653913897,0.247441263292925,0.514621029190931,6.71225092206238e-06,False,True,True
hsa-miR-29c,COL1A1,meanZ_CAF_A_estimate,enrichment / marker score,False,,1066,-0.103982930916507,-0.14870766270118,-0.0610989771361343,-0.152464814484406,-0.193052146690246,-0.109253127558786,0.405474147389938,0.278992829114458,0.521834402583655,5.9267703593655e-07,False,True,True
hsa-miR-29c,COL1A1,meanZ_CAF_B_markers,enrichment / marker score,False,,1066,-0.19427645423972,-0.251248932197099,-0.13646868918786,-0.0621712911611923,-0.0868216190749272,-0.0374861704993168,0.75756740982847,0.658462681370705,0.844838434407205,6.61750826426956e-13,False,True,True
hsa-miR-29c,COL1A1,meanZ_CAF_scRNA,enrichment / marker score,False,,1066,-0.197172582731751,-0.250315709031291,-0.143356096239359,-0.0592751626691617,-0.0892573475171409,-0.0299571092306652,0.768860659794474,0.664457269621706,0.874496500685201,6.31035998739559e-14,False,True,True
hsa-miR-29c,COL1A1,meanZ_FARMER_clean,enrichment / marker score,False,,1066,-0.237990171984622,-0.294141421849072,-0.178216897476805,-0.0184575734162911,-0.0402562529409178,0.0041431845367947,0.92802598678559,0.846950820788953,1.01861980628771,5.2705617763032096e-18,False,False,True
hsa-miR-29c,COL1A1,ssGSEA_CAF_scRNA,enrichment / marker score,False,,1066,-0.194286668482949,-0.246169963947431,-0.142799276785859,-0.062161076917964,-0.0924815370476397,-0.0325642245045522,0.757607239553674,0.651752172811273,0.863720525142196,9.986200765790591e-14,False,True,True
hsa-miR-29c,COL1A1,ssGSEA_ESTIMATE_stromal_clean,enrichment / marker score,False,,1066,-0.109716456412424,-0.156346109124869,-0.0645553155763219,-0.146731288988489,-0.185518738895425,-0.107571725749094,0.427831628002426,0.306527237233608,0.542137426410204,5.02395824846983e-07,False,True,True
hsa-miR-29c,COL1A1,xCell_Fibroblasts,enrichment / marker score,False,,1066,-0.0892038071414389,-0.125541387490822,-0.0502577751808031,-0.167243938259474,-0.214752060570848,-0.121878340633888,0.347843990603169,0.227456885197769,0.45958214076688,1.06174639951268e-06,False,True,True
hsa-miR-29c,COL1A1,xCell_MicroenvironmentScore,enrichment / marker score,False,,1066,0.0008953027575975,-0.0218153265581216,0.0243656273045501,-0.25734304815851,-0.311095757467423,-0.201644018546771,-0.0034911703208693,-0.114312494572227,0.0752517297551657,0.934293002120286,True,True,False
hsa-miR-29c,COL1A1,xCell_StromaScore,enrichment / marker score,False,,1066,-0.0317341969585236,-0.0667376139533918,0.0030811041520699,-0.224713548442389,-0.271957096825349,-0.178168988517137,0.123745275704852,-0.014563653594314,0.233185394824121,0.0597153926282842,False,True,False
