node	type	n_ffl
ABCA1	Gene	95
ACTA2	Gene	28
ADA	Gene	17
ADAMTS5	Gene	19
AHR	TF	166
ANPEP	Gene	7
APEX1	TF	6
AR	TF	1058
ARNT	TF	34
ASCL1	Gene	12
ATF3	TF	160
ATF4	TF	18
AXL	Gene	7
BAG3	Gene	6
BCL2L1	Gene	500
BCL6	TF	25
BDNF	Gene	34
BMP7	Gene	25
BRCA1	TF	8
CAV1	Gene	358
CCL2	Gene	149
CD151	Gene	1
CD2AP	Gene	16
CD44	Gene	660
CEBPA	TF	310
CEBPB	TF	188
CHAC1	Gene	7
COL18A1	Gene	9
COL1A1	Gene	517
COL3A1	Gene	138
CREB1	TF	130
CTCF	TF	2
CTGF	Gene	269
CTNNB1	TF	229
CTSB	Gene	43
CTSV	Gene	4
CXCL12	Gene	76
CXCR5	Gene	21
CYLD	Gene	103
DDIT3	TF	143
DKK1	Gene	258
DKK3	Gene	253
DNMT1	TF	27
E2F1	TF	811
EDN1	Gene	215
EGR1	TF	954
EGR2	TF	3
ELK1	TF	85
EP300	TF	178
EPAS1	TF	120
EPHA2	Gene	29
ERG	TF	13
ESR1	TF	954
ESR2	TF	39
ETS1	TF	173
ETS2	TF	3
ETV4	TF	117
EZH2	TF	116
F2R	Gene	23
F3	Gene	1711
F8	Gene	315
FBN1	Gene	256
FDFT1	Gene	10
FGF7	Gene	234
FHL1	Gene	24
FLI1	TF	32
FN1	Gene	2438
FOS	TF	533
FOSB	Gene	26
FOSL1	Gene	14
FOXA2	TF	24
FOXM1	TF	4
FOXO1	TF	4
FOXO3	TF	4
FST	Gene	25
FURIN	Gene	441
GAD1	Gene	4
GATA1	TF	5
GATA3	TF	110
GATA6	TF	51
GJA1	Gene	249
GLI1	TF	24
GLS	Gene	4
HBEGF	Gene	898
HDAC1	TF	253
HDAC2	TF	278
HDAC3	TF	44
HDAC4	TF	68
HDAC9	TF	15
HES1	TF	41
HIF1A	TF	783
HMGA1	TF	141
HMGCS1	Gene	10
HNF4A	TF	33
HOXA10	TF	77
HOXA9	TF	10
HOXB7	TF	38
HRK	Gene	453
HSF1	TF	87
HSF2	TF	22
ID1	Gene	227
ID4	Gene	8
IL11	Gene	107
IL1R1	Gene	128
IL6	Gene	2493
IRAK2	Gene	37
IRF1	TF	163
IRF3	TF	16
IRF9	Gene	10
ITGA5	Gene	89
ITGB1	Gene	496
JUN	TF	845
JUND	TF	14
KLF2	TF	51
KLF4	TF	191
KLF5	TF	23
KLF8	TF	76
LDHA	Gene	22
LEF1	TF	112
LIF	Gene	1839
LOX	Gene	315
LTBP1	Gene	104
MAP1LC3A	Gene	24
MAPK7	Gene	14
MAX	TF	52
ME1	Gene	22
MEF2A	TF	25
MEF2C	TF	14
MEN1	TF	4
MET	Gene	327
MITF	TF	96
MKL1	TF	2
MMP14	Gene	877
MMP2	Gene	1788
MTA1	TF	47
MYB	TF	77
MYC	TF	1141
MYCN	TF	310
MYD88	Gene	24
MYH11	Gene	1
MYH9	Gene	2
MYL9	Gene	1
NANOG	TF	82
NCOR1	TF	4
NF1	TF	1
NFKB1	TF	2303
NFKB2	TF	2
NGF	Gene	6
NGFR	Gene	41
NKX2-5	TF	35
NOTCH1	Gene	16
NR1H4	TF	44
NR4A1	Gene	12
NRP1	Gene	16
NT5E	Gene	54
NTF3	Gene	23
OPTN	Gene	85
PAX5	TF	26
PAX6	TF	160
PDGFRB	Gene	117
PEG10	Gene	19
PEG3	Gene	19
PLAU	Gene	147
POSTN	Gene	117
POU2F1	TF	93
POU3F2	Gene	4
POU5F1	TF	37
PPARA	TF	223
PPARG	TF	202
RARA	TF	73
RB1	TF	26
RBPJ	TF	6
RELA	TF	2517
REST	TF	7
RUNX1	TF	788
RUNX2	TF	68
SCARB1	Gene	205
SDC4	Gene	42
SEMA6A	Gene	12
SERPINE1	Gene	1180
SHC1	Gene	200
SIRT1	TF	70
SMAD3	TF	299
SMAD4	TF	143
SMAD6	Gene	236
SMAD7	Gene	795
SNAI1	TF	134
SNAI2	TF	80
SNAP25	Gene	19
SOX2	TF	89
SOX9	TF	8
SP1	TF	1953
SPARC	Gene	207
SPI1	TF	204
SPP1	Gene	157
SQSTM1	Gene	113
SREBF1	TF	62
SREBF2	TF	48
SRF	TF	59
STAT1	TF	352
STAT3	TF	1674
STAT5A	Gene	34
SYP	Gene	19
TAGLN	Gene	6
TAL1	TF	50
TCF4	TF	87
TCF7L2	TF	24
TFAP2A	TF	63
TGFB2	Gene	52
TGFBI	Gene	10
TGFBR2	Gene	719
THBD	Gene	516
THBS1	Gene	1573
THBS2	Gene	74
TLR3	Gene	72
TLR4	Gene	646
TLX1	TF	35
TP53	TF	2539
TP63	TF	38
TP73	TF	4
TWIST1	TF	668
TYMS	Gene	17
UBB	Gene	35
USF1	TF	15
VCAM1	Gene	416
VDR	TF	174
VEGFC	Gene	4
VHL	TF	18
WNT5A	Gene	5
XBP1	TF	33
YBX1	TF	62
YY1	TF	308
ZBTB16	TF	4
ZEB2	TF	2
hsa-let-7a	miRNA	538
hsa-let-7b	miRNA	186
hsa-let-7d	miRNA	248
hsa-let-7f	miRNA	220
hsa-miR-106a	miRNA	889
hsa-miR-106b	miRNA	194
hsa-miR-1193	miRNA	14
hsa-miR-1197	miRNA	8
hsa-miR-130b	miRNA	66
hsa-miR-132	miRNA	192
hsa-miR-134	miRNA	3
hsa-miR-141	miRNA	2
hsa-miR-143	miRNA	95
hsa-miR-145	miRNA	95
hsa-miR-15a	miRNA	94
hsa-miR-15b	miRNA	80
hsa-miR-16	miRNA	174
hsa-miR-17	miRNA	1898
hsa-miR-181a	miRNA	498
hsa-miR-181b	miRNA	498
hsa-miR-181c	miRNA	273
hsa-miR-181d	miRNA	273
hsa-miR-182	miRNA	736
hsa-miR-183	miRNA	746
hsa-miR-18a	miRNA	1453
hsa-miR-18b	miRNA	524
hsa-miR-195	miRNA	46
hsa-miR-19a	miRNA	2116
hsa-miR-19b	miRNA	3007
hsa-miR-200a	miRNA	8
hsa-miR-200b	miRNA	500
hsa-miR-200c	miRNA	2
hsa-miR-20a	miRNA	1889
hsa-miR-20b	miRNA	791
hsa-miR-212	miRNA	192
hsa-miR-216a	miRNA	3
hsa-miR-217	miRNA	3
hsa-miR-221	miRNA	159
hsa-miR-222	miRNA	159
hsa-miR-23a	miRNA	139
hsa-miR-23b	miRNA	101
hsa-miR-24	miRNA	196
hsa-miR-25	miRNA	32
hsa-miR-27a	miRNA	249
hsa-miR-27b	miRNA	187
hsa-miR-299	miRNA	2
hsa-miR-29a	miRNA	916
hsa-miR-29b	miRNA	1852
hsa-miR-29c	miRNA	936
hsa-miR-300	miRNA	225
hsa-miR-301b	miRNA	66
hsa-miR-302a	miRNA	81
hsa-miR-302b	miRNA	67
hsa-miR-302c	miRNA	69
hsa-miR-302d	miRNA	67
hsa-miR-30b	miRNA	100
hsa-miR-30c	miRNA	85
hsa-miR-30d	miRNA	100
hsa-miR-30e	miRNA	85
hsa-miR-329	miRNA	8
hsa-miR-362	miRNA	1
hsa-miR-363	miRNA	279
hsa-miR-367	miRNA	2
hsa-miR-369	miRNA	12
hsa-miR-372	miRNA	118
hsa-miR-373	miRNA	118
hsa-miR-376a	miRNA	21
hsa-miR-376b	miRNA	11
hsa-miR-376c	miRNA	25
hsa-miR-377	miRNA	40
hsa-miR-379	miRNA	42
hsa-miR-381	miRNA	225
hsa-miR-382	miRNA	14
hsa-miR-410	miRNA	46
hsa-miR-411	miRNA	41
hsa-miR-424	miRNA	42
hsa-miR-429	miRNA	500
hsa-miR-449a	miRNA	22
hsa-miR-449b	miRNA	22
hsa-miR-485	miRNA	60
hsa-miR-494	miRNA	60
hsa-miR-495	miRNA	29
hsa-miR-496	miRNA	3
hsa-miR-497	miRNA	46
hsa-miR-502	miRNA	1
hsa-miR-503	miRNA	42
hsa-miR-519d	miRNA	66
hsa-miR-520d	miRNA	66
hsa-miR-539	miRNA	69
hsa-miR-543	miRNA	51
hsa-miR-655	miRNA	13
hsa-miR-668	miRNA	4
hsa-miR-758	miRNA	8
hsa-miR-92a	miRNA	472
hsa-miR-93	miRNA	194
hsa-miR-96	miRNA	806
