rep	total	comp	tf	mir	other	recip
obs	5833	1375	9	289	4160	1223
0	6425	1467	20	223	4715	1223
1	6624	1472	15	255	4882	1224
2	6461	1371	17	225	4848	1223
3	6500	1456	14	197	4833	1224
4	6700	1493	11	246	4950	1223
5	6452	1326	26	209	4891	1223
6	6489	1453	16	220	4800	1223
7	6580	1410	27	263	4880	1223
8	6237	1292	12	229	4704	1223
9	6746	1471	33	252	4990	1223
10	6700	1522	23	225	4930	1223
11	6547	1511	16	227	4793	1224
12	6780	1377	22	248	5133	1223
13	6540	1370	10	247	4913	1224
14	6399	1467	18	212	4702	1223
15	6411	1509	25	233	4644	1223
16	6613	1365	18	267	4963	1223
17	6339	1398	33	271	4637	1223
18	6418	1478	14	276	4650	1223
19	6599	1419	26	240	4914	1223
20	6642	1471	19	263	4889	1223
21	6311	1417	11	199	4684	1224
22	6602	1342	20	261	4979	1223
23	6467	1398	13	205	4851	1223
24	6322	1406	19	179	4718	1223
25	6574	1445	24	187	4918	1223
26	6490	1432	18	250	4790	1223
27	6685	1387	15	238	5045	1223
28	6515	1376	15	221	4903	1223
29	6365	1404	11	218	4732	1224
30	6472	1417	23	211	4821	1223
31	6556	1510	16	270	4760	1223
32	6383	1364	15	237	4767	1223
33	6693	1481	18	250	4944	1223
34	6364	1419	18	218	4709	1223
35	6627	1322	17	223	5065	1223
36	6204	1407	19	239	4539	1224
37	6405	1456	21	231	4697	1223
38	6519	1434	19	270	4796	1224
39	6593	1371	22	241	4959	1224
40	6441	1449	26	236	4730	1224
41	6486	1389	18	253	4826	1223
42	6580	1434	19	286	4841	1223
43	6180	1415	20	244	4501	1223
44	6381	1478	26	231	4646	1223
45	6674	1518	6	235	4915	1223
46	6559	1495	16	216	4832	1224
47	6528	1382	24	249	4873	1223
48	6406	1393	16	207	4790	1223
49	6560	1492	19	278	4771	1223
50	6745	1402	21	250	5072	1223
51	6475	1340	27	266	4842	1223
52	6608	1483	16	234	4875	1224
53	6228	1361	15	209	4643	1223
54	6350	1345	19	227	4759	1223
55	6572	1496	22	220	4834	1223
56	6575	1583	19	251	4722	1223
57	6210	1354	15	224	4617	1224
58	6565	1353	21	194	4997	1223
59	6586	1430	13	263	4880	1223
60	6462	1432	25	267	4738	1223
61	6300	1427	19	248	4606	1223
62	6558	1406	19	218	4915	1223
63	6679	1402	24	255	4998	1223
64	6345	1424	21	224	4676	1223
65	6522	1415	19	224	4864	1223
66	6517	1351	27	228	4911	1223
67	6569	1410	13	233	4913	1223
68	6767	1429	26	219	5093	1223
69	6296	1444	18	226	4608	1223
70	6789	1579	25	252	4933	1223
71	6288	1423	25	230	4610	1223
72	6370	1425	15	211	4719	1223
73	6297	1379	21	219	4678	1223
74	6631	1411	12	278	4930	1223
75	6848	1481	26	228	5113	1223
76	6598	1388	32	243	4935	1223
77	6763	1493	20	227	5023	1223
78	6776	1366	17	234	5159	1224
79	6480	1451	24	222	4783	1223
80	6733	1404	12	231	5086	1223
81	6479	1397	20	275	4787	1223
82	6508	1444	15	229	4820	1223
83	6586	1447	22	259	4858	1223
84	6242	1294	16	238	4694	1223
85	6477	1348	21	242	4866	1224
86	6542	1374	19	213	4936	1224
87	6504	1521	20	246	4717	1224
88	6446	1437	19	212	4778	1224
89	6090	1411	22	249	4408	1223
90	6340	1492	18	272	4558	1224
91	6331	1450	23	195	4663	1223
92	6050	1334	9	203	4504	1223
93	6353	1352	26	224	4751	1223
94	6525	1415	27	233	4850	1223
95	6400	1424	19	249	4708	1223
96	6351	1432	15	226	4678	1223
97	6597	1368	29	232	4968	1224
98	6425	1303	17	217	4888	1223
99	6394	1482	21	203	4688	1223
100	6430	1351	17	241	4821	1223
101	6353	1407	24	234	4688	1223
102	6743	1514	30	232	4967	1223
103	6567	1448	31	248	4840	1223
104	6388	1402	21	247	4718	1223
105	6616	1426	19	280	4891	1223
106	6576	1465	29	250	4832	1223
107	6846	1465	33	224	5124	1223
108	6597	1495	17	245	4840	1225
109	6665	1380	24	184	5077	1223
110	6691	1372	17	229	5073	1223
111	6560	1411	10	235	4904	1223
112	6487	1420	25	225	4817	1223
113	5835	1356	16	257	4206	1223
114	6220	1414	19	200	4587	1224
115	6422	1434	20	229	4739	1224
116	6331	1303	26	258	4744	1223
117	6527	1470	20	264	4773	1223
118	6400	1395	17	235	4753	1223
119	6573	1482	20	237	4834	1223
120	5948	1277	24	219	4428	1223
121	6474	1367	16	220	4871	1223
122	6666	1441	19	236	4970	1223
123	6315	1339	17	222	4737	1223
124	6616	1373	17	235	4991	1223
125	6286	1382	15	243	4646	1223
126	6451	1457	12	277	4705	1223
127	6620	1460	23	227	4910	1223
128	6700	1392	24	221	5063	1223
129	6729	1430	15	212	5072	1223
130	6604	1467	25	232	4880	1223
131	6779	1396	24	225	5134	1223
132	6389	1475	23	231	4660	1223
133	6206	1488	19	225	4474	1223
134	6474	1459	16	232	4767	1223
135	6238	1426	16	259	4537	1224
136	6436	1331	22	248	4835	1223
137	6669	1530	17	233	4889	1223
138	6543	1342	18	202	4981	1223
139	6220	1406	24	234	4556	1223
140	6497	1347	21	243	4886	1224
141	6628	1347	16	258	5007	1223
142	6543	1424	11	224	4884	1223
143	6737	1459	22	239	5017	1223
144	6522	1415	38	208	4861	1223
145	6490	1348	20	206	4916	1223
146	6260	1425	20	236	4579	1223
147	6644	1379	15	237	5013	1224
148	6806	1427	17	226	5136	1224
149	6220	1362	24	222	4612	1223
150	6276	1367	16	211	4682	1223
151	6892	1447	18	205	5222	1223
152	6557	1374	22	207	4954	1224
153	6584	1451	27	238	4868	1223
154	6553	1398	23	260	4872	1223
155	6378	1444	20	225	4689	1223
156	6740	1479	16	188	5057	1223
157	6328	1406	15	194	4713	1224
158	6511	1427	16	238	4830	1224
159	6475	1379	12	207	4877	1223
160	6750	1513	22	245	4970	1223
161	6312	1432	24	216	4640	1223
162	6467	1348	15	183	4921	1223
163	6482	1481	25	268	4708	1223
164	6426	1367	37	268	4754	1223
165	6236	1435	21	213	4567	1223
166	6611	1361	15	217	5018	1223
167	6821	1611	20	221	4969	1223
168	6719	1387	16	250	5066	1223
169	6584	1383	20	247	4934	1224
170	6823	1467	24	285	5047	1224
171	6564	1409	22	250	4883	1223
172	6319	1487	20	236	4576	1223
173	6272	1452	19	242	4559	1223
174	6407	1450	21	252	4684	1223
175	6506	1379	17	222	4888	1223
176	6421	1417	14	237	4753	1224
177	6155	1377	13	236	4529	1223
178	6687	1510	17	222	4938	1224
179	6608	1435	29	222	4922	1223
180	6536	1488	20	216	4812	1223
181	6599	1366	16	225	4992	1223
182	6544	1376	16	192	4960	1223
183	6718	1465	22	265	4966	1223
184	6239	1361	27	242	4609	1223
185	6660	1472	23	280	4885	1224
186	6556	1416	31	235	4874	1223
187	6123	1272	12	232	4607	1223
188	6437	1460	27	227	4723	1223
189	6508	1449	21	187	4851	1223
190	6481	1328	18	220	4915	1223
191	6207	1289	24	237	4657	1223
192	6374	1408	25	202	4739	1224
193	6498	1375	16	257	4850	1223
194	6308	1339	24	240	4705	1223
195	6630	1465	27	264	4874	1223
196	6101	1446	25	235	4395	1223
197	6609	1467	18	203	4921	1223
198	6654	1409	11	243	4991	1224
199	6428	1421	20	232	4755	1223
200	6224	1325	15	220	4664	1223
201	6593	1350	25	258	4960	1223
202	6445	1371	29	221	4824	1224
203	6342	1354	19	217	4752	1223
204	6453	1391	26	197	4839	1223
205	6637	1357	19	215	5046	1223
206	6657	1449	24	239	4945	1223
207	6499	1364	22	235	4878	1223
208	6603	1431	21	237	4914	1223
209	6310	1489	29	252	4540	1223
210	6540	1378	19	232	4911	1224
211	6374	1337	19	207	4811	1223
212	6615	1375	19	203	5018	1224
213	6588	1447	19	223	4899	1224
214	6297	1420	17	241	4619	1224
215	6410	1395	12	214	4789	1224
216	6642	1493	18	214	4917	1224
217	6416	1354	14	254	4794	1223
218	6369	1419	27	235	4688	1223
219	6540	1497	9	249	4785	1223
220	6530	1404	23	244	4859	1223
221	6568	1462	23	209	4874	1224
222	6282	1421	23	196	4642	1223
223	6600	1467	31	227	4875	1223
224	6276	1445	24	220	4587	1223
225	6750	1350	22	233	5145	1223
226	6854	1457	22	268	5107	1223
227	6582	1471	28	193	4890	1223
228	6207	1363	15	221	4608	1223
229	6674	1551	12	255	4856	1223
230	6961	1537	18	257	5149	1223
231	6386	1439	25	251	4671	1223
232	6884	1461	23	188	5212	1223
233	6162	1408	14	260	4480	1223
234	6818	1418	18	238	5144	1223
235	6603	1467	14	243	4879	1224
236	7064	1516	22	241	5285	1223
237	6282	1331	24	238	4689	1223
238	6455	1404	13	302	4736	1224
239	6786	1491	24	245	5026	1223
240	6430	1451	26	214	4739	1223
241	6367	1321	23	238	4785	1223
242	6353	1373	17	209	4754	1225
243	6374	1345	23	296	4710	1223
244	6628	1472	25	232	4899	1223
245	6722	1440	17	249	5016	1223
246	6487	1443	12	239	4793	1223
247	6438	1316	20	210	4892	1223
248	6404	1370	14	276	4744	1223
249	6116	1388	18	249	4461	1223
250	6671	1451	14	252	4954	1224
251	6865	1472	19	225	5149	1223
252	6512	1440	29	223	4820	1224
253	6514	1494	16	256	4748	1224
254	6677	1491	17	228	4941	1224
255	6429	1449	17	236	4727	1224
256	6595	1437	23	257	4878	1223
257	6575	1400	14	221	4940	1224
258	6534	1418	15	232	4869	1223
259	6610	1430	22	250	4908	1223
260	6615	1444	11	254	4906	1225
261	6619	1443	20	245	4911	1223
262	6465	1472	23	213	4757	1225
263	6910	1557	17	223	5113	1223
264	6441	1399	19	264	4759	1223
265	6354	1431	24	238	4661	1223
266	6497	1360	15	228	4894	1223
267	6169	1361	36	218	4554	1223
268	6235	1304	14	264	4653	1223
269	6241	1316	15	220	4690	1223
270	6386	1374	16	249	4747	1223
271	6457	1406	20	237	4794	1223
272	6632	1351	22	222	5037	1223
273	6347	1419	26	251	4651	1223
274	6417	1429	17	214	4757	1225
275	5955	1357	21	242	4335	1223
276	6384	1430	20	211	4723	1223
277	6594	1289	18	250	5037	1223
278	6242	1369	28	200	4645	1223
279	6619	1491	34	226	4868	1223
280	6511	1398	14	267	4832	1223
281	6743	1414	22	255	5052	1223
282	6409	1325	24	253	4807	1223
283	6685	1419	21	205	5040	1223
284	6632	1480	20	214	4918	1223
285	6474	1384	14	222	4854	1224
286	6277	1352	16	219	4690	1224
287	6306	1393	18	250	4645	1223
288	6716	1481	10	281	4944	1224
289	6490	1474	13	256	4747	1224
290	6298	1478	19	216	4585	1223
291	6426	1308	25	230	4863	1223
292	6443	1355	21	182	4885	1223
293	6636	1498	25	242	4871	1223
294	6486	1359	24	281	4822	1224
295	6357	1335	17	207	4798	1223
296	6628	1494	19	201	4914	1224
297	6752	1356	26	245	5125	1223
298	6497	1414	27	219	4837	1223
299	6305	1390	15	189	4711	1224
300	6476	1426	24	230	4796	1223
301	6402	1465	18	237	4682	1223
302	6444	1414	22	253	4755	1223
303	6302	1478	16	298	4510	1223
304	6321	1306	17	226	4772	1224
305	6366	1363	22	194	4787	1223
306	7103	1505	28	217	5353	1223
307	6216	1380	23	236	4577	1223
308	6488	1368	16	264	4840	1223
309	6398	1404	32	271	4691	1224
310	6545	1408	11	204	4922	1223
311	6607	1431	24	258	4894	1224
312	6553	1452	12	230	4859	1224
313	6412	1422	16	240	4734	1223
314	6695	1493	21	248	4933	1223
315	6797	1415	12	226	5144	1224
316	6662	1424	28	260	4950	1223
317	6796	1508	19	244	5025	1223
318	6284	1444	16	217	4607	1223
319	6327	1351	15	197	4764	1223
320	6543	1553	16	197	4777	1224
321	6745	1403	19	221	5102	1223
322	6465	1514	18	252	4681	1224
323	6533	1465	17	200	4851	1224
324	6587	1418	18	207	4944	1224
325	6419	1421	22	227	4749	1223
326	6406	1390	18	238	4760	1223
327	6324	1392	20	217	4695	1223
328	6562	1367	26	251	4918	1223
329	6727	1402	23	214	5088	1223
330	6534	1383	25	189	4937	1223
331	6208	1340	19	247	4602	1223
332	6279	1366	27	237	4649	1223
333	6381	1470	16	239	4656	1223
334	6503	1466	7	237	4793	1223
335	6558	1366	16	237	4939	1224
336	6310	1383	13	204	4710	1223
337	6300	1479	23	243	4555	1223
338	6632	1409	25	243	4955	1224
339	6408	1466	23	221	4698	1223
340	6523	1503	13	223	4784	1223
341	6566	1541	16	217	4792	1224
342	6476	1402	29	258	4787	1223
343	6172	1406	27	209	4530	1223
344	6712	1541	19	212	4940	1223
345	6394	1373	25	227	4769	1223
346	6512	1422	18	217	4855	1223
347	6760	1467	14	254	5025	1223
348	6394	1412	13	254	4715	1224
349	6781	1408	14	206	5153	1223
350	6612	1367	11	260	4974	1223
351	6622	1452	22	234	4914	1223
352	6769	1472	22	227	5048	1223
353	6331	1452	24	206	4649	1223
354	6477	1385	21	227	4844	1223
355	6600	1400	27	254	4919	1223
356	6416	1443	20	220	4733	1223
357	6374	1492	18	230	4634	1223
358	6262	1398	16	227	4621	1224
359	6639	1386	27	243	4983	1223
360	6523	1414	33	238	4838	1224
361	6730	1402	19	208	5101	1223
362	6497	1442	11	229	4815	1223
363	6504	1483	25	188	4808	1223
364	6679	1438	22	269	4950	1223
365	6386	1407	19	247	4713	1223
366	6690	1347	21	234	5088	1223
367	6428	1445	8	284	4691	1223
368	6260	1367	17	255	4621	1223
369	6584	1479	26	239	4840	1223
370	6484	1391	20	227	4846	1223
371	6335	1455	32	232	4616	1223
372	6414	1347	24	218	4825	1223
373	6259	1329	30	202	4698	1223
374	6723	1429	26	271	4997	1224
375	6608	1432	29	220	4927	1223
376	6330	1415	26	192	4697	1223
377	6382	1371	15	187	4809	1223
378	6338	1395	21	215	4707	1223
379	6588	1358	20	238	4972	1223
380	6699	1448	19	231	5001	1223
381	6637	1434	21	253	4929	1223
382	6897	1441	24	262	5170	1223
383	6608	1512	15	226	4855	1223
384	6484	1425	12	242	4805	1223
385	6543	1380	22	243	4898	1223
386	6685	1437	16	234	4998	1224
387	6755	1481	15	257	5002	1223
388	6786	1424	18	237	5107	1224
389	6671	1383	30	243	5015	1223
390	6694	1437	20	242	4995	1223
391	6605	1464	18	216	4907	1223
392	6275	1467	22	229	4557	1224
393	6314	1470	8	186	4650	1223
394	6392	1452	23	235	4682	1223
395	6357	1394	26	260	4677	1223
396	6328	1355	23	212	4738	1223
397	6564	1449	17	243	4855	1223
398	6643	1470	20	254	4899	1223
399	6494	1438	28	236	4792	1223
400	6752	1433	23	224	5072	1223
401	6681	1425	24	257	4975	1223
402	6676	1388	17	226	5045	1223
403	6597	1398	21	197	4981	1223
404	6435	1431	13	234	4757	1223
405	6836	1401	24	256	5155	1223
406	6586	1467	13	245	4861	1223
407	6420	1396	21	202	4801	1223
408	6849	1488	20	263	5078	1223
409	6612	1469	20	267	4856	1223
410	6487	1433	24	230	4800	1224
411	6214	1388	21	208	4597	1223
412	6342	1342	15	256	4729	1223
413	6506	1422	18	236	4830	1223
414	6408	1357	22	239	4790	1223
415	6081	1395	29	232	4425	1223
416	6329	1443	21	217	4648	1223
417	6725	1452	21	228	5024	1223
418	6362	1376	23	241	4722	1223
419	6223	1508	16	210	4489	1223
420	6712	1500	19	214	4979	1223
421	6398	1438	25	205	4730	1223
422	6484	1441	21	255	4767	1223
423	6262	1428	17	225	4592	1224
424	6169	1364	8	219	4578	1223
425	6409	1368	21	243	4777	1223
426	6385	1358	24	240	4763	1223
427	6655	1407	21	202	5025	1223
428	6537	1356	28	233	4920	1223
429	6199	1346	28	177	4648	1223
430	6593	1420	27	286	4860	1223
431	6780	1433	16	266	5065	1223
432	6495	1506	28	227	4734	1224
433	6386	1383	25	254	4724	1223
434	6371	1340	20	203	4808	1223
435	6397	1446	22	222	4707	1223
436	6672	1449	30	260	4933	1223
437	6610	1489	12	213	4896	1223
438	6472	1389	15	194	4874	1223
439	6773	1429	23	249	5072	1223
440	6275	1434	25	230	4586	1223
441	6449	1376	22	224	4827	1225
442	6808	1443	20	260	5085	1223
443	6660	1421	19	262	4958	1224
444	6393	1466	22	204	4701	1223
445	6268	1397	22	245	4604	1224
446	6560	1433	10	217	4900	1223
447	6717	1396	18	251	5052	1223
448	6674	1509	28	271	4866	1223
449	6511	1343	27	219	4922	1223
450	6712	1577	18	263	4854	1223
451	6745	1488	28	268	4961	1223
452	6441	1369	16	215	4841	1223
453	6445	1405	28	218	4794	1224
454	6299	1381	32	223	4663	1223
455	6787	1432	15	237	5103	1224
456	6370	1499	20	239	4612	1223
457	6212	1320	21	226	4645	1223
458	6232	1373	20	249	4590	1223
459	6333	1355	16	210	4752	1223
460	6483	1303	13	242	4925	1223
461	6695	1527	14	241	4913	1223
462	6421	1387	22	224	4788	1223
463	6591	1440	15	213	4923	1223
464	6290	1350	20	211	4709	1223
465	6220	1325	18	230	4647	1223
466	6653	1411	27	263	4952	1223
467	6408	1412	23	278	4695	1223
468	6311	1398	14	215	4684	1223
469	6603	1416	19	243	4925	1224
470	6375	1294	18	212	4851	1223
471	6667	1452	18	218	4979	1224
472	6302	1347	27	231	4697	1223
473	6369	1410	13	224	4722	1224
474	6887	1479	23	238	5147	1223
475	6410	1448	15	283	4664	1223
476	6744	1413	16	226	5089	1224
477	6720	1509	20	266	4925	1224
478	6565	1433	22	204	4906	1224
479	6563	1435	18	212	4898	1223
480	6661	1290	18	213	5140	1223
481	6822	1474	25	237	5086	1223
482	6598	1427	22	248	4901	1223
483	6718	1421	19	211	5067	1223
484	6702	1437	28	209	5028	1223
485	6971	1435	23	277	5236	1223
486	6214	1386	30	226	4572	1223
487	6840	1470	32	240	5098	1223
488	6896	1509	19	237	5131	1223
489	6707	1461	23	208	5015	1223
490	6349	1400	27	257	4665	1223
491	6085	1335	23	232	4495	1223
492	6322	1364	18	226	4714	1224
493	6870	1526	15	208	5121	1223
494	6807	1432	19	253	5103	1223
495	6335	1395	18	194	4728	1223
496	6461	1457	16	276	4712	1223
497	6696	1515	31	277	4873	1223
498	6574	1378	22	253	4921	1223
499	6530	1408	14	212	4896	1223
500	6755	1481	24	245	5005	1224
501	6427	1403	17	265	4742	1223
502	6541	1453	16	227	4845	1224
503	6807	1498	19	256	5034	1223
504	6534	1519	15	205	4795	1224
505	6108	1383	29	196	4500	1223
506	6337	1357	20	219	4741	1223
507	6820	1435	15	247	5123	1223
508	6407	1437	14	275	4681	1224
509	6696	1415	24	269	4988	1224
510	6484	1471	17	263	4733	1223
511	6147	1420	29	240	4458	1224
512	7103	1452	16	264	5371	1223
513	6439	1435	25	210	4769	1223
514	6215	1460	16	234	4505	1223
515	6647	1451	17	201	4978	1224
516	6333	1422	21	231	4659	1223
517	6641	1448	12	259	4922	1223
518	6474	1415	25	254	4780	1223
519	6520	1413	16	239	4852	1224
520	6597	1413	21	251	4912	1223
521	6140	1387	22	225	4506	1223
522	6550	1526	14	254	4756	1223
523	6174	1388	16	241	4529	1223
524	6371	1390	17	236	4728	1224
525	6647	1380	22	213	5032	1223
526	6608	1408	16	257	4927	1223
527	6470	1410	30	244	4786	1223
528	6569	1416	18	267	4868	1223
529	6586	1415	32	262	4877	1223
530	6264	1388	13	261	4602	1223
531	6521	1478	16	272	4755	1223
532	6659	1499	16	233	4911	1223
533	6583	1468	30	260	4825	1223
534	6435	1450	22	220	4743	1224
535	6797	1497	29	248	5023	1223
536	6414	1346	19	191	4858	1223
537	6515	1402	25	217	4871	1223
538	6519	1447	21	209	4842	1223
539	6787	1393	18	207	5169	1223
540	6277	1327	9	227	4714	1224
541	6575	1313	25	208	5029	1223
542	6832	1515	21	242	5054	1223
543	6808	1407	21	277	5103	1223
544	6327	1399	14	231	4683	1223
545	6588	1430	22	235	4901	1223
546	6478	1396	23	255	4804	1223
547	6696	1403	20	203	5070	1223
548	6440	1415	13	193	4819	1223
549	6926	1569	17	232	5108	1223
550	6543	1434	23	217	4869	1223
551	6488	1445	21	247	4775	1223
552	6587	1412	16	219	4940	1223
553	6487	1453	27	227	4780	1223
554	6456	1447	21	244	4744	1223
555	6262	1371	22	210	4659	1223
556	6114	1260	21	187	4646	1223
557	6158	1387	27	225	4519	1223
558	6406	1424	19	224	4739	1223
559	6395	1371	26	221	4777	1223
560	6259	1372	14	219	4654	1223
561	6972	1428	18	238	5288	1223
562	6421	1384	21	267	4749	1223
563	6319	1319	16	182	4802	1223
564	6625	1380	25	213	5007	1223
565	6529	1453	23	225	4828	1224
566	6472	1327	8	232	4905	1224
567	6291	1376	16	231	4668	1224
568	6268	1326	12	221	4709	1223
569	6333	1389	18	229	4697	1223
570	6774	1459	23	262	5030	1223
571	6407	1505	25	222	4655	1223
572	6339	1459	14	213	4653	1223
573	6431	1491	15	236	4689	1223
574	7057	1556	24	241	5236	1223
575	6489	1386	16	248	4839	1223
576	6530	1326	14	231	4959	1223
577	6146	1436	19	235	4456	1223
578	6678	1466	19	237	4956	1223
579	6420	1423	29	233	4735	1223
580	6283	1439	8	235	4601	1224
581	6622	1401	23	246	4952	1223
582	6325	1408	17	200	4700	1223
583	6553	1417	25	287	4824	1223
584	6635	1392	17	253	4973	1223
585	6536	1375	12	211	4938	1223
586	6599	1482	31	182	4904	1223
587	6225	1319	18	199	4689	1224
588	6480	1406	21	290	4763	1223
589	6552	1466	25	255	4806	1223
590	6039	1344	14	209	4472	1223
591	6804	1433	16	214	5141	1224
592	6261	1418	26	240	4577	1223
593	6493	1303	29	210	4951	1223
594	6346	1427	21	224	4674	1223
595	6901	1522	19	274	5086	1223
596	6400	1394	17	210	4779	1223
597	6372	1343	19	153	4857	1223
598	6559	1404	14	305	4836	1223
599	6626	1341	35	296	4954	1223
600	6610	1397	18	237	4958	1223
601	6734	1462	21	266	4985	1223
602	6448	1480	14	234	4720	1223
603	6394	1369	30	232	4763	1223
604	6767	1450	20	183	5114	1223
605	6664	1514	15	245	4890	1223
606	6012	1350	22	208	4432	1223
607	6379	1428	15	206	4730	1223
608	6511	1348	21	202	4940	1223
609	6431	1368	22	257	4784	1224
610	6658	1257	21	236	5144	1223
611	6188	1416	19	202	4551	1224
612	6661	1359	22	269	5011	1223
613	6304	1413	22	193	4676	1223
614	6165	1438	9	191	4527	1223
615	6645	1393	25	219	5008	1223
616	6276	1338	19	256	4663	1224
617	6387	1375	12	278	4722	1223
618	6733	1520	18	238	4957	1223
619	6637	1464	24	228	4921	1223
620	6395	1476	26	231	4662	1223
621	6358	1473	29	205	4651	1223
622	5981	1409	25	228	4319	1223
623	6453	1384	12	228	4829	1223
624	6580	1451	24	227	4878	1223
625	6423	1427	25	202	4769	1223
626	6159	1427	22	224	4486	1223
627	6589	1423	16	245	4905	1223
628	6811	1445	8	249	5109	1223
629	6637	1425	24	188	5000	1223
630	6600	1446	22	213	4919	1224
631	6294	1388	25	203	4678	1223
632	6651	1413	13	186	5039	1224
633	6574	1453	27	225	4869	1224
634	6244	1388	16	213	4627	1223
635	6349	1289	23	235	4802	1223
636	6608	1502	20	193	4893	1223
637	6239	1404	19	179	4637	1224
638	6542	1386	16	225	4915	1223
639	6417	1474	23	216	4704	1223
640	6212	1442	16	211	4543	1223
641	6422	1333	20	195	4874	1223
642	6806	1455	11	203	5137	1224
643	6516	1420	15	233	4848	1224
644	6458	1301	13	256	4888	1224
645	6416	1478	15	269	4654	1223
646	6593	1369	13	256	4955	1223
647	6523	1496	28	200	4799	1223
648	6312	1361	23	224	4704	1223
649	6536	1388	17	217	4914	1223
650	6807	1521	36	254	4996	1223
651	6922	1491	19	276	5136	1224
652	6577	1394	16	231	4936	1224
653	6453	1347	26	233	4847	1223
654	6685	1492	16	230	4947	1223
655	6351	1354	32	181	4784	1223
656	6455	1509	22	255	4669	1223
657	6405	1407	17	226	4755	1224
658	6570	1419	15	232	4904	1223
659	6447	1470	22	184	4771	1223
660	6070	1379	26	196	4469	1223
661	6340	1443	15	237	4645	1225
662	6368	1375	36	250	4707	1223
663	6779	1437	13	273	5056	1224
664	6508	1455	21	231	4801	1223
665	6356	1444	21	251	4640	1223
666	6620	1490	14	258	4858	1223
667	6652	1459	25	249	4919	1224
668	6238	1410	22	202	4604	1223
669	6414	1394	12	209	4799	1224
670	6275	1357	19	241	4658	1223
671	6342	1420	29	242	4651	1223
672	6424	1345	11	263	4805	1223
673	6672	1488	9	264	4911	1224
674	6757	1396	18	271	5072	1223
675	6394	1440	20	223	4711	1223
676	6663	1404	23	250	4986	1224
677	6606	1515	24	228	4839	1223
678	6642	1359	12	209	5062	1223
679	6691	1456	21	217	4997	1223
680	6594	1490	18	217	4869	1223
681	6482	1384	19	229	4850	1223
682	6676	1369	22	227	5058	1223
683	6217	1397	11	225	4584	1223
684	6538	1437	6	235	4860	1226
685	6133	1421	27	229	4456	1224
686	6377	1395	23	256	4703	1223
687	6417	1378	14	192	4833	1224
688	6358	1348	21	203	4786	1223
689	6396	1369	9	271	4747	1223
690	6867	1469	20	205	5173	1223
691	6165	1520	15	250	4380	1223
692	6559	1441	28	206	4884	1223
693	6844	1408	24	256	5156	1223
694	6407	1354	24	224	4805	1223
695	6481	1406	19	254	4802	1223
696	6570	1398	27	244	4901	1223
697	6575	1368	15	185	5007	1223
698	6643	1481	13	196	4953	1224
699	6242	1381	23	222	4616	1223
700	6766	1508	27	235	4996	1223
701	6362	1416	34	206	4706	1223
702	6599	1370	13	214	5002	1223
703	6718	1595	22	217	4884	1225
704	6459	1315	19	203	4922	1223
705	6403	1375	26	205	4797	1224
706	6532	1433	16	238	4845	1224
707	6432	1378	17	237	4800	1223
708	6195	1390	20	228	4557	1223
709	6838	1442	20	252	5124	1223
710	6693	1411	22	224	5036	1223
711	6700	1623	11	251	4815	1225
712	6485	1412	15	244	4814	1224
713	6444	1455	26	245	4718	1223
714	6514	1453	19	180	4862	1225
715	6130	1272	13	223	4622	1224
716	6207	1378	21	281	4527	1223
717	6452	1400	18	248	4786	1223
718	6696	1411	28	263	4994	1223
719	6695	1316	17	241	5121	1223
720	6489	1416	27	233	4813	1223
721	6438	1412	18	276	4732	1223
722	6599	1591	26	250	4732	1223
723	6409	1415	24	240	4730	1224
724	6634	1384	20	236	4994	1223
725	6651	1454	19	247	4931	1223
726	6967	1448	26	247	5246	1223
727	6459	1400	22	198	4839	1224
728	6409	1386	18	224	4781	1224
729	6710	1438	15	236	5021	1223
730	6902	1483	26	276	5117	1223
731	6578	1416	24	232	4906	1223
732	6767	1380	17	235	5135	1224
733	6539	1483	16	209	4831	1224
734	6384	1512	16	238	4618	1224
735	6729	1438	24	248	5019	1223
736	6880	1571	13	204	5092	1223
737	6491	1367	24	260	4840	1223
738	6418	1427	27	217	4747	1223
739	6241	1339	16	274	4612	1224
740	6641	1450	23	255	4913	1223
741	6821	1493	28	212	5088	1223
742	6891	1451	20	266	5154	1223
743	6460	1308	27	262	4863	1223
744	6556	1326	28	221	4981	1223
745	6677	1375	17	232	5053	1223
746	6666	1476	18	259	4913	1223
747	6575	1490	26	258	4801	1223
748	6398	1421	15	209	4753	1223
749	6552	1363	24	236	4929	1223
750	6603	1396	13	231	4963	1223
751	6336	1434	24	254	4624	1223
752	6807	1481	22	211	5093	1223
753	6830	1518	18	245	5049	1224
754	6244	1328	22	229	4665	1223
755	6621	1381	17	251	4972	1223
756	6269	1357	23	214	4675	1223
757	6698	1446	24	243	4985	1223
758	6354	1398	18	222	4716	1224
759	6469	1454	20	289	4706	1224
760	6311	1511	17	224	4559	1223
761	6673	1357	16	233	5067	1223
762	6720	1422	28	235	5035	1223
763	6666	1464	19	254	4929	1225
764	6244	1327	14	245	4658	1223
765	6525	1439	24	238	4824	1223
766	6425	1473	27	222	4703	1223
767	6306	1474	21	247	4564	1223
768	6535	1485	27	214	4809	1223
769	6438	1424	28	236	4750	1223
770	6476	1452	15	278	4731	1223
771	6712	1481	24	212	4995	1223
772	6501	1419	20	232	4830	1223
773	6399	1379	24	248	4748	1223
774	6440	1417	20	188	4815	1223
775	6590	1481	18	213	4878	1223
776	6508	1471	34	230	4773	1223
777	6360	1396	22	238	4704	1224
778	6567	1435	24	195	4913	1224
779	6231	1387	15	182	4647	1223
780	6703	1448	21	257	4977	1223
781	6344	1334	15	213	4782	1223
782	6511	1451	28	227	4805	1224
783	6528	1441	25	237	4825	1223
784	6505	1347	34	270	4854	1223
785	6564	1385	22	214	4943	1223
786	6235	1378	14	215	4628	1223
787	6496	1385	31	235	4845	1223
788	6850	1442	28	208	5172	1223
789	6623	1455	21	223	4924	1223
790	6666	1452	22	249	4943	1224
791	6655	1487	29	230	4909	1223
792	6591	1380	26	197	4988	1223
793	6660	1380	26	181	5073	1224
794	6879	1452	18	240	5169	1224
795	6689	1453	11	244	4981	1223
796	6155	1369	28	198	4560	1223
797	6239	1352	31	237	4619	1223
798	6648	1488	22	210	4928	1224
799	6499	1466	26	267	4740	1223
800	6423	1345	27	271	4780	1224
801	6512	1429	25	248	4810	1223
802	6754	1485	22	214	5033	1224
803	6358	1398	20	205	4735	1223
804	6397	1490	17	260	4630	1224
805	6571	1408	23	269	4871	1223
806	6533	1433	17	267	4816	1225
807	6397	1484	24	280	4609	1223
808	6887	1460	29	239	5159	1223
809	6504	1348	20	229	4907	1224
810	6223	1365	23	186	4649	1223
811	6740	1477	31	195	5037	1223
812	6371	1419	17	227	4708	1223
813	6226	1389	7	220	4610	1225
814	6323	1424	14	286	4599	1224
815	6312	1415	32	238	4627	1223
816	6430	1497	24	216	4693	1223
817	6511	1460	25	225	4801	1223
818	6870	1392	21	202	5255	1223
819	6662	1404	18	232	5008	1223
820	6530	1339	20	196	4975	1223
821	6331	1441	20	231	4639	1223
822	6585	1417	17	268	4883	1224
823	6497	1343	26	215	4913	1223
824	6468	1397	15	202	4854	1223
825	6739	1457	24	223	5035	1223
826	6720	1479	29	218	4994	1223
827	6164	1458	11	229	4466	1223
828	6714	1472	25	199	5018	1223
829	6542	1384	31	229	4898	1223
830	6493	1400	17	226	4850	1223
831	6385	1388	23	210	4764	1223
832	6554	1445	21	233	4855	1223
833	6670	1446	22	204	4998	1223
834	6858	1487	19	215	5137	1225
835	6396	1448	29	226	4693	1223
836	6591	1484	38	246	4823	1224
837	6618	1552	14	249	4803	1223
838	6434	1308	21	217	4888	1223
839	6733	1477	18	184	5054	1225
840	6832	1389	24	253	5166	1223
841	6802	1436	18	280	5068	1223
842	6730	1385	20	244	5081	1225
843	6542	1433	35	219	4855	1223
844	6600	1390	16	204	4990	1225
845	6418	1398	18	232	4770	1223
846	6409	1363	13	215	4818	1225
847	6300	1366	11	237	4686	1224
848	6620	1420	23	205	4972	1223
849	6563	1469	22	236	4836	1223
850	6723	1507	22	259	4935	1223
851	6257	1376	24	214	4643	1223
852	6565	1382	25	266	4892	1223
853	6242	1366	12	186	4678	1223
854	6598	1352	23	254	4969	1223
855	6759	1401	13	244	5101	1223
856	6653	1365	20	225	5043	1223
857	5954	1332	19	175	4428	1223
858	6165	1365	20	220	4560	1223
859	6121	1463	29	206	4423	1224
860	6497	1394	25	225	4853	1223
861	6083	1392	20	269	4402	1223
862	6316	1354	17	210	4735	1223
863	6589	1423	27	233	4906	1223
864	6781	1412	23	273	5073	1223
865	6541	1328	21	220	4972	1223
866	6638	1456	31	246	4905	1223
867	6610	1405	18	204	4983	1223
868	6291	1340	13	212	4726	1223
869	6421	1355	18	220	4828	1223
870	6391	1431	21	232	4707	1223
871	6733	1479	23	246	4985	1224
872	6423	1378	26	243	4776	1223
873	6237	1301	10	219	4707	1224
874	6497	1394	22	228	4853	1223
875	6793	1423	22	228	5120	1224
876	6508	1423	11	235	4839	1224
877	6310	1386	26	206	4692	1223
878	6649	1463	17	244	4925	1223
879	6879	1534	11	268	5066	1223
880	6323	1410	19	216	4678	1223
881	6716	1468	29	193	5026	1223
882	6370	1423	9	203	4735	1225
883	6202	1455	15	170	4562	1223
884	6649	1480	22	266	4881	1223
885	6378	1468	17	252	4641	1223
886	6500	1404	21	214	4861	1223
887	6650	1450	16	243	4941	1223
888	6198	1305	11	234	4648	1223
889	6625	1484	17	211	4913	1223
890	6331	1428	26	210	4667	1223
891	6659	1461	37	268	4893	1223
892	6617	1440	14	228	4935	1223
893	6436	1411	13	194	4818	1223
894	6728	1440	19	247	5022	1225
895	6829	1465	20	235	5109	1223
896	6488	1320	18	205	4945	1223
897	6582	1440	17	220	4905	1223
898	6309	1272	19	237	4781	1224
899	6632	1372	24	228	5008	1223
900	6502	1430	20	247	4805	1224
901	6591	1394	25	263	4909	1223
902	6342	1358	31	265	4688	1223
903	6524	1367	19	238	4900	1223
904	6411	1406	11	230	4764	1225
905	6425	1470	22	221	4712	1224
906	6736	1419	22	253	5042	1224
907	6524	1323	15	229	4957	1224
908	6772	1413	32	208	5119	1223
909	6733	1607	14	230	4882	1224
910	6582	1350	21	204	5007	1223
911	6387	1389	22	220	4756	1223
912	6650	1516	22	192	4920	1223
913	6331	1464	25	194	4648	1223
914	6355	1495	15	252	4593	1223
915	6661	1365	20	241	5035	1223
916	6351	1450	18	217	4666	1223
917	6702	1404	17	271	5010	1223
918	6651	1359	19	206	5067	1224
919	6560	1527	22	244	4767	1223
920	6427	1406	17	253	4751	1223
921	6434	1392	30	238	4774	1223
922	6678	1409	25	225	5019	1223
923	6245	1373	15	239	4618	1223
924	6447	1483	25	260	4679	1223
925	6260	1391	20	208	4641	1223
926	6440	1346	24	259	4811	1223
927	6155	1327	18	249	4561	1223
928	6633	1456	13	231	4933	1223
929	6736	1526	20	268	4922	1223
930	6853	1502	25	214	5112	1224
931	6090	1375	19	215	4481	1223
932	6263	1407	21	252	4583	1223
933	6646	1399	23	220	5004	1223
934	6728	1452	18	229	5029	1223
935	6652	1343	27	272	5010	1223
936	6121	1356	17	232	4516	1223
937	6424	1394	16	199	4815	1223
938	6749	1448	20	257	5024	1223
939	6331	1384	12	221	4714	1223
940	6192	1381	25	243	4543	1223
941	6613	1456	20	209	4928	1223
942	6611	1295	27	228	5061	1223
943	6409	1284	29	196	4900	1223
944	6681	1430	16	229	5006	1223
945	6227	1374	25	200	4628	1223
946	6491	1434	20	257	4780	1223
947	6199	1338	18	217	4626	1223
948	6703	1427	22	238	5016	1224
949	6454	1448	27	249	4730	1223
950	6281	1326	22	222	4711	1223
951	6475	1416	20	255	4784	1223
952	6348	1399	33	213	4703	1223
953	6712	1425	16	269	5002	1223
954	6801	1382	28	235	5156	1223
955	6371	1366	16	203	4786	1224
956	6459	1484	26	250	4699	1223
957	6252	1338	21	213	4680	1224
958	6621	1476	12	272	4861	1225
959	6394	1460	30	257	4647	1223
960	6725	1548	28	265	4884	1223
961	6576	1486	27	214	4849	1223
962	6977	1589	25	271	5092	1223
963	6377	1404	24	229	4720	1223
964	6280	1342	13	223	4702	1223
965	6305	1536	13	208	4548	1223
966	6647	1472	20	223	4932	1223
967	6665	1485	22	227	4931	1224
968	6649	1411	15	244	4979	1223
969	6518	1433	19	268	4798	1223
970	6765	1481	21	232	5031	1223
971	6368	1370	17	212	4769	1224
972	6597	1391	10	212	4984	1223
973	6718	1424	11	248	5035	1224
974	6699	1453	10	252	4984	1224
975	6366	1378	17	212	4759	1223
976	6338	1432	25	204	4677	1223
977	6930	1516	20	269	5125	1223
978	6402	1461	10	251	4680	1224
979	5931	1360	18	201	4352	1224
980	6447	1466	17	293	4671	1224
981	6263	1354	20	237	4652	1223
982	6450	1431	16	245	4758	1223
983	6541	1457	27	228	4829	1223
984	6689	1328	20	236	5105	1223
985	6990	1518	10	230	5232	1224
986	6344	1461	22	236	4625	1223
987	6262	1356	23	228	4655	1223
988	6521	1415	23	214	4869	1224
989	6437	1346	16	230	4845	1223
990	6414	1413	25	250	4726	1223
991	6302	1403	24	274	4601	1224
992	6420	1406	12	237	4765	1224
993	6742	1357	22	238	5125	1223
994	6353	1445	24	230	4654	1223
995	6994	1515	25	234	5220	1223
996	6552	1444	24	210	4874	1223
997	6532	1450	14	281	4787	1223
998	6514	1370	19	205	4920	1223
999	6306	1411	19	235	4641	1224
