377	583	9	306	212	36
377	583	9	306	212	211
377	473	9	294	296	297
377	583	9	294	296	297
377	473	9	295	296	297
377	583	9	295	296	297
377	583	9	306	337	31
377	583	9	306	337	36
364	365	12	56	137	36
364	367	12	56	137	36
364	369	12	56	137	36
364	365	12	138	137	36
364	367	12	138	137	36
364	369	12	138	137	36
364	365	12	306	137	36
364	367	12	306	137	36
364	369	12	306	137	36
364	365	12	79	334	111
364	367	12	79	334	111
364	369	12	79	334	111
364	365	12	229	334	111
364	367	12	229	334	111
364	369	12	229	334	111
364	365	12	274	334	111
364	367	12	274	334	111
364	369	12	274	334	111
409	407	12	52	288	255
409	407	12	79	288	255
409	407	12	146	288	255
409	407	12	177	288	255
409	407	12	229	288	255
409	407	12	258	288	255
409	407	12	274	288	255
409	407	12	279	288	255
409	407	12	306	288	255
423	454	12	56	212	36
423	454	12	56	212	211
423	454	12	79	212	211
423	454	12	138	212	36
423	454	12	229	212	211
423	454	12	274	212	211
423	454	12	306	212	36
423	454	12	306	212	211
423	454	12	316	212	211
423	454	12	138	296	297
423	581	12	138	296	297
423	454	12	177	296	297
423	581	12	177	296	297
423	454	12	52	297	296
423	581	12	52	297	296
423	454	12	76	311	195
423	454	12	188	311	63
423	454	12	229	311	243
423	454	12	274	311	243
423	454	12	56	337	36
423	454	12	79	337	111
423	454	12	138	337	36
423	454	12	229	337	111
423	454	12	274	337	111
423	454	12	306	337	31
423	454	12	306	337	36
423	454	12	312	337	31
423	454	12	316	337	221
428	584	12	229	63	311
428	584	12	306	63	311
428	429	12	56	111	36
428	584	12	56	111	36
428	429	12	76	111	334
428	584	12	76	111	334
428	429	12	138	111	36
428	429	12	138	111	309
428	584	12	138	111	36
428	584	12	138	111	309
428	429	12	177	111	349
428	584	12	177	111	349
428	429	12	229	111	100
428	429	12	229	111	349
428	584	12	229	111	100
428	584	12	229	111	349
428	429	12	258	111	286
428	429	12	258	111	309
428	429	12	258	111	349
428	584	12	258	111	286
428	584	12	258	111	309
428	584	12	258	111	349
428	429	12	274	111	100
428	429	12	274	111	349
428	584	12	274	111	100
428	584	12	274	111	349
428	429	12	306	111	36
428	429	12	306	111	102
428	429	12	306	111	175
428	429	12	306	111	309
428	584	12	306	111	36
428	584	12	306	111	102
428	584	12	306	111	175
428	584	12	306	111	309
428	429	12	56	137	36
428	584	12	56	137	36
428	429	12	138	137	36
428	584	12	138	137	36
428	429	12	306	137	36
428	584	12	306	137	36
428	584	12	52	297	296
432	444	12	177	156	23
432	445	12	177	156	23
432	444	12	229	156	23
432	445	12	229	156	23
432	444	12	274	156	23
432	445	12	274	156	23
432	444	12	312	156	23
432	445	12	312	156	23
432	444	12	316	156	23
432	445	12	316	156	23
432	444	12	79	334	111
432	445	12	79	334	111
432	444	12	229	334	111
432	445	12	229	334	111
432	444	12	274	334	111
432	445	12	274	334	111
444	445	12	229	63	311
444	445	12	306	63	311
444	432	12	177	156	23
444	445	12	177	156	23
444	432	12	229	156	23
444	445	12	229	156	23
444	432	12	274	156	23
444	445	12	274	156	23
444	432	12	312	156	23
444	445	12	312	156	23
444	432	12	316	156	23
444	445	12	316	156	23
444	445	12	52	167	168
444	445	12	79	167	168
444	445	12	121	167	168
444	445	12	177	167	168
444	445	12	229	167	168
444	445	12	274	167	168
444	445	12	306	167	168
444	445	12	316	167	168
444	445	12	316	167	221
444	445	12	79	257	111
444	445	12	229	257	111
444	445	12	274	257	111
444	432	12	79	334	111
444	445	12	79	334	111
444	432	12	229	334	111
444	445	12	229	334	111
444	432	12	274	334	111
444	445	12	274	334	111
454	423	12	56	212	36
454	423	12	56	212	211
454	423	12	79	212	211
454	423	12	138	212	36
454	423	12	229	212	211
454	423	12	274	212	211
454	423	12	306	212	36
454	423	12	306	212	211
454	423	12	316	212	211
454	423	12	138	296	297
454	581	12	138	296	297
454	423	12	177	296	297
454	581	12	177	296	297
454	423	12	52	297	296
454	581	12	52	297	296
454	423	12	76	311	195
454	423	12	188	311	63
454	423	12	229	311	243
454	423	12	274	311	243
454	423	12	56	337	36
454	423	12	79	337	111
454	423	12	138	337	36
454	423	12	229	337	111
454	423	12	274	337	111
454	423	12	306	337	31
454	423	12	306	337	36
454	423	12	312	337	31
454	423	12	316	337	221
476	470	12	177	113	114
476	472	12	177	156	23
476	472	12	229	156	23
476	472	12	274	156	23
476	472	12	312	156	23
476	472	12	316	156	23
476	470	12	56	207	36
476	470	12	138	207	36
476	470	12	306	207	36
566	484	12	79	334	111
566	526	12	79	334	111
566	528	12	79	334	111
566	529	12	79	334	111
566	534	12	79	334	111
566	549	12	79	334	111
566	568	12	79	334	111
566	484	12	229	334	111
566	526	12	229	334	111
566	528	12	229	334	111
566	529	12	229	334	111
566	534	12	229	334	111
566	549	12	229	334	111
566	568	12	229	334	111
566	484	12	274	334	111
566	526	12	274	334	111
566	528	12	274	334	111
566	529	12	274	334	111
566	534	12	274	334	111
566	549	12	274	334	111
566	568	12	274	334	111
581	514	12	56	28	123
581	514	12	79	102	111
581	514	12	229	102	111
581	514	12	274	102	111
581	514	12	316	102	193
581	514	12	79	175	111
581	514	12	229	175	111
581	514	12	274	175	111
581	376	12	138	296	297
581	423	12	138	296	297
581	454	12	138	296	297
581	455	12	138	296	297
581	514	12	138	296	297
581	376	12	177	296	297
581	423	12	177	296	297
581	454	12	177	296	297
581	455	12	177	296	297
581	514	12	177	296	297
581	376	12	52	297	296
581	423	12	52	297	296
581	454	12	52	297	296
581	455	12	52	297	296
581	514	12	52	297	296
581	514	12	79	330	332
581	514	12	306	330	332
581	514	12	316	330	193
424	425	42	262	255	288
481	482	42	216	50	49
481	482	42	262	156	23
481	482	42	262	176	31
482	481	42	216	50	49
482	483	42	216	50	49
482	481	42	262	156	23
482	483	42	262	156	23
482	481	42	262	176	31
482	483	42	262	176	31
407	409	43	18	288	255
409	407	43	18	288	255
426	427	43	89	255	288
426	427	43	18	288	255
444	445	43	18	167	168
394	458	52	306	137	36
421	422	52	306	63	311
458	394	52	306	137	36
470	476	52	314	113	114
470	476	52	306	207	36
487	488	52	306	337	31
487	488	52	306	337	36
487	489	52	306	337	31
487	489	52	306	337	36
487	490	52	306	337	31
487	490	52	306	337	36
520	519	52	306	337	31
520	519	52	306	337	36
428	429	56	340	111	334
428	584	56	340	111	334
429	428	56	340	111	334
429	584	56	340	111	334
429	584	56	340	289	207
519	520	56	188	311	63
519	520	56	12	337	111
519	520	56	340	337	31
520	519	56	188	311	63
520	519	56	12	337	111
520	519	56	340	337	31
584	428	56	340	111	334
584	429	56	340	111	334
584	429	56	340	289	207
447	538	75	76	111	334
447	538	75	84	111	349
447	538	75	138	111	36
447	538	75	138	111	309
447	538	75	306	111	36
447	538	75	306	111	102
447	538	75	306	111	175
447	538	75	306	111	309
447	538	75	340	111	334
447	538	75	306	289	207
447	538	75	340	289	207
471	477	75	138	207	36
471	477	75	306	207	36
477	472	75	316	156	23
477	472	75	340	156	23
477	471	75	138	207	36
477	471	75	306	207	36
493	495	75	306	63	311
493	495	75	139	123	28
493	495	75	306	288	255
538	447	75	76	111	334
538	447	75	84	111	349
538	447	75	138	111	36
538	447	75	138	111	309
538	447	75	306	111	36
538	447	75	306	111	102
538	447	75	306	111	175
538	447	75	306	111	309
538	447	75	340	111	334
538	447	75	306	289	207
538	447	75	340	289	207
364	365	76	138	137	36
364	367	76	138	137	36
364	369	76	138	137	36
364	365	76	306	137	36
364	367	76	306	137	36
364	369	76	306	137	36
364	365	76	229	334	111
364	367	76	229	334	111
364	369	76	229	334	111
364	365	76	274	334	111
364	367	76	274	334	111
364	369	76	274	334	111
376	455	76	138	212	36
376	455	76	229	212	211
376	455	76	274	212	211
376	455	76	306	212	36
376	455	76	306	212	211
376	455	76	138	296	297
376	514	76	138	296	297
376	581	76	138	296	297
376	455	76	229	311	243
376	455	76	274	311	243
376	455	76	138	337	36
376	455	76	229	337	111
376	455	76	274	337	111
376	455	76	306	337	31
376	455	76	306	337	36
376	455	76	340	337	31
377	583	76	138	212	36
377	583	76	229	212	211
377	583	76	274	212	211
377	583	76	306	212	36
377	583	76	306	212	211
377	473	76	138	296	297
377	583	76	138	296	297
377	583	76	229	311	243
377	583	76	274	311	243
377	583	76	138	337	36
377	583	76	229	337	111
377	583	76	274	337	111
377	583	76	306	337	31
377	583	76	306	337	36
377	583	76	340	337	31
420	422	76	229	63	311
420	422	76	306	63	311
421	422	76	229	63	311
421	422	76	306	63	311
422	420	76	229	63	311
422	421	76	229	63	311
422	420	76	306	63	311
422	421	76	306	63	311
423	454	76	138	212	36
423	454	76	229	212	211
423	454	76	274	212	211
423	454	76	306	212	36
423	454	76	306	212	211
423	454	76	138	296	297
423	581	76	138	296	297
423	454	76	229	311	243
423	454	76	274	311	243
423	454	76	138	337	36
423	454	76	229	337	111
423	454	76	274	337	111
423	454	76	306	337	31
423	454	76	306	337	36
423	454	76	340	337	31
432	444	76	229	156	23
432	445	76	229	156	23
432	444	76	274	156	23
432	445	76	274	156	23
432	444	76	340	156	23
432	445	76	340	156	23
432	444	76	229	334	111
432	445	76	229	334	111
432	444	76	274	334	111
432	445	76	274	334	111
433	445	76	229	156	23
433	445	76	274	156	23
433	445	76	340	156	23
433	445	76	229	334	111
433	445	76	274	334	111
440	558	76	229	63	311
440	558	76	306	63	311
444	445	76	229	63	311
444	445	76	306	63	311
444	432	76	229	156	23
444	445	76	229	156	23
444	432	76	274	156	23
444	445	76	274	156	23
444	432	76	340	156	23
444	445	76	340	156	23
444	445	76	229	167	168
444	445	76	274	167	168
444	445	76	306	167	168
444	445	76	229	257	111
444	445	76	274	257	111
444	432	76	229	334	111
444	445	76	229	334	111
444	432	76	274	334	111
444	445	76	274	334	111
445	444	76	229	63	311
445	444	76	306	63	311
445	432	76	229	156	23
445	433	76	229	156	23
445	444	76	229	156	23
445	432	76	274	156	23
445	433	76	274	156	23
445	444	76	274	156	23
445	432	76	340	156	23
445	433	76	340	156	23
445	444	76	340	156	23
445	444	76	229	167	168
445	444	76	274	167	168
445	444	76	306	167	168
445	444	76	229	257	111
445	444	76	274	257	111
445	432	76	229	334	111
445	433	76	229	334	111
445	444	76	229	334	111
445	432	76	274	334	111
445	433	76	274	334	111
445	444	76	274	334	111
454	423	76	138	212	36
454	423	76	229	212	211
454	423	76	274	212	211
454	423	76	306	212	36
454	423	76	306	212	211
454	423	76	138	296	297
454	581	76	138	296	297
454	423	76	229	311	243
454	423	76	274	311	243
454	423	76	138	337	36
454	423	76	229	337	111
454	423	76	274	337	111
454	423	76	306	337	31
454	423	76	306	337	36
454	423	76	340	337	31
455	376	76	138	212	36
455	376	76	229	212	211
455	376	76	274	212	211
455	376	76	306	212	36
455	376	76	306	212	211
455	376	76	138	296	297
455	514	76	138	296	297
455	581	76	138	296	297
455	376	76	229	311	243
455	376	76	274	311	243
455	376	76	138	337	36
455	376	76	229	337	111
455	376	76	274	337	111
455	376	76	306	337	31
455	376	76	306	337	36
455	376	76	340	337	31
471	477	76	138	207	36
471	477	76	306	207	36
473	377	76	138	296	297
473	583	76	138	296	297
477	472	76	229	156	23
477	472	76	274	156	23
477	472	76	340	156	23
477	471	76	138	207	36
477	471	76	306	207	36
481	482	76	229	50	49
481	482	76	274	50	49
481	482	76	306	50	49
481	482	76	229	102	111
481	482	76	274	102	111
481	482	76	138	137	36
481	482	76	306	137	36
481	482	76	229	156	23
481	482	76	274	156	23
481	482	76	340	156	23
481	482	76	138	176	309
481	482	76	172	176	349
481	482	76	229	176	111
481	482	76	229	176	349
481	482	76	274	176	111
481	482	76	274	176	349
481	482	76	306	176	31
481	482	76	306	176	175
481	482	76	306	176	309
481	482	76	340	176	31
481	482	76	138	212	36
481	482	76	229	212	211
481	482	76	274	212	211
481	482	76	306	212	36
481	482	76	306	212	211
481	482	76	172	307	349
481	482	76	229	307	349
481	482	76	274	307	349
481	482	76	306	330	332
514	581	76	229	102	111
514	581	76	274	102	111
514	581	76	229	175	111
514	581	76	274	175	111
514	376	76	138	296	297
514	455	76	138	296	297
514	581	76	138	296	297
514	581	76	306	330	332
543	544	76	138	207	36
543	544	76	306	207	36
543	544	76	229	288	255
543	544	76	274	288	255
543	544	76	306	288	255
544	543	76	138	207	36
544	543	76	306	207	36
544	543	76	229	288	255
544	543	76	274	288	255
544	543	76	306	288	255
564	565	76	229	311	243
564	565	76	274	311	243
564	565	76	138	337	36
564	565	76	229	337	111
564	565	76	274	337	111
564	565	76	306	337	31
564	565	76	306	337	36
564	565	76	340	337	31
581	514	76	229	102	111
581	514	76	274	102	111
581	514	76	229	175	111
581	514	76	274	175	111
581	376	76	138	296	297
581	423	76	138	296	297
581	454	76	138	296	297
581	455	76	138	296	297
581	514	76	138	296	297
581	514	76	306	330	332
583	377	76	138	212	36
583	377	76	229	212	211
583	377	76	274	212	211
583	377	76	306	212	36
583	377	76	306	212	211
583	377	76	138	296	297
583	473	76	138	296	297
583	377	76	229	311	243
583	377	76	274	311	243
583	377	76	138	337	36
583	377	76	229	337	111
583	377	76	274	337	111
583	377	76	306	337	31
583	377	76	306	337	36
583	377	76	340	337	31
377	583	77	340	337	31
423	454	77	340	337	31
432	444	77	340	156	23
432	445	77	340	156	23
444	432	77	340	156	23
444	445	77	340	156	23
447	538	77	270	111	331
447	538	77	340	111	334
447	538	77	146	289	207
447	538	77	340	289	207
454	423	77	340	337	31
477	472	77	340	156	23
376	455	79	138	212	36
376	455	79	229	212	211
376	455	79	274	212	211
376	455	79	306	212	36
376	455	79	306	212	211
376	455	79	138	296	297
376	514	79	138	296	297
376	581	79	138	296	297
376	455	79	229	311	243
376	455	79	274	311	243
376	455	79	138	337	36
376	455	79	229	337	111
376	455	79	274	337	111
376	455	79	306	337	31
376	455	79	306	337	36
376	455	79	340	337	31
393	486	79	91	63	311
393	486	79	229	63	311
393	486	79	306	63	311
393	486	79	229	156	23
393	486	79	274	156	23
393	486	79	340	156	23
393	486	79	138	207	36
393	486	79	306	207	36
393	486	79	91	330	332
393	486	79	306	330	332
393	486	79	91	345	311
393	486	79	229	345	243
393	486	79	229	345	311
393	486	79	274	345	243
393	486	79	306	345	35
393	486	79	306	345	311
394	458	79	138	137	36
394	458	79	306	137	36
394	458	79	229	334	111
394	458	79	274	334	111
426	427	79	91	63	311
426	427	79	229	63	311
426	427	79	306	63	311
426	427	79	92	211	212
426	427	79	229	211	212
426	427	79	274	211	212
426	427	79	306	211	212
426	427	79	340	211	212
426	427	79	229	255	288
426	427	79	274	255	288
426	427	79	306	255	288
426	427	79	91	288	255
426	427	79	229	288	255
426	427	79	274	288	255
426	427	79	306	288	255
426	427	79	138	309	36
426	427	79	229	309	111
426	427	79	274	309	111
426	427	79	306	309	36
426	427	79	138	349	36
426	427	79	229	349	111
426	427	79	274	349	111
426	427	79	306	349	36
427	426	79	91	63	311
427	426	79	229	63	311
427	426	79	306	63	311
427	426	79	92	211	212
427	426	79	229	211	212
427	426	79	274	211	212
427	426	79	306	211	212
427	426	79	340	211	212
427	426	79	229	255	288
427	426	79	274	255	288
427	426	79	306	255	288
427	426	79	91	288	255
427	426	79	229	288	255
427	426	79	274	288	255
427	426	79	306	288	255
427	426	79	138	309	36
427	426	79	229	309	111
427	426	79	274	309	111
427	426	79	306	309	36
427	426	79	138	349	36
427	426	79	229	349	111
427	426	79	274	349	111
427	426	79	306	349	36
429	428	79	138	111	36
429	428	79	138	111	309
429	584	79	138	111	36
429	584	79	138	111	309
429	428	79	229	111	100
429	428	79	229	111	349
429	584	79	229	111	100
429	584	79	229	111	349
429	428	79	274	111	100
429	428	79	274	111	349
429	584	79	274	111	100
429	584	79	274	111	349
429	428	79	306	111	36
429	428	79	306	111	102
429	428	79	306	111	175
429	428	79	306	111	309
429	584	79	306	111	36
429	584	79	306	111	102
429	584	79	306	111	175
429	584	79	306	111	309
429	428	79	340	111	334
429	584	79	340	111	334
429	428	79	138	137	36
429	584	79	138	137	36
429	428	79	306	137	36
429	584	79	306	137	36
429	584	79	306	289	207
429	584	79	340	289	207
447	538	79	138	111	36
447	538	79	138	111	309
447	538	79	229	111	100
447	538	79	229	111	349
447	538	79	274	111	100
447	538	79	274	111	349
447	538	79	306	111	36
447	538	79	306	111	102
447	538	79	306	111	175
447	538	79	306	111	309
447	538	79	340	111	334
447	538	79	306	289	207
447	538	79	340	289	207
455	376	79	138	212	36
455	376	79	229	212	211
455	376	79	274	212	211
455	376	79	306	212	36
455	376	79	306	212	211
455	376	79	138	296	297
455	514	79	138	296	297
455	581	79	138	296	297
455	376	79	229	311	243
455	376	79	274	311	243
455	376	79	138	337	36
455	376	79	229	337	111
455	376	79	274	337	111
455	376	79	306	337	31
455	376	79	306	337	36
455	376	79	340	337	31
458	394	79	138	137	36
458	394	79	306	137	36
458	394	79	229	334	111
458	394	79	274	334	111
470	476	79	138	207	36
470	476	79	306	207	36
476	472	79	229	156	23
476	472	79	274	156	23
476	472	79	340	156	23
476	470	79	138	207	36
476	470	79	306	207	36
486	393	79	91	63	311
486	393	79	229	63	311
486	393	79	306	63	311
486	393	79	229	156	23
486	393	79	274	156	23
486	393	79	340	156	23
486	393	79	138	207	36
486	393	79	306	207	36
486	393	79	91	330	332
486	393	79	306	330	332
486	393	79	91	345	311
486	393	79	229	345	243
486	393	79	229	345	311
486	393	79	274	345	243
486	393	79	306	345	35
486	393	79	306	345	311
493	495	79	29	28	123
493	495	79	91	63	311
493	495	79	229	63	311
493	495	79	306	63	311
493	495	79	91	288	255
493	495	79	229	288	255
493	495	79	274	288	255
493	495	79	306	288	255
495	493	79	29	28	123
495	493	79	91	63	311
495	493	79	229	63	311
495	493	79	306	63	311
495	493	79	91	288	255
495	493	79	229	288	255
495	493	79	274	288	255
495	493	79	306	288	255
584	428	79	91	63	311
584	428	79	229	63	311
584	428	79	306	63	311
584	428	79	138	111	36
584	428	79	138	111	309
584	429	79	138	111	36
584	429	79	138	111	309
584	428	79	229	111	100
584	428	79	229	111	349
584	429	79	229	111	100
584	429	79	229	111	349
584	428	79	274	111	100
584	428	79	274	111	349
584	429	79	274	111	100
584	429	79	274	111	349
584	428	79	306	111	36
584	428	79	306	111	102
584	428	79	306	111	175
584	428	79	306	111	309
584	429	79	306	111	36
584	429	79	306	111	102
584	429	79	306	111	175
584	429	79	306	111	309
584	428	79	340	111	334
584	429	79	340	111	334
584	428	79	138	137	36
584	429	79	138	137	36
584	428	79	306	137	36
584	429	79	306	137	36
584	429	79	306	289	207
584	429	79	340	289	207
426	427	85	360	1	2
426	427	85	274	211	212
426	427	85	316	211	212
426	427	85	274	255	288
426	427	85	274	288	255
426	427	85	274	309	111
426	427	85	274	349	111
472	476	85	274	156	23
472	477	85	274	156	23
472	476	85	316	156	23
472	477	85	316	156	23
476	472	85	274	156	23
476	472	85	316	156	23
483	482	85	274	50	49
483	482	85	274	102	111
483	482	85	316	102	193
483	482	85	274	156	23
483	482	85	316	156	23
483	482	85	274	176	111
483	482	85	274	176	349
483	482	85	274	212	211
483	482	85	316	212	211
483	482	85	274	307	349
483	482	85	316	330	193
492	494	85	360	235	257
492	494	85	274	288	255
494	492	85	360	235	257
494	492	85	274	288	255
376	455	89	138	212	36
376	455	89	306	212	36
376	455	89	306	212	211
376	455	89	343	212	36
376	455	89	138	296	297
376	514	89	138	296	297
376	581	89	138	296	297
376	455	89	215	296	297
376	514	89	215	296	297
376	581	89	215	296	297
376	455	89	188	311	63
376	455	89	138	337	36
376	455	89	306	337	31
376	455	89	306	337	36
376	455	89	340	337	31
376	455	89	343	337	36
376	455	89	343	337	111
407	409	89	279	288	255
407	409	89	306	288	255
409	407	89	279	288	255
409	407	89	306	288	255
423	454	89	138	212	36
423	454	89	306	212	36
423	454	89	306	212	211
423	454	89	343	212	36
423	454	89	138	296	297
423	581	89	138	296	297
423	454	89	215	296	297
423	581	89	215	296	297
423	454	89	188	311	63
423	454	89	138	337	36
423	454	89	306	337	31
423	454	89	306	337	36
423	454	89	340	337	31
423	454	89	343	337	36
423	454	89	343	337	111
424	425	89	306	63	311
424	425	89	279	211	212
424	425	89	306	211	212
424	425	89	340	211	212
424	425	89	343	211	212
424	425	89	306	255	288
424	425	89	279	288	255
424	425	89	306	288	255
424	425	89	138	309	36
424	425	89	306	309	36
424	425	89	343	309	36
424	425	89	343	309	111
424	425	89	343	309	176
424	425	89	138	349	36
424	425	89	306	349	36
424	425	89	343	349	36
424	425	89	343	349	111
424	425	89	343	349	176
432	444	89	215	156	23
432	445	89	215	156	23
432	444	89	340	156	23
432	445	89	340	156	23
432	444	89	343	334	111
432	445	89	343	334	111
433	445	89	215	156	23
433	445	89	340	156	23
433	445	89	343	334	111
444	445	89	306	63	311
444	432	89	215	156	23
444	445	89	215	156	23
444	432	89	340	156	23
444	445	89	340	156	23
444	445	89	306	167	168
444	445	89	358	167	168
444	445	89	343	257	111
444	432	89	343	334	111
444	445	89	343	334	111
445	444	89	306	63	311
445	432	89	215	156	23
445	433	89	215	156	23
445	444	89	215	156	23
445	432	89	340	156	23
445	433	89	340	156	23
445	444	89	340	156	23
445	444	89	306	167	168
445	444	89	358	167	168
445	444	89	343	257	111
445	432	89	343	334	111
445	433	89	343	334	111
445	444	89	343	334	111
454	423	89	138	212	36
454	423	89	306	212	36
454	423	89	306	212	211
454	423	89	343	212	36
454	423	89	138	296	297
454	581	89	138	296	297
454	423	89	215	296	297
454	581	89	215	296	297
454	423	89	188	311	63
454	423	89	138	337	36
454	423	89	306	337	31
454	423	89	306	337	36
454	423	89	340	337	31
454	423	89	343	337	36
454	423	89	343	337	111
455	376	89	138	212	36
455	376	89	306	212	36
455	376	89	306	212	211
455	376	89	343	212	36
455	376	89	138	296	297
455	514	89	138	296	297
455	581	89	138	296	297
455	376	89	215	296	297
455	514	89	215	296	297
455	581	89	215	296	297
455	376	89	188	311	63
455	376	89	138	337	36
455	376	89	306	337	31
455	376	89	306	337	36
455	376	89	340	337	31
455	376	89	343	337	36
455	376	89	343	337	111
466	467	89	343	334	111
467	466	89	343	334	111
514	581	89	29	28	123
514	581	89	343	102	111
514	581	89	343	175	111
514	581	89	343	175	176
514	376	89	138	296	297
514	455	89	138	296	297
514	581	89	138	296	297
514	376	89	215	296	297
514	455	89	215	296	297
514	581	89	215	296	297
514	581	89	306	330	332
558	440	89	306	63	311
581	514	89	29	28	123
581	514	89	343	102	111
581	514	89	343	175	111
581	514	89	343	175	176
581	376	89	138	296	297
581	423	89	138	296	297
581	454	89	138	296	297
581	455	89	138	296	297
581	514	89	138	296	297
581	376	89	215	296	297
581	423	89	215	296	297
581	454	89	215	296	297
581	455	89	215	296	297
581	514	89	215	296	297
581	514	89	306	330	332
477	472	90	316	156	23
425	424	91	94	211	212
425	424	91	177	211	212
425	424	91	329	211	212
425	424	91	177	288	255
425	424	91	269	288	255
426	427	91	94	211	212
426	427	91	177	211	212
426	427	91	329	211	212
426	427	91	177	288	255
426	427	91	269	288	255
428	429	91	177	111	349
428	584	91	177	111	349
429	428	91	177	111	349
429	584	91	177	111	349
584	428	91	177	111	349
584	429	91	177	111	349
447	538	94	76	111	334
407	409	97	177	288	255
425	424	97	177	211	212
425	424	97	340	211	212
425	424	97	177	288	255
447	538	97	84	111	349
447	538	97	177	111	349
447	538	97	340	111	334
447	538	97	340	289	207
470	476	97	83	113	114
470	476	97	177	113	114
470	476	97	290	207	289
476	470	97	83	113	114
476	470	97	177	113	114
476	472	97	177	156	23
476	472	97	340	156	23
476	470	97	290	207	289
492	494	97	177	288	255
494	492	97	177	288	255
538	447	97	84	111	349
538	447	97	177	111	349
538	447	97	340	111	334
538	447	97	340	289	207
364	365	109	308	334	284
364	367	109	308	334	284
364	369	109	308	334	284
470	476	112	83	113	114
470	476	112	314	113	114
470	476	112	138	207	36
470	476	112	306	207	36
470	476	112	343	207	36
447	538	120	76	111	334
447	538	120	306	111	36
447	538	120	306	111	102
447	538	120	306	111	175
447	538	120	306	111	309
447	538	120	340	111	334
447	538	120	306	289	207
447	538	120	340	289	207
538	447	120	76	111	334
538	447	120	306	111	36
538	447	120	306	111	102
538	447	120	306	111	175
538	447	120	306	111	309
538	447	120	340	111	334
538	447	120	306	289	207
538	447	120	340	289	207
365	364	122	229	334	111
365	364	122	274	334	111
494	492	122	229	63	311
494	492	122	229	288	255
494	492	122	274	288	255
447	538	128	229	111	100
447	538	128	229	111	349
447	538	128	274	111	100
447	538	128	274	111	349
447	538	128	306	111	36
447	538	128	306	111	102
447	538	128	306	111	175
447	538	128	306	111	309
447	538	128	306	289	207
482	481	128	216	50	49
482	483	128	216	50	49
482	481	128	229	50	49
482	483	128	229	50	49
482	481	128	274	50	49
482	483	128	274	50	49
482	481	128	306	50	49
482	483	128	306	50	49
482	481	128	229	102	111
482	483	128	229	102	111
482	481	128	274	102	111
482	483	128	274	102	111
482	481	128	306	137	36
482	483	128	306	137	36
482	481	128	229	156	23
482	483	128	229	156	23
482	481	128	274	156	23
482	483	128	274	156	23
482	481	128	229	176	111
482	481	128	229	176	349
482	483	128	229	176	111
482	483	128	229	176	349
482	481	128	274	176	111
482	481	128	274	176	349
482	483	128	274	176	111
482	483	128	274	176	349
482	481	128	306	176	31
482	481	128	306	176	175
482	481	128	306	176	309
482	483	128	306	176	31
482	483	128	306	176	175
482	483	128	306	176	309
482	481	128	229	212	211
482	483	128	229	212	211
482	481	128	274	212	211
482	483	128	274	212	211
482	481	128	306	212	36
482	481	128	306	212	211
482	483	128	306	212	36
482	483	128	306	212	211
482	481	128	229	307	349
482	483	128	229	307	349
482	481	128	274	307	349
482	483	128	274	307	349
482	481	128	306	330	332
482	483	128	306	330	332
494	492	130	144	2	1
447	538	138	229	111	100
447	538	138	229	111	349
447	538	138	274	111	100
447	538	138	274	111	349
447	538	138	360	111	257
447	538	138	360	235	257
538	447	138	229	111	100
538	447	138	229	111	349
538	447	138	274	111	100
538	447	138	274	111	349
538	447	138	360	111	257
538	447	138	360	235	257
428	429	139	220	111	36
428	584	139	220	111	36
428	429	139	360	111	257
428	584	139	360	111	257
428	429	139	220	137	36
428	584	139	220	137	36
429	428	139	220	111	36
429	584	139	220	111	36
429	428	139	360	111	257
429	584	139	360	111	257
429	428	139	220	137	36
429	584	139	220	137	36
447	538	139	220	111	36
447	538	139	360	111	257
447	538	139	360	235	257
447	538	139	220	242	233
538	447	139	220	111	36
538	447	139	360	111	257
538	447	139	360	235	257
538	447	139	220	242	233
584	428	139	220	111	36
584	429	139	220	111	36
584	428	139	360	111	257
584	429	139	360	111	257
584	428	139	220	137	36
584	429	139	220	137	36
424	425	140	360	1	2
494	492	140	360	235	257
584	428	140	141	111	349
584	429	140	141	111	349
584	428	140	360	111	257
584	429	140	360	111	257
447	538	141	306	111	36
447	538	141	306	111	102
447	538	141	306	111	175
447	538	141	306	111	309
447	538	141	306	289	207
481	482	141	306	50	49
481	482	141	306	137	36
481	482	141	306	176	31
481	482	141	306	176	175
481	482	141	306	176	309
481	482	141	306	212	36
481	482	141	306	212	211
481	482	141	306	330	332
483	482	141	306	50	49
483	482	141	306	137	36
483	482	141	306	176	31
483	482	141	306	176	175
483	482	141	306	176	309
483	482	141	306	212	36
483	482	141	306	212	211
483	482	141	306	330	332
538	447	141	306	111	36
538	447	141	306	111	102
538	447	141	306	111	175
538	447	141	306	111	309
538	447	141	306	289	207
423	454	143	229	212	211
423	454	143	274	212	211
423	454	143	229	311	243
423	454	143	274	311	243
423	454	143	229	337	111
423	454	143	274	337	111
432	444	143	229	156	23
432	445	143	229	156	23
432	444	143	274	156	23
432	445	143	274	156	23
432	444	143	229	334	111
432	445	143	229	334	111
432	444	143	274	334	111
432	445	143	274	334	111
444	445	143	229	63	311
444	432	143	229	156	23
444	445	143	229	156	23
444	432	143	274	156	23
444	445	143	274	156	23
444	445	143	229	167	168
444	445	143	274	167	168
444	445	143	229	257	111
444	445	143	274	257	111
444	432	143	229	334	111
444	445	143	229	334	111
444	432	143	274	334	111
444	445	143	274	334	111
454	423	143	229	212	211
454	423	143	274	212	211
454	423	143	229	311	243
454	423	143	274	311	243
454	423	143	229	337	111
454	423	143	274	337	111
581	514	143	229	102	111
581	514	143	274	102	111
581	514	143	229	175	111
581	514	143	274	175	111
364	365	146	79	334	111
364	367	146	79	334	111
364	369	146	79	334	111
364	365	146	229	334	111
364	367	146	229	334	111
364	369	146	229	334	111
364	365	146	274	334	111
364	367	146	274	334	111
364	369	146	274	334	111
407	409	146	79	288	255
407	409	146	229	288	255
407	409	146	274	288	255
409	407	146	79	288	255
409	407	146	229	288	255
409	407	146	274	288	255
426	427	146	184	1	222
426	427	146	360	1	2
426	427	146	229	63	311
426	427	146	229	211	212
426	427	146	274	211	212
426	427	146	316	211	212
426	427	146	229	255	288
426	427	146	274	255	288
426	427	146	79	288	255
426	427	146	229	288	255
426	427	146	274	288	255
426	427	146	79	309	111
426	427	146	229	309	111
426	427	146	274	309	111
426	427	146	79	349	111
426	427	146	229	349	111
426	427	146	274	349	111
426	427	146	354	349	307
428	584	146	229	63	311
428	429	146	229	111	100
428	429	146	229	111	349
428	584	146	229	111	100
428	584	146	229	111	349
428	429	146	274	111	100
428	429	146	274	111	349
428	584	146	274	111	100
428	584	146	274	111	349
428	429	146	360	111	257
428	584	146	360	111	257
429	428	146	229	111	100
429	428	146	229	111	349
429	584	146	229	111	100
429	584	146	229	111	349
429	428	146	274	111	100
429	428	146	274	111	349
429	584	146	274	111	100
429	584	146	274	111	349
429	428	146	360	111	257
429	584	146	360	111	257
429	584	146	208	289	207
454	423	146	79	212	211
454	423	146	229	212	211
454	423	146	274	212	211
454	423	146	316	212	211
454	423	146	360	296	297
454	581	146	360	296	297
454	423	146	229	311	243
454	423	146	274	311	243
454	423	146	79	337	111
454	423	146	229	337	111
454	423	146	274	337	111
454	423	146	316	337	221
470	476	146	290	207	289
471	477	146	290	207	289
472	476	146	229	156	23
472	477	146	229	156	23
472	476	146	274	156	23
472	477	146	274	156	23
472	476	146	316	156	23
472	477	146	316	156	23
476	472	146	229	156	23
476	472	146	274	156	23
476	472	146	316	156	23
476	470	146	290	207	289
483	482	146	229	50	49
483	482	146	274	50	49
483	482	146	79	102	111
483	482	146	229	102	111
483	482	146	274	102	111
483	482	146	316	102	193
483	482	146	229	156	23
483	482	146	274	156	23
483	482	146	316	156	23
483	482	146	79	176	111
483	482	146	229	176	111
483	482	146	229	176	349
483	482	146	274	176	111
483	482	146	274	176	349
483	482	146	79	212	211
483	482	146	229	212	211
483	482	146	274	212	211
483	482	146	316	212	211
483	482	146	229	307	349
483	482	146	274	307	349
483	482	146	79	330	332
483	482	146	316	330	193
492	494	146	29	28	123
492	494	146	229	63	311
492	494	146	360	235	257
492	494	146	79	288	255
492	494	146	229	288	255
492	494	146	274	288	255
494	492	146	29	28	123
494	492	146	229	63	311
494	492	146	360	235	257
494	492	146	79	288	255
494	492	146	229	288	255
494	492	146	274	288	255
519	520	146	316	171	221
519	520	146	229	311	243
519	520	146	274	311	243
519	520	146	79	337	111
519	520	146	229	337	111
519	520	146	274	337	111
519	520	146	316	337	221
520	519	146	316	171	221
520	519	146	229	311	243
520	519	146	274	311	243
520	519	146	79	337	111
520	519	146	229	337	111
520	519	146	274	337	111
520	519	146	316	337	221
530	501	146	79	102	111
530	555	146	79	102	111
530	576	146	79	102	111
530	501	146	229	102	111
530	555	146	229	102	111
530	576	146	229	102	111
530	501	146	274	102	111
530	555	146	274	102	111
530	576	146	274	102	111
530	501	146	316	102	193
530	555	146	316	102	193
530	576	146	316	102	193
530	397	146	360	296	297
530	501	146	360	296	297
530	516	146	360	296	297
530	533	146	360	296	297
538	447	146	229	111	100
538	447	146	229	111	349
538	447	146	274	111	100
538	447	146	274	111	349
538	447	146	360	111	257
538	447	146	360	235	257
538	447	146	208	289	207
558	440	146	229	63	311
558	440	146	316	171	221
584	428	146	229	63	311
584	428	146	229	111	100
584	428	146	229	111	349
584	429	146	229	111	100
584	429	146	229	111	349
584	428	146	274	111	100
584	428	146	274	111	349
584	429	146	274	111	100
584	429	146	274	111	349
584	428	146	360	111	257
584	429	146	360	111	257
584	429	146	208	289	207
467	466	147	220	242	233
481	482	147	306	50	49
481	482	147	220	137	36
481	482	147	306	137	36
481	482	147	306	176	31
481	482	147	306	176	175
481	482	147	306	176	309
481	482	147	220	212	36
481	482	147	306	212	36
481	482	147	306	212	211
481	482	147	306	330	332
382	572	150	340	156	23
382	573	150	306	337	31
382	573	150	306	337	36
382	573	150	340	337	31
428	584	150	306	63	311
428	429	150	306	111	36
428	429	150	306	111	102
428	429	150	306	111	175
428	429	150	306	111	309
428	584	150	306	111	36
428	584	150	306	111	102
428	584	150	306	111	175
428	584	150	306	111	309
428	429	150	340	111	334
428	584	150	340	111	334
428	429	150	306	137	36
428	584	150	306	137	36
429	428	150	306	111	36
429	428	150	306	111	102
429	428	150	306	111	175
429	428	150	306	111	309
429	584	150	306	111	36
429	584	150	306	111	102
429	584	150	306	111	175
429	584	150	306	111	309
429	428	150	340	111	334
429	584	150	340	111	334
429	428	150	306	137	36
429	584	150	306	137	36
429	584	150	306	289	207
429	584	150	340	289	207
447	538	150	306	111	36
447	538	150	306	111	102
447	538	150	306	111	175
447	538	150	306	111	309
447	538	150	340	111	334
447	538	150	306	289	207
447	538	150	340	289	207
516	533	150	306	211	212
516	549	150	306	211	212
516	556	150	306	211	212
516	533	150	340	211	212
516	549	150	340	211	212
516	556	150	340	211	212
523	524	150	306	137	36
523	525	150	306	137	36
523	533	150	306	137	36
524	523	150	306	137	36
524	525	150	306	137	36
524	533	150	306	137	36
525	523	150	306	137	36
525	524	150	306	137	36
525	533	150	306	137	36
529	484	150	306	349	36
533	523	150	306	137	36
533	524	150	306	137	36
533	525	150	306	137	36
533	516	150	306	211	212
533	549	150	306	211	212
533	556	150	306	211	212
533	516	150	340	211	212
533	549	150	340	211	212
533	556	150	340	211	212
534	556	150	306	63	311
534	568	150	306	63	311
549	516	150	306	211	212
549	533	150	306	211	212
549	556	150	306	211	212
549	516	150	340	211	212
549	533	150	340	211	212
549	556	150	340	211	212
556	534	150	306	63	311
556	568	150	306	63	311
556	516	150	306	211	212
556	533	150	306	211	212
556	549	150	306	211	212
556	516	150	340	211	212
556	533	150	340	211	212
556	549	150	340	211	212
556	572	150	306	330	332
568	534	150	306	63	311
568	556	150	306	63	311
572	382	150	340	156	23
572	556	150	306	330	332
573	382	150	306	337	31
573	382	150	306	337	36
573	382	150	340	337	31
584	428	150	306	63	311
584	428	150	306	111	36
584	428	150	306	111	102
584	428	150	306	111	175
584	428	150	306	111	309
584	429	150	306	111	36
584	429	150	306	111	102
584	429	150	306	111	175
584	429	150	306	111	309
584	428	150	340	111	334
584	429	150	340	111	334
584	428	150	306	137	36
584	429	150	306	137	36
584	429	150	306	289	207
584	429	150	340	289	207
482	481	172	229	50	49
482	483	172	229	50	49
482	481	172	274	50	49
482	483	172	274	50	49
482	481	172	229	102	111
482	483	172	229	102	111
482	481	172	274	102	111
482	483	172	274	102	111
482	481	172	316	102	193
482	483	172	316	102	193
482	481	172	229	156	23
482	483	172	229	156	23
482	481	172	274	156	23
482	483	172	274	156	23
482	481	172	316	156	23
482	483	172	316	156	23
482	481	172	229	176	111
482	481	172	229	176	349
482	483	172	229	176	111
482	483	172	229	176	349
482	481	172	274	176	111
482	481	172	274	176	349
482	483	172	274	176	111
482	483	172	274	176	349
482	481	172	229	212	211
482	483	172	229	212	211
482	481	172	274	212	211
482	483	172	274	212	211
482	481	172	316	212	211
482	483	172	316	212	211
482	481	172	229	307	349
482	483	172	229	307	349
482	481	172	274	307	349
482	483	172	274	307	349
482	481	172	316	330	193
482	483	172	316	330	193
377	583	177	56	212	36
377	583	177	56	212	211
377	583	177	326	212	36
377	473	177	294	296	297
377	583	177	294	296	297
377	473	177	295	296	297
377	583	177	295	296	297
377	473	177	52	297	296
377	583	177	52	297	296
377	583	177	158	311	345
377	583	177	12	337	111
377	583	177	56	337	36
377	583	177	326	337	36
433	445	177	12	334	111
447	538	177	56	111	36
447	538	177	141	111	349
447	538	177	326	111	36
447	538	177	52	242	25
447	538	177	52	297	296
466	467	177	158	35	345
466	467	177	89	61	60
466	467	177	52	242	25
466	467	177	12	334	111
467	466	177	158	35	345
467	466	177	89	61	60
467	466	177	52	242	25
467	466	177	12	334	111
470	476	177	56	207	36
470	476	177	326	207	36
471	477	177	56	207	36
471	477	177	326	207	36
473	377	177	294	296	297
473	583	177	294	296	297
473	377	177	295	296	297
473	583	177	295	296	297
473	377	177	52	297	296
473	583	177	52	297	296
538	447	177	56	111	36
538	447	177	141	111	349
538	447	177	326	111	36
538	447	177	52	242	25
538	447	177	52	297	296
583	377	177	56	212	36
583	377	177	56	212	211
583	377	177	326	212	36
583	377	177	294	296	297
583	473	177	294	296	297
583	377	177	295	296	297
583	473	177	295	296	297
583	377	177	52	297	296
583	473	177	52	297	296
583	377	177	158	311	345
583	377	177	12	337	111
583	377	177	56	337	36
583	377	177	326	337	36
397	501	183	138	296	297
397	516	183	138	296	297
397	530	183	138	296	297
397	533	183	138	296	297
428	429	183	138	111	36
428	429	183	138	111	309
428	584	183	138	111	36
428	584	183	138	111	309
428	429	183	141	111	349
428	584	183	141	111	349
428	429	183	326	111	36
428	584	183	326	111	36
428	584	183	139	123	28
428	429	183	138	137	36
428	584	183	138	137	36
428	429	183	326	137	36
428	584	183	326	137	36
429	428	183	138	111	36
429	428	183	138	111	309
429	584	183	138	111	36
429	584	183	138	111	309
429	428	183	141	111	349
429	584	183	141	111	349
429	428	183	326	111	36
429	584	183	326	111	36
429	428	183	138	137	36
429	584	183	138	137	36
429	428	183	326	137	36
429	584	183	326	137	36
447	538	183	138	111	36
447	538	183	138	111	309
447	538	183	141	111	349
447	538	183	326	111	36
538	447	183	138	111	36
538	447	183	138	111	309
538	447	183	141	111	349
538	447	183	326	111	36
584	428	183	138	111	36
584	428	183	138	111	309
584	429	183	138	111	36
584	429	183	138	111	309
584	428	183	141	111	349
584	429	183	141	111	349
584	428	183	326	111	36
584	429	183	326	111	36
584	428	183	139	123	28
584	428	183	138	137	36
584	429	183	138	137	36
584	428	183	326	137	36
584	429	183	326	137	36
394	458	185	306	137	36
429	584	188	245	289	207
584	429	188	245	289	207
367	364	208	326	137	36
367	369	208	326	137	36
376	445	208	302	132	133
376	455	208	302	132	133
376	455	208	326	212	36
376	455	208	52	297	296
376	514	208	52	297	296
376	581	208	52	297	296
376	455	208	188	311	63
376	455	208	326	337	36
455	376	208	302	132	133
455	445	208	302	132	133
455	376	208	326	212	36
455	376	208	52	297	296
455	514	208	52	297	296
455	581	208	52	297	296
455	376	208	188	311	63
455	376	208	326	337	36
466	467	208	52	242	25
467	466	208	52	242	25
481	482	208	326	137	36
481	482	208	118	176	309
481	482	208	326	212	36
514	581	208	326	28	123
514	376	208	52	297	296
514	455	208	52	297	296
514	581	208	52	297	296
407	409	216	79	288	255
407	409	216	91	288	255
407	409	216	177	288	255
420	422	216	91	63	311
447	538	216	76	111	334
447	538	216	172	111	349
447	538	216	177	111	349
447	538	216	343	111	36
447	538	216	343	111	176
538	447	216	76	111	334
538	447	216	172	111	349
538	447	216	177	111	349
538	447	216	343	111	36
538	447	216	343	111	176
364	365	219	56	137	36
364	367	219	56	137	36
364	369	219	56	137	36
364	365	219	306	137	36
364	367	219	306	137	36
364	369	219	306	137	36
364	365	219	326	137	36
364	367	219	326	137	36
364	369	219	326	137	36
364	365	219	12	334	111
364	367	219	12	334	111
364	369	219	12	334	111
364	365	219	42	334	111
364	367	219	42	334	111
364	369	219	42	334	111
364	365	219	229	334	111
364	367	219	229	334	111
364	369	219	229	334	111
364	365	219	274	334	111
364	367	219	274	334	111
364	369	219	274	334	111
365	364	219	56	137	36
365	364	219	306	137	36
365	364	219	326	137	36
365	364	219	12	334	111
365	364	219	42	334	111
365	364	219	229	334	111
365	364	219	274	334	111
367	364	219	56	137	36
367	369	219	56	137	36
367	364	219	306	137	36
367	369	219	306	137	36
367	364	219	326	137	36
367	369	219	326	137	36
367	364	219	12	334	111
367	369	219	12	334	111
367	364	219	42	334	111
367	369	219	42	334	111
367	364	219	229	334	111
367	369	219	229	334	111
367	364	219	274	334	111
367	369	219	274	334	111
369	364	219	56	137	36
369	367	219	56	137	36
369	364	219	306	137	36
369	367	219	306	137	36
369	364	219	326	137	36
369	367	219	326	137	36
369	364	219	12	334	111
369	367	219	12	334	111
369	364	219	42	334	111
369	367	219	42	334	111
369	364	219	229	334	111
369	367	219	229	334	111
369	364	219	274	334	111
369	367	219	274	334	111
376	455	219	56	212	36
376	455	219	56	212	211
376	455	219	229	212	211
376	455	219	274	212	211
376	455	219	306	212	36
376	455	219	306	212	211
376	455	219	316	212	211
376	455	219	326	212	36
376	455	219	112	296	297
376	514	219	112	296	297
376	581	219	112	296	297
376	455	219	177	296	297
376	514	219	177	296	297
376	581	219	177	296	297
376	455	219	215	296	297
376	514	219	215	296	297
376	581	219	215	296	297
376	455	219	294	296	297
376	514	219	294	296	297
376	581	219	294	296	297
376	455	219	295	296	297
376	514	219	295	296	297
376	581	219	295	296	297
376	455	219	360	296	297
376	514	219	360	296	297
376	581	219	360	296	297
376	455	219	76	311	195
376	455	219	188	311	63
376	455	219	229	311	243
376	455	219	274	311	243
376	455	219	12	337	111
376	455	219	42	337	111
376	455	219	56	337	36
376	455	219	229	337	111
376	455	219	262	337	31
376	455	219	274	337	111
376	455	219	306	337	31
376	455	219	306	337	36
376	455	219	316	337	221
376	455	219	326	337	36
376	455	219	340	337	31
377	583	219	56	212	36
377	583	219	56	212	211
377	583	219	229	212	211
377	583	219	274	212	211
377	583	219	306	212	36
377	583	219	306	212	211
377	583	219	316	212	211
377	583	219	326	212	36
377	473	219	112	296	297
377	583	219	112	296	297
377	473	219	177	296	297
377	583	219	177	296	297
377	473	219	215	296	297
377	583	219	215	296	297
377	473	219	294	296	297
377	583	219	294	296	297
377	473	219	295	296	297
377	583	219	295	296	297
377	473	219	360	296	297
377	583	219	360	296	297
377	583	219	76	311	195
377	583	219	188	311	63
377	583	219	229	311	243
377	583	219	274	311	243
377	583	219	12	337	111
377	583	219	42	337	111
377	583	219	56	337	36
377	583	219	229	337	111
377	583	219	262	337	31
377	583	219	274	337	111
377	583	219	306	337	31
377	583	219	306	337	36
377	583	219	316	337	221
377	583	219	326	337	36
377	583	219	340	337	31
420	422	219	112	25	242
420	422	219	229	63	311
420	422	219	306	63	311
420	422	219	316	171	221
422	420	219	112	25	242
422	421	219	112	25	242
422	420	219	229	63	311
422	421	219	229	63	311
422	420	219	306	63	311
422	421	219	306	63	311
422	420	219	316	171	221
422	421	219	316	171	221
423	454	219	56	212	36
423	454	219	56	212	211
423	454	219	229	212	211
423	454	219	274	212	211
423	454	219	306	212	36
423	454	219	306	212	211
423	454	219	316	212	211
423	454	219	326	212	36
423	454	219	112	296	297
423	581	219	112	296	297
423	454	219	177	296	297
423	581	219	177	296	297
423	454	219	215	296	297
423	581	219	215	296	297
423	454	219	294	296	297
423	581	219	294	296	297
423	454	219	295	296	297
423	581	219	295	296	297
423	454	219	360	296	297
423	581	219	360	296	297
423	454	219	76	311	195
423	454	219	188	311	63
423	454	219	229	311	243
423	454	219	274	311	243
423	454	219	12	337	111
423	454	219	42	337	111
423	454	219	56	337	36
423	454	219	229	337	111
423	454	219	262	337	31
423	454	219	274	337	111
423	454	219	306	337	31
423	454	219	306	337	36
423	454	219	316	337	221
423	454	219	326	337	36
423	454	219	340	337	31
432	444	219	24	156	23
432	445	219	24	156	23
432	444	219	112	156	23
432	445	219	112	156	23
432	444	219	177	156	23
432	445	219	177	156	23
432	444	219	215	156	23
432	445	219	215	156	23
432	444	219	229	156	23
432	445	219	229	156	23
432	444	219	262	156	23
432	445	219	262	156	23
432	444	219	274	156	23
432	445	219	274	156	23
432	444	219	316	156	23
432	445	219	316	156	23
432	444	219	340	156	23
432	445	219	340	156	23
432	444	219	12	334	111
432	445	219	12	334	111
432	444	219	42	334	111
432	445	219	42	334	111
432	444	219	229	334	111
432	445	219	229	334	111
432	444	219	274	334	111
432	445	219	274	334	111
433	445	219	24	156	23
433	445	219	112	156	23
433	445	219	177	156	23
433	445	219	215	156	23
433	445	219	229	156	23
433	445	219	262	156	23
433	445	219	274	156	23
433	445	219	316	156	23
433	445	219	340	156	23
433	445	219	12	334	111
433	445	219	42	334	111
433	445	219	229	334	111
433	445	219	274	334	111
440	558	219	112	25	242
440	558	219	229	63	311
440	558	219	306	63	311
440	558	219	316	171	221
444	445	219	229	63	311
444	445	219	306	63	311
444	432	219	24	156	23
444	445	219	24	156	23
444	432	219	112	156	23
444	445	219	112	156	23
444	432	219	177	156	23
444	445	219	177	156	23
444	432	219	215	156	23
444	445	219	215	156	23
444	432	219	229	156	23
444	445	219	229	156	23
444	432	219	262	156	23
444	445	219	262	156	23
444	432	219	274	156	23
444	445	219	274	156	23
444	432	219	316	156	23
444	445	219	316	156	23
444	432	219	340	156	23
444	445	219	340	156	23
444	445	219	9	167	168
444	445	219	42	167	168
444	445	219	84	167	168
444	445	219	177	167	168
444	445	219	229	167	168
444	445	219	274	167	168
444	445	219	306	167	168
444	445	219	316	167	168
444	445	219	316	167	221
444	445	219	12	257	111
444	445	219	42	257	111
444	445	219	229	257	111
444	445	219	274	257	111
444	445	219	290	257	235
444	432	219	12	334	111
444	445	219	12	334	111
444	432	219	42	334	111
444	445	219	42	334	111
444	432	219	229	334	111
444	445	219	229	334	111
444	432	219	274	334	111
444	445	219	274	334	111
445	444	219	229	63	311
445	444	219	306	63	311
445	432	219	24	156	23
445	433	219	24	156	23
445	444	219	24	156	23
445	432	219	112	156	23
445	433	219	112	156	23
445	444	219	112	156	23
445	432	219	177	156	23
445	433	219	177	156	23
445	444	219	177	156	23
445	432	219	215	156	23
445	433	219	215	156	23
445	444	219	215	156	23
445	432	219	229	156	23
445	433	219	229	156	23
445	444	219	229	156	23
445	432	219	262	156	23
445	433	219	262	156	23
445	444	219	262	156	23
445	432	219	274	156	23
445	433	219	274	156	23
445	444	219	274	156	23
445	432	219	316	156	23
445	433	219	316	156	23
445	444	219	316	156	23
445	432	219	340	156	23
445	433	219	340	156	23
445	444	219	340	156	23
445	444	219	9	167	168
445	444	219	42	167	168
445	444	219	84	167	168
445	444	219	177	167	168
445	444	219	229	167	168
445	444	219	274	167	168
445	444	219	306	167	168
445	444	219	316	167	168
445	444	219	316	167	221
445	444	219	12	257	111
445	444	219	42	257	111
445	444	219	229	257	111
445	444	219	274	257	111
445	444	219	290	257	235
445	432	219	12	334	111
445	433	219	12	334	111
445	444	219	12	334	111
445	432	219	42	334	111
445	433	219	42	334	111
445	444	219	42	334	111
445	432	219	229	334	111
445	433	219	229	334	111
445	444	219	229	334	111
445	432	219	274	334	111
445	433	219	274	334	111
445	444	219	274	334	111
454	423	219	56	212	36
454	423	219	56	212	211
454	423	219	229	212	211
454	423	219	274	212	211
454	423	219	306	212	36
454	423	219	306	212	211
454	423	219	316	212	211
454	423	219	326	212	36
454	423	219	112	296	297
454	581	219	112	296	297
454	423	219	177	296	297
454	581	219	177	296	297
454	423	219	215	296	297
454	581	219	215	296	297
454	423	219	294	296	297
454	581	219	294	296	297
454	423	219	295	296	297
454	581	219	295	296	297
454	423	219	360	296	297
454	581	219	360	296	297
454	423	219	76	311	195
454	423	219	188	311	63
454	423	219	229	311	243
454	423	219	274	311	243
454	423	219	12	337	111
454	423	219	42	337	111
454	423	219	56	337	36
454	423	219	229	337	111
454	423	219	262	337	31
454	423	219	274	337	111
454	423	219	306	337	31
454	423	219	306	337	36
454	423	219	316	337	221
454	423	219	326	337	36
454	423	219	340	337	31
455	376	219	56	212	36
455	376	219	56	212	211
455	376	219	229	212	211
455	376	219	274	212	211
455	376	219	306	212	36
455	376	219	306	212	211
455	376	219	316	212	211
455	376	219	326	212	36
455	376	219	112	296	297
455	514	219	112	296	297
455	581	219	112	296	297
455	376	219	177	296	297
455	514	219	177	296	297
455	581	219	177	296	297
455	376	219	215	296	297
455	514	219	215	296	297
455	581	219	215	296	297
455	376	219	294	296	297
455	514	219	294	296	297
455	581	219	294	296	297
455	376	219	295	296	297
455	514	219	295	296	297
455	581	219	295	296	297
455	376	219	360	296	297
455	514	219	360	296	297
455	581	219	360	296	297
455	376	219	76	311	195
455	376	219	188	311	63
455	376	219	229	311	243
455	376	219	274	311	243
455	376	219	12	337	111
455	376	219	42	337	111
455	376	219	56	337	36
455	376	219	229	337	111
455	376	219	262	337	31
455	376	219	274	337	111
455	376	219	306	337	31
455	376	219	306	337	36
455	376	219	316	337	221
455	376	219	326	337	36
455	376	219	340	337	31
466	467	219	89	61	60
466	467	219	229	61	60
466	467	219	274	61	60
466	467	219	12	334	111
466	467	219	42	334	111
466	467	219	229	334	111
466	467	219	274	334	111
467	466	219	89	61	60
467	466	219	229	61	60
467	466	219	274	61	60
467	466	219	12	334	111
467	466	219	42	334	111
467	466	219	229	334	111
467	466	219	274	334	111
470	476	219	177	113	114
470	476	219	56	207	36
470	476	219	290	207	289
470	476	219	306	207	36
470	476	219	326	207	36
471	477	219	177	113	114
471	477	219	56	207	36
471	477	219	290	207	289
471	477	219	306	207	36
471	477	219	326	207	36
473	377	219	112	296	297
473	583	219	112	296	297
473	377	219	177	296	297
473	583	219	177	296	297
473	377	219	215	296	297
473	583	219	215	296	297
473	377	219	294	296	297
473	583	219	294	296	297
473	377	219	295	296	297
473	583	219	295	296	297
473	377	219	360	296	297
473	583	219	360	296	297
476	470	219	177	113	114
476	472	219	24	156	23
476	472	219	112	156	23
476	472	219	177	156	23
476	472	219	215	156	23
476	472	219	229	156	23
476	472	219	262	156	23
476	472	219	274	156	23
476	472	219	316	156	23
476	472	219	340	156	23
476	470	219	56	207	36
476	470	219	290	207	289
476	470	219	306	207	36
476	470	219	326	207	36
481	482	219	216	50	49
481	482	219	229	50	49
481	482	219	274	50	49
481	482	219	306	50	49
481	482	219	12	102	111
481	482	219	42	102	111
481	482	219	229	102	111
481	482	219	274	102	111
481	482	219	316	102	193
481	482	219	56	137	36
481	482	219	306	137	36
481	482	219	326	137	36
481	482	219	24	156	23
481	482	219	112	156	23
481	482	219	177	156	23
481	482	219	215	156	23
481	482	219	229	156	23
481	482	219	262	156	23
481	482	219	274	156	23
481	482	219	316	156	23
481	482	219	340	156	23
481	482	219	12	176	111
481	482	219	42	176	111
481	482	219	42	176	309
481	482	219	84	176	349
481	482	219	177	176	349
481	482	219	229	176	111
481	482	219	229	176	349
481	482	219	262	176	31
481	482	219	274	176	111
481	482	219	274	176	349
481	482	219	306	176	31
481	482	219	306	176	175
481	482	219	306	176	309
481	482	219	340	176	31
481	482	219	56	212	36
481	482	219	56	212	211
481	482	219	229	212	211
481	482	219	274	212	211
481	482	219	306	212	36
481	482	219	306	212	211
481	482	219	316	212	211
481	482	219	326	212	36
481	482	219	84	307	349
481	482	219	177	307	349
481	482	219	229	307	349
481	482	219	274	307	349
481	482	219	139	330	332
481	482	219	306	330	332
481	482	219	316	330	193
482	481	219	216	50	49
482	483	219	216	50	49
482	481	219	229	50	49
482	483	219	229	50	49
482	481	219	274	50	49
482	483	219	274	50	49
482	481	219	306	50	49
482	483	219	306	50	49
482	481	219	12	102	111
482	483	219	12	102	111
482	481	219	42	102	111
482	483	219	42	102	111
482	481	219	229	102	111
482	483	219	229	102	111
482	481	219	274	102	111
482	483	219	274	102	111
482	481	219	316	102	193
482	483	219	316	102	193
482	481	219	56	137	36
482	483	219	56	137	36
482	481	219	306	137	36
482	483	219	306	137	36
482	481	219	326	137	36
482	483	219	326	137	36
482	481	219	24	156	23
482	483	219	24	156	23
482	481	219	112	156	23
482	483	219	112	156	23
482	481	219	177	156	23
482	483	219	177	156	23
482	481	219	215	156	23
482	483	219	215	156	23
482	481	219	229	156	23
482	483	219	229	156	23
482	481	219	262	156	23
482	483	219	262	156	23
482	481	219	274	156	23
482	483	219	274	156	23
482	481	219	316	156	23
482	483	219	316	156	23
482	481	219	340	156	23
482	483	219	340	156	23
482	481	219	12	176	111
482	483	219	12	176	111
482	481	219	42	176	111
482	481	219	42	176	309
482	483	219	42	176	111
482	483	219	42	176	309
482	481	219	84	176	349
482	483	219	84	176	349
482	481	219	177	176	349
482	483	219	177	176	349
482	481	219	229	176	111
482	481	219	229	176	349
482	483	219	229	176	111
482	483	219	229	176	349
482	481	219	262	176	31
482	483	219	262	176	31
482	481	219	274	176	111
482	481	219	274	176	349
482	483	219	274	176	111
482	483	219	274	176	349
482	481	219	306	176	31
482	481	219	306	176	175
482	481	219	306	176	309
482	483	219	306	176	31
482	483	219	306	176	175
482	483	219	306	176	309
482	481	219	340	176	31
482	483	219	340	176	31
482	481	219	56	212	36
482	481	219	56	212	211
482	483	219	56	212	36
482	483	219	56	212	211
482	481	219	229	212	211
482	483	219	229	212	211
482	481	219	274	212	211
482	483	219	274	212	211
482	481	219	306	212	36
482	481	219	306	212	211
482	483	219	306	212	36
482	483	219	306	212	211
482	481	219	316	212	211
482	483	219	316	212	211
482	481	219	326	212	36
482	483	219	326	212	36
482	481	219	84	307	349
482	483	219	84	307	349
482	481	219	177	307	349
482	483	219	177	307	349
482	481	219	229	307	349
482	483	219	229	307	349
482	481	219	274	307	349
482	483	219	274	307	349
482	481	219	139	330	332
482	483	219	139	330	332
482	481	219	306	330	332
482	483	219	306	330	332
482	481	219	316	330	193
482	483	219	316	330	193
483	482	219	216	50	49
483	482	219	229	50	49
483	482	219	274	50	49
483	482	219	306	50	49
483	482	219	12	102	111
483	482	219	42	102	111
483	482	219	229	102	111
483	482	219	274	102	111
483	482	219	316	102	193
483	482	219	56	137	36
483	482	219	306	137	36
483	482	219	326	137	36
483	482	219	24	156	23
483	482	219	112	156	23
483	482	219	177	156	23
483	482	219	215	156	23
483	482	219	229	156	23
483	482	219	262	156	23
483	482	219	274	156	23
483	482	219	316	156	23
483	482	219	340	156	23
483	482	219	12	176	111
483	482	219	42	176	111
483	482	219	42	176	309
483	482	219	84	176	349
483	482	219	177	176	349
483	482	219	229	176	111
483	482	219	229	176	349
483	482	219	262	176	31
483	482	219	274	176	111
483	482	219	274	176	349
483	482	219	306	176	31
483	482	219	306	176	175
483	482	219	306	176	309
483	482	219	340	176	31
483	482	219	56	212	36
483	482	219	56	212	211
483	482	219	229	212	211
483	482	219	274	212	211
483	482	219	306	212	36
483	482	219	306	212	211
483	482	219	316	212	211
483	482	219	326	212	36
483	482	219	84	307	349
483	482	219	177	307	349
483	482	219	229	307	349
483	482	219	274	307	349
483	482	219	139	330	332
483	482	219	306	330	332
483	482	219	316	330	193
492	494	219	112	25	242
492	494	219	29	28	123
492	494	219	56	28	123
492	494	219	294	28	123
492	494	219	326	28	123
492	494	219	229	63	311
492	494	219	306	63	311
492	494	219	139	123	28
492	494	219	360	235	257
492	494	219	112	288	255
492	494	219	177	288	255
492	494	219	229	288	255
492	494	219	274	288	255
492	494	219	306	288	255
494	492	219	112	25	242
494	492	219	29	28	123
494	492	219	56	28	123
494	492	219	294	28	123
494	492	219	326	28	123
494	492	219	229	63	311
494	492	219	306	63	311
494	492	219	139	123	28
494	492	219	360	235	257
494	492	219	112	288	255
494	492	219	177	288	255
494	492	219	229	288	255
494	492	219	274	288	255
494	492	219	306	288	255
519	520	219	316	171	221
519	520	219	76	311	195
519	520	219	188	311	63
519	520	219	229	311	243
519	520	219	274	311	243
519	520	219	12	337	111
519	520	219	42	337	111
519	520	219	56	337	36
519	520	219	229	337	111
519	520	219	262	337	31
519	520	219	274	337	111
519	520	219	306	337	31
519	520	219	306	337	36
519	520	219	316	337	221
519	520	219	326	337	36
519	520	219	340	337	31
520	519	219	316	171	221
520	519	219	76	311	195
520	519	219	188	311	63
520	519	219	229	311	243
520	519	219	274	311	243
520	519	219	12	337	111
520	519	219	42	337	111
520	519	219	56	337	36
520	519	219	229	337	111
520	519	219	262	337	31
520	519	219	274	337	111
520	519	219	306	337	31
520	519	219	306	337	36
520	519	219	316	337	221
520	519	219	326	337	36
520	519	219	340	337	31
558	440	219	112	25	242
558	440	219	229	63	311
558	440	219	306	63	311
558	440	219	316	171	221
581	514	219	29	28	123
581	514	219	56	28	123
581	514	219	294	28	123
581	514	219	326	28	123
581	514	219	12	102	111
581	514	219	42	102	111
581	514	219	229	102	111
581	514	219	274	102	111
581	514	219	316	102	193
581	514	219	139	123	28
581	514	219	12	175	111
581	514	219	42	175	111
581	514	219	229	175	111
581	514	219	274	175	111
581	514	219	360	235	257
581	376	219	112	296	297
581	423	219	112	296	297
581	454	219	112	296	297
581	455	219	112	296	297
581	514	219	112	296	297
581	376	219	177	296	297
581	423	219	177	296	297
581	454	219	177	296	297
581	455	219	177	296	297
581	514	219	177	296	297
581	376	219	215	296	297
581	423	219	215	296	297
581	454	219	215	296	297
581	455	219	215	296	297
581	514	219	215	296	297
581	376	219	294	296	297
581	423	219	294	296	297
581	454	219	294	296	297
581	455	219	294	296	297
581	514	219	294	296	297
581	376	219	295	296	297
581	423	219	295	296	297
581	454	219	295	296	297
581	455	219	295	296	297
581	514	219	295	296	297
581	376	219	360	296	297
581	423	219	360	296	297
581	454	219	360	296	297
581	455	219	360	296	297
581	514	219	360	296	297
581	514	219	139	330	332
581	514	219	306	330	332
581	514	219	316	330	193
583	377	219	56	212	36
583	377	219	56	212	211
583	377	219	229	212	211
583	377	219	274	212	211
583	377	219	306	212	36
583	377	219	306	212	211
583	377	219	316	212	211
583	377	219	326	212	36
583	377	219	112	296	297
583	473	219	112	296	297
583	377	219	177	296	297
583	473	219	177	296	297
583	377	219	215	296	297
583	473	219	215	296	297
583	377	219	294	296	297
583	473	219	294	296	297
583	377	219	295	296	297
583	473	219	295	296	297
583	377	219	360	296	297
583	473	219	360	296	297
583	377	219	76	311	195
583	377	219	188	311	63
583	377	219	229	311	243
583	377	219	274	311	243
583	377	219	12	337	111
583	377	219	42	337	111
583	377	219	56	337	36
583	377	219	229	337	111
583	377	219	262	337	31
583	377	219	274	337	111
583	377	219	306	337	31
583	377	219	306	337	36
583	377	219	316	337	221
583	377	219	326	337	36
583	377	219	340	337	31
376	455	220	306	212	36
376	455	220	306	212	211
376	455	220	76	311	195
376	455	220	306	337	31
376	455	220	306	337	36
377	583	220	306	212	36
377	583	220	306	212	211
377	583	220	76	311	195
377	583	220	306	337	31
377	583	220	306	337	36
423	454	220	306	212	36
423	454	220	306	212	211
423	454	220	76	311	195
423	454	220	306	337	31
423	454	220	306	337	36
424	425	220	306	63	311
424	425	220	306	211	212
424	425	220	359	211	212
424	425	220	76	255	288
424	425	220	306	255	288
424	425	220	306	288	255
424	425	220	306	309	36
424	425	220	306	349	36
425	424	220	306	63	311
425	424	220	306	211	212
425	424	220	359	211	212
425	424	220	76	255	288
425	424	220	306	255	288
425	424	220	306	288	255
425	424	220	306	309	36
425	424	220	306	349	36
427	426	220	306	63	311
427	426	220	306	211	212
427	426	220	359	211	212
427	426	220	76	255	288
427	426	220	306	255	288
427	426	220	306	288	255
427	426	220	306	309	36
427	426	220	306	349	36
428	584	220	306	63	311
428	429	220	76	111	334
428	584	220	76	111	334
428	429	220	152	111	349
428	584	220	152	111	349
428	429	220	306	111	36
428	429	220	306	111	102
428	429	220	306	111	175
428	429	220	306	111	309
428	584	220	306	111	36
428	584	220	306	111	102
428	584	220	306	111	175
428	584	220	306	111	309
428	584	220	139	123	28
428	429	220	306	137	36
428	584	220	306	137	36
429	428	220	76	111	334
429	584	220	76	111	334
429	428	220	152	111	349
429	584	220	152	111	349
429	428	220	306	111	36
429	428	220	306	111	102
429	428	220	306	111	175
429	428	220	306	111	309
429	584	220	306	111	36
429	584	220	306	111	102
429	584	220	306	111	175
429	584	220	306	111	309
429	428	220	306	137	36
429	584	220	306	137	36
429	584	220	245	289	207
429	584	220	306	289	207
429	584	220	359	289	207
444	445	220	306	63	311
444	445	220	306	167	168
445	444	220	306	63	311
445	444	220	306	167	168
454	423	220	306	212	36
454	423	220	306	212	211
454	423	220	76	311	195
454	423	220	306	337	31
454	423	220	306	337	36
455	376	220	306	212	36
455	376	220	306	212	211
455	376	220	76	311	195
455	376	220	306	337	31
455	376	220	306	337	36
476	470	220	306	207	36
477	471	220	306	207	36
514	581	220	139	123	28
514	581	220	139	330	332
514	581	220	306	330	332
581	514	220	139	123	28
581	514	220	139	330	332
581	514	220	306	330	332
583	377	220	306	212	36
583	377	220	306	212	211
583	377	220	76	311	195
583	377	220	306	337	31
583	377	220	306	337	36
584	428	220	306	63	311
584	428	220	76	111	334
584	429	220	76	111	334
584	428	220	152	111	349
584	429	220	152	111	349
584	428	220	306	111	36
584	428	220	306	111	102
584	428	220	306	111	175
584	428	220	306	111	309
584	429	220	306	111	36
584	429	220	306	111	102
584	429	220	306	111	175
584	429	220	306	111	309
584	428	220	139	123	28
584	428	220	306	137	36
584	429	220	306	137	36
584	429	220	245	289	207
584	429	220	306	289	207
584	429	220	359	289	207
423	454	226	316	212	211
423	454	226	316	337	221
432	444	226	316	156	23
432	445	226	316	156	23
444	432	226	316	156	23
444	445	226	316	156	23
444	445	226	183	167	168
444	445	226	316	167	168
444	445	226	316	167	221
454	423	226	316	212	211
454	423	226	316	337	221
487	488	226	316	171	221
487	489	226	316	171	221
487	490	226	316	171	221
487	488	226	316	337	221
487	489	226	316	337	221
487	490	226	316	337	221
488	487	226	316	171	221
488	489	226	316	171	221
488	490	226	316	171	221
488	487	226	316	337	221
488	489	226	316	337	221
488	490	226	316	337	221
489	515	226	316	102	193
489	487	226	316	171	221
489	488	226	316	171	221
489	490	226	316	171	221
489	487	226	316	337	221
489	488	226	316	337	221
489	490	226	316	337	221
490	487	226	316	171	221
490	488	226	316	171	221
490	489	226	316	171	221
490	487	226	316	337	221
490	488	226	316	337	221
490	489	226	316	337	221
515	489	226	316	102	193
581	514	226	316	102	193
581	514	226	316	330	193
494	492	227	229	63	311
494	492	227	229	288	255
494	492	227	274	288	255
365	364	229	138	137	36
365	364	229	306	137	36
365	364	229	12	334	111
365	364	229	79	334	111
365	364	229	238	334	284
365	364	229	274	334	111
422	420	229	112	25	242
422	421	229	112	25	242
422	420	229	158	35	345
422	421	229	158	35	345
422	420	229	158	63	345
422	421	229	158	63	345
422	420	229	306	63	311
422	421	229	306	63	311
423	454	229	79	212	211
423	454	229	138	212	36
423	454	229	274	212	211
423	454	229	306	212	36
423	454	229	306	212	211
423	454	229	112	296	297
423	581	229	112	296	297
423	454	229	138	296	297
423	581	229	138	296	297
423	454	229	158	311	345
423	454	229	274	311	243
423	444	229	348	332	330
423	445	229	348	332	330
423	454	229	348	332	330
423	454	229	238	335	284
423	454	229	12	337	111
423	454	229	79	337	111
423	454	229	138	337	36
423	454	229	238	337	284
423	454	229	274	337	111
423	454	229	306	337	31
423	454	229	306	337	36
423	454	229	340	337	31
447	538	229	84	111	349
447	538	229	138	111	36
447	538	229	138	111	309
447	538	229	152	111	349
447	538	229	274	111	100
447	538	229	274	111	349
447	538	229	306	111	36
447	538	229	306	111	102
447	538	229	306	111	175
447	538	229	306	111	309
447	538	229	340	111	334
447	538	229	306	289	207
447	538	229	340	289	207
471	477	229	138	207	36
471	477	229	306	207	36
471	477	229	348	332	330
477	472	229	24	156	23
477	472	229	112	156	23
477	472	229	274	156	23
477	472	229	340	156	23
477	471	229	138	207	36
477	471	229	306	207	36
477	471	229	348	332	330
481	482	229	274	50	49
481	482	229	306	50	49
481	482	229	12	102	111
481	482	229	79	102	111
481	482	229	274	102	111
481	482	229	138	137	36
481	482	229	306	137	36
481	482	229	24	156	23
481	482	229	112	156	23
481	482	229	274	156	23
481	482	229	340	156	23
481	482	229	12	176	111
481	482	229	79	176	111
481	482	229	84	176	349
481	482	229	138	176	309
481	482	229	152	176	349
481	482	229	274	176	111
481	482	229	274	176	349
481	482	229	306	176	31
481	482	229	306	176	175
481	482	229	306	176	309
481	482	229	340	176	31
481	482	229	79	212	211
481	482	229	138	212	36
481	482	229	274	212	211
481	482	229	306	212	36
481	482	229	306	212	211
481	482	229	84	307	349
481	482	229	152	307	349
481	482	229	274	307	349
481	482	229	79	330	332
481	482	229	306	330	332
482	481	229	274	50	49
482	483	229	274	50	49
482	481	229	306	50	49
482	483	229	306	50	49
482	481	229	12	102	111
482	483	229	12	102	111
482	481	229	79	102	111
482	483	229	79	102	111
482	481	229	274	102	111
482	483	229	274	102	111
482	481	229	138	137	36
482	483	229	138	137	36
482	481	229	306	137	36
482	483	229	306	137	36
482	481	229	24	156	23
482	483	229	24	156	23
482	481	229	112	156	23
482	483	229	112	156	23
482	481	229	274	156	23
482	483	229	274	156	23
482	481	229	340	156	23
482	483	229	340	156	23
482	481	229	12	176	111
482	483	229	12	176	111
482	481	229	79	176	111
482	483	229	79	176	111
482	481	229	84	176	349
482	483	229	84	176	349
482	481	229	138	176	309
482	483	229	138	176	309
482	481	229	152	176	349
482	483	229	152	176	349
482	481	229	274	176	111
482	481	229	274	176	349
482	483	229	274	176	111
482	483	229	274	176	349
482	481	229	306	176	31
482	481	229	306	176	175
482	481	229	306	176	309
482	483	229	306	176	31
482	483	229	306	176	175
482	483	229	306	176	309
482	481	229	340	176	31
482	483	229	340	176	31
482	481	229	79	212	211
482	483	229	79	212	211
482	481	229	138	212	36
482	483	229	138	212	36
482	481	229	274	212	211
482	483	229	274	212	211
482	481	229	306	212	36
482	481	229	306	212	211
482	483	229	306	212	36
482	483	229	306	212	211
482	481	229	84	307	349
482	483	229	84	307	349
482	481	229	152	307	349
482	483	229	152	307	349
482	481	229	274	307	349
482	483	229	274	307	349
482	481	229	79	330	332
482	483	229	79	330	332
482	481	229	306	330	332
482	483	229	306	330	332
483	482	229	274	50	49
483	482	229	306	50	49
483	482	229	12	102	111
483	482	229	79	102	111
483	482	229	274	102	111
483	482	229	138	137	36
483	482	229	306	137	36
483	482	229	24	156	23
483	482	229	112	156	23
483	482	229	274	156	23
483	482	229	340	156	23
483	482	229	12	176	111
483	482	229	79	176	111
483	482	229	84	176	349
483	482	229	138	176	309
483	482	229	152	176	349
483	482	229	274	176	111
483	482	229	274	176	349
483	482	229	306	176	31
483	482	229	306	176	175
483	482	229	306	176	309
483	482	229	340	176	31
483	482	229	79	212	211
483	482	229	138	212	36
483	482	229	274	212	211
483	482	229	306	212	36
483	482	229	306	212	211
483	482	229	84	307	349
483	482	229	152	307	349
483	482	229	274	307	349
483	482	229	79	330	332
483	482	229	306	330	332
492	494	229	112	25	242
492	494	229	158	35	345
492	494	229	158	63	345
492	494	229	306	63	311
492	494	229	79	288	255
492	494	229	112	288	255
492	494	229	274	288	255
492	494	229	306	288	255
492	494	229	238	335	284
493	495	229	112	25	242
493	495	229	158	35	345
493	495	229	158	63	345
493	495	229	306	63	311
493	495	229	79	288	255
493	495	229	112	288	255
493	495	229	274	288	255
493	495	229	306	288	255
493	495	229	238	335	284
536	561	229	158	35	345
538	447	229	84	111	349
538	447	229	138	111	36
538	447	229	138	111	309
538	447	229	152	111	349
538	447	229	274	111	100
538	447	229	274	111	349
538	447	229	306	111	36
538	447	229	306	111	102
538	447	229	306	111	175
538	447	229	306	111	309
538	447	229	340	111	334
538	447	229	306	289	207
538	447	229	340	289	207
555	397	229	112	25	242
555	484	229	112	25	242
555	529	229	112	25	242
555	533	229	112	25	242
555	556	229	112	25	242
555	526	229	274	61	60
555	533	229	274	61	60
555	501	229	12	102	111
555	530	229	12	102	111
555	576	229	12	102	111
555	501	229	79	102	111
555	530	229	79	102	111
555	576	229	79	102	111
555	501	229	274	102	111
555	530	229	274	102	111
555	576	229	274	102	111
561	536	229	158	35	345
482	481	237	262	156	23
482	483	237	262	156	23
482	481	237	262	176	31
482	483	237	262	176	31
481	482	238	84	176	349
481	482	238	84	307	349
393	486	260	138	207	36
393	486	260	299	207	36
486	393	260	138	207	36
486	393	260	299	207	36
487	488	260	138	337	36
487	489	260	138	337	36
487	490	260	138	337	36
487	488	260	299	337	36
487	489	260	299	337	36
487	490	260	299	337	36
488	487	260	138	337	36
488	489	260	138	337	36
488	490	260	138	337	36
488	487	260	299	337	36
488	489	260	299	337	36
488	490	260	299	337	36
489	487	260	138	337	36
489	488	260	138	337	36
489	490	260	138	337	36
489	487	260	299	337	36
489	488	260	299	337	36
489	490	260	299	337	36
490	487	260	138	337	36
490	488	260	138	337	36
490	489	260	138	337	36
490	487	260	299	337	36
490	488	260	299	337	36
490	489	260	299	337	36
409	407	262	79	288	255
482	481	262	79	102	111
482	483	262	79	102	111
482	481	262	312	156	23
482	483	262	312	156	23
482	481	262	79	176	111
482	483	262	79	176	111
482	481	262	312	176	31
482	483	262	312	176	31
482	481	262	79	212	211
482	483	262	79	212	211
482	481	262	79	330	332
482	483	262	79	330	332
407	409	269	177	288	255
407	409	269	306	288	255
409	407	269	177	288	255
409	407	269	306	288	255
488	487	269	306	337	31
488	487	269	306	337	36
488	489	269	306	337	31
488	489	269	306	337	36
488	490	269	306	337	31
488	490	269	306	337	36
543	544	270	56	207	36
544	543	270	56	207	36
394	458	274	306	137	36
394	458	274	12	334	111
394	458	274	238	334	284
409	407	274	306	288	255
423	454	274	306	212	36
423	454	274	306	212	211
423	454	274	158	311	345
423	444	274	348	332	330
423	445	274	348	332	330
423	454	274	348	332	330
423	454	274	238	335	284
423	454	274	12	337	111
423	454	274	238	337	284
423	454	274	306	337	31
423	454	274	306	337	36
423	454	274	340	337	31
428	584	274	158	63	345
428	584	274	306	63	311
428	429	274	84	111	349
428	584	274	84	111	349
428	429	274	152	111	349
428	584	274	152	111	349
428	429	274	306	111	36
428	429	274	306	111	102
428	429	274	306	111	175
428	429	274	306	111	309
428	584	274	306	111	36
428	584	274	306	111	102
428	584	274	306	111	175
428	584	274	306	111	309
428	429	274	340	111	334
428	584	274	340	111	334
428	429	274	306	137	36
428	584	274	306	137	36
428	584	274	238	335	284
429	428	274	84	111	349
429	584	274	84	111	349
429	428	274	152	111	349
429	584	274	152	111	349
429	428	274	306	111	36
429	428	274	306	111	102
429	428	274	306	111	175
429	428	274	306	111	309
429	584	274	306	111	36
429	584	274	306	111	102
429	584	274	306	111	175
429	584	274	306	111	309
429	428	274	340	111	334
429	584	274	340	111	334
429	428	274	306	137	36
429	584	274	306	137	36
429	584	274	306	289	207
429	584	274	340	289	207
432	444	274	340	156	23
432	445	274	340	156	23
432	444	274	12	334	111
432	445	274	12	334	111
432	444	274	238	334	284
432	445	274	238	334	284
444	445	274	158	63	345
444	445	274	306	63	311
444	432	274	340	156	23
444	445	274	340	156	23
444	445	274	84	167	168
444	445	274	306	167	168
444	445	274	12	257	111
444	423	274	348	332	330
444	445	274	348	332	330
444	454	274	348	332	330
444	432	274	12	334	111
444	445	274	12	334	111
444	432	274	238	334	284
444	445	274	238	334	284
447	538	274	84	111	349
447	538	274	152	111	349
447	538	274	306	111	36
447	538	274	306	111	102
447	538	274	306	111	175
447	538	274	306	111	309
447	538	274	340	111	334
447	538	274	306	289	207
447	538	274	340	289	207
454	423	274	306	212	36
454	423	274	306	212	211
454	423	274	158	311	345
454	423	274	348	332	330
454	444	274	348	332	330
454	445	274	348	332	330
454	423	274	238	335	284
454	423	274	12	337	111
454	423	274	238	337	284
454	423	274	306	337	31
454	423	274	306	337	36
454	423	274	340	337	31
458	394	274	306	137	36
458	394	274	12	334	111
458	394	274	238	334	284
466	467	274	158	35	345
466	467	274	12	334	111
466	467	274	238	334	284
467	466	274	158	35	345
467	466	274	12	334	111
467	466	274	238	334	284
470	476	274	306	207	36
470	476	274	348	332	330
471	477	274	306	207	36
471	477	274	348	332	330
476	472	274	340	156	23
476	470	274	306	207	36
476	470	274	348	332	330
477	472	274	340	156	23
477	471	274	306	207	36
477	471	274	348	332	330
483	482	274	306	50	49
483	482	274	12	102	111
483	482	274	306	137	36
483	482	274	340	156	23
483	482	274	12	176	111
483	482	274	84	176	349
483	482	274	152	176	349
483	482	274	306	176	31
483	482	274	306	176	175
483	482	274	306	176	309
483	482	274	340	176	31
483	482	274	306	212	36
483	482	274	306	212	211
483	482	274	84	307	349
483	482	274	152	307	349
483	482	274	306	330	332
492	494	274	158	35	345
492	494	274	158	63	345
492	494	274	306	63	311
492	494	274	306	288	255
492	494	274	238	335	284
561	536	274	158	35	345
581	514	274	158	35	345
581	514	274	12	102	111
581	514	274	12	175	111
581	514	274	278	223	224
581	514	274	306	330	332
584	428	274	158	63	345
584	428	274	306	63	311
584	428	274	84	111	349
584	429	274	84	111	349
584	428	274	152	111	349
584	429	274	152	111	349
584	428	274	306	111	36
584	428	274	306	111	102
584	428	274	306	111	175
584	428	274	306	111	309
584	429	274	306	111	36
584	429	274	306	111	102
584	429	274	306	111	175
584	429	274	306	111	309
584	428	274	340	111	334
584	429	274	340	111	334
584	428	274	306	137	36
584	429	274	306	137	36
584	429	274	306	289	207
584	429	274	340	289	207
584	428	274	238	335	284
394	458	275	12	334	111
458	394	275	12	334	111
470	476	279	177	113	114
470	476	279	343	207	36
476	470	279	177	113	114
476	472	279	177	156	23
476	470	279	343	207	36
423	454	294	340	337	31
432	444	294	340	156	23
432	445	294	340	156	23
444	432	294	340	156	23
444	445	294	340	156	23
447	538	294	340	111	334
447	538	294	340	289	207
454	423	294	340	337	31
476	472	294	340	156	23
482	481	294	340	156	23
482	483	294	340	156	23
482	481	294	340	176	31
482	483	294	340	176	31
407	409	295	112	288	255
409	407	295	112	288	255
555	397	295	112	25	242
555	484	295	112	25	242
555	529	295	112	25	242
555	533	295	112	25	242
555	556	295	112	25	242
584	428	295	141	111	349
584	429	295	141	111	349
447	538	298	229	111	100
447	538	298	229	111	349
447	538	298	274	111	100
447	538	298	274	111	349
447	538	298	52	242	25
447	538	298	52	297	296
538	447	298	229	111	100
538	447	298	229	111	349
538	447	298	274	111	100
538	447	298	274	111	349
538	447	298	52	242	25
538	447	298	52	297	296
409	407	299	52	288	255
409	407	299	258	288	255
409	407	299	279	288	255
447	538	299	138	111	36
447	538	299	138	111	309
447	538	299	258	111	286
447	538	299	258	111	309
447	538	299	258	111	349
447	538	299	52	242	25
447	538	299	52	297	296
466	467	299	52	242	25
467	466	299	52	242	25
538	447	299	138	111	36
538	447	299	138	111	309
538	447	299	258	111	286
538	447	299	258	111	309
538	447	299	258	111	349
538	447	299	52	242	25
538	447	299	52	297	296
428	429	303	260	111	309
428	584	303	260	111	309
429	428	303	260	111	309
429	584	303	260	111	309
482	481	303	260	176	309
482	483	303	260	176	309
584	428	303	260	111	309
584	429	303	260	111	309
481	482	305	306	50	49
481	482	305	306	137	36
481	482	305	306	176	31
481	482	305	306	176	175
481	482	305	306	176	309
481	482	305	306	212	36
481	482	305	306	212	211
481	482	305	306	330	332
376	455	306	138	212	36
376	455	306	147	212	36
376	455	306	138	296	297
376	514	306	138	296	297
376	581	306	138	296	297
376	455	306	138	337	36
376	455	306	147	337	36
394	458	306	138	137	36
394	458	306	147	137	36
423	454	306	138	212	36
423	454	306	147	212	36
423	454	306	138	296	297
423	581	306	138	296	297
423	454	306	138	337	36
423	454	306	147	337	36
428	429	306	138	111	36
428	429	306	138	111	309
428	584	306	138	111	36
428	584	306	138	111	309
428	429	306	147	111	36
428	584	306	147	111	36
428	429	306	270	111	331
428	584	306	270	111	331
428	584	306	139	123	28
428	429	306	138	137	36
428	584	306	138	137	36
428	429	306	147	137	36
428	584	306	147	137	36
447	538	306	138	111	36
447	538	306	138	111	309
447	538	306	147	111	36
447	538	306	270	111	331
454	423	306	138	212	36
454	423	306	147	212	36
454	423	306	138	296	297
454	581	306	138	296	297
454	423	306	138	337	36
454	423	306	147	337	36
470	476	306	138	207	36
470	476	306	147	207	36
471	477	306	138	207	36
471	477	306	147	207	36
476	470	306	138	207	36
476	470	306	147	207	36
482	481	306	138	137	36
482	483	306	138	137	36
482	481	306	147	137	36
482	483	306	147	137	36
482	481	306	138	176	309
482	483	306	138	176	309
482	481	306	138	212	36
482	483	306	138	212	36
482	481	306	147	212	36
482	483	306	147	212	36
482	481	306	139	330	332
482	483	306	139	330	332
483	482	306	138	137	36
483	482	306	147	137	36
483	482	306	138	176	309
483	482	306	138	212	36
483	482	306	147	212	36
483	482	306	139	330	332
520	519	306	138	337	36
520	519	306	147	337	36
538	447	306	138	111	36
538	447	306	138	111	309
538	447	306	147	111	36
538	447	306	270	111	331
581	514	306	139	123	28
581	376	306	138	296	297
581	423	306	138	296	297
581	454	306	138	296	297
581	455	306	138	296	297
581	514	306	138	296	297
581	514	306	139	330	332
423	454	308	112	296	297
423	581	308	112	296	297
423	454	308	177	296	297
423	581	308	177	296	297
423	454	308	42	337	111
432	444	308	112	156	23
432	445	308	112	156	23
432	444	308	177	156	23
432	445	308	177	156	23
432	444	308	42	334	111
432	445	308	42	334	111
444	432	308	112	156	23
444	445	308	112	156	23
444	432	308	177	156	23
444	445	308	177	156	23
444	445	308	42	167	168
444	445	308	177	167	168
444	445	308	42	257	111
444	432	308	42	334	111
444	445	308	42	334	111
454	423	308	112	296	297
454	581	308	112	296	297
454	423	308	177	296	297
454	581	308	177	296	297
454	423	308	42	337	111
470	476	308	177	113	114
581	514	308	42	102	111
581	514	308	42	175	111
581	514	308	278	223	224
581	376	308	112	296	297
581	423	308	112	296	297
581	454	308	112	296	297
581	455	308	112	296	297
581	514	308	112	296	297
581	376	308	177	296	297
581	423	308	177	296	297
581	454	308	177	296	297
581	455	308	177	296	297
581	514	308	177	296	297
482	481	312	306	50	49
482	483	312	306	50	49
482	481	312	306	137	36
482	483	312	306	137	36
482	481	312	306	176	31
482	481	312	306	176	175
482	481	312	306	176	309
482	483	312	306	176	31
482	483	312	306	176	175
482	483	312	306	176	309
482	481	312	306	212	36
482	481	312	306	212	211
482	483	312	306	212	36
482	483	312	306	212	211
482	481	312	306	330	332
482	483	312	306	330	332
423	454	313	261	174	318
444	445	313	261	167	168
454	423	313	261	174	318
482	481	314	209	50	49
482	483	314	209	50	49
364	365	315	274	334	111
364	367	315	274	334	111
364	369	315	274	334	111
481	482	315	274	50	49
481	482	315	319	50	49
481	482	315	274	102	111
481	482	315	316	102	193
481	482	315	319	114	113
481	482	315	274	156	23
481	482	315	316	156	23
481	482	315	340	156	23
481	482	315	274	176	111
481	482	315	274	176	349
481	482	315	340	176	31
481	482	315	274	212	211
481	482	315	316	212	211
481	482	315	274	307	349
481	482	315	316	330	193
367	364	316	138	137	36
367	369	316	138	137	36
367	364	316	42	334	111
367	369	316	42	334	111
367	364	316	274	334	111
367	369	316	274	334	111
367	364	316	308	334	284
367	369	316	308	334	284
367	364	316	315	334	284
367	369	316	315	334	284
407	409	316	146	288	255
407	409	316	274	288	255
423	454	316	138	212	36
423	454	316	274	212	211
423	454	316	138	296	297
423	581	316	138	296	297
423	454	316	274	311	243
423	454	316	308	335	284
423	454	316	315	335	284
423	454	316	42	337	111
423	454	316	138	337	36
423	454	316	274	337	111
423	454	316	308	337	284
423	454	316	315	337	284
423	454	316	340	337	31
424	425	316	146	211	212
424	425	316	274	211	212
424	425	316	340	211	212
424	425	316	146	255	288
424	425	316	274	255	288
424	425	316	146	288	255
424	425	316	274	288	255
424	425	316	42	309	111
424	425	316	138	309	36
424	425	316	274	309	111
424	425	316	308	335	284
424	425	316	315	335	284
424	425	316	42	349	111
424	425	316	138	349	36
424	425	316	274	349	111
425	424	316	146	211	212
425	424	316	274	211	212
425	424	316	340	211	212
425	424	316	146	255	288
425	424	316	274	255	288
425	424	316	146	288	255
425	424	316	274	288	255
425	424	316	42	309	111
425	424	316	138	309	36
425	424	316	274	309	111
425	424	316	308	335	284
425	424	316	315	335	284
425	424	316	42	349	111
425	424	316	138	349	36
425	424	316	274	349	111
428	429	316	42	111	309
428	584	316	42	111	309
428	429	316	138	111	36
428	429	316	138	111	309
428	584	316	138	111	36
428	584	316	138	111	309
428	429	316	274	111	100
428	429	316	274	111	349
428	584	316	274	111	100
428	584	316	274	111	349
428	429	316	308	111	337
428	584	316	308	111	337
428	429	316	340	111	334
428	584	316	340	111	334
428	429	316	138	137	36
428	584	316	138	137	36
428	584	316	308	335	284
428	584	316	315	335	284
429	428	316	42	111	309
429	584	316	42	111	309
429	428	316	138	111	36
429	428	316	138	111	309
429	584	316	138	111	36
429	584	316	138	111	309
429	428	316	274	111	100
429	428	316	274	111	349
429	584	316	274	111	100
429	584	316	274	111	349
429	428	316	308	111	337
429	584	316	308	111	337
429	428	316	340	111	334
429	584	316	340	111	334
429	428	316	138	137	36
429	584	316	138	137	36
429	584	316	146	289	207
429	584	316	340	289	207
432	444	316	24	156	23
432	445	316	24	156	23
432	444	316	274	156	23
432	445	316	274	156	23
432	444	316	340	156	23
432	445	316	340	156	23
432	444	316	42	334	111
432	445	316	42	334	111
432	444	316	274	334	111
432	445	316	274	334	111
432	444	316	308	334	284
432	445	316	308	334	284
432	444	316	315	334	284
432	445	316	315	334	284
444	432	316	24	156	23
444	445	316	24	156	23
444	432	316	274	156	23
444	445	316	274	156	23
444	432	316	340	156	23
444	445	316	340	156	23
444	445	316	42	167	168
444	445	316	274	167	168
444	445	316	315	167	168
444	445	316	42	257	111
444	445	316	274	257	111
444	432	316	42	334	111
444	445	316	42	334	111
444	432	316	274	334	111
444	445	316	274	334	111
444	432	316	308	334	284
444	445	316	308	334	284
444	432	316	315	334	284
444	445	316	315	334	284
454	423	316	138	212	36
454	423	316	274	212	211
454	423	316	138	296	297
454	581	316	138	296	297
454	423	316	274	311	243
454	423	316	308	335	284
454	423	316	315	335	284
454	423	316	42	337	111
454	423	316	138	337	36
454	423	316	274	337	111
454	423	316	308	337	284
454	423	316	315	337	284
454	423	316	340	337	31
471	477	316	138	207	36
472	476	316	24	156	23
472	477	316	24	156	23
472	476	316	274	156	23
472	477	316	274	156	23
472	476	316	340	156	23
472	477	316	340	156	23
477	472	316	24	156	23
477	472	316	274	156	23
477	472	316	340	156	23
477	471	316	138	207	36
481	482	316	274	50	49
481	482	316	42	102	111
481	482	316	274	102	111
481	482	316	138	137	36
481	482	316	24	156	23
481	482	316	274	156	23
481	482	316	340	156	23
481	482	316	42	176	111
481	482	316	42	176	309
481	482	316	138	176	309
481	482	316	274	176	111
481	482	316	274	176	349
481	482	316	340	176	31
481	482	316	138	212	36
481	482	316	274	212	211
481	482	316	274	307	349
483	482	316	274	50	49
483	482	316	42	102	111
483	482	316	274	102	111
483	482	316	138	137	36
483	482	316	24	156	23
483	482	316	274	156	23
483	482	316	340	156	23
483	482	316	42	176	111
483	482	316	42	176	309
483	482	316	138	176	309
483	482	316	274	176	111
483	482	316	274	176	349
483	482	316	340	176	31
483	482	316	138	212	36
483	482	316	274	212	211
483	482	316	274	307	349
565	564	316	274	311	243
565	564	316	42	337	111
565	564	316	138	337	36
565	564	316	274	337	111
565	564	316	308	337	284
565	564	316	315	337	284
565	564	316	340	337	31
581	514	316	29	28	123
581	514	316	42	102	111
581	514	316	274	102	111
581	514	316	42	175	111
581	514	316	274	175	111
581	376	316	138	296	297
581	423	316	138	296	297
581	454	316	138	296	297
581	455	316	138	296	297
581	514	316	138	296	297
584	428	316	42	111	309
584	429	316	42	111	309
584	428	316	138	111	36
584	428	316	138	111	309
584	429	316	138	111	36
584	429	316	138	111	309
584	428	316	274	111	100
584	428	316	274	111	349
584	429	316	274	111	100
584	429	316	274	111	349
584	428	316	308	111	337
584	429	316	308	111	337
584	428	316	340	111	334
584	429	316	340	111	334
584	428	316	138	137	36
584	429	316	138	137	36
584	429	316	146	289	207
584	429	316	340	289	207
584	428	316	308	335	284
584	428	316	315	335	284
424	425	327	340	211	212
424	425	327	12	309	111
424	425	327	12	349	111
425	424	327	340	211	212
425	424	327	12	309	111
425	424	327	12	349	111
423	454	329	360	296	297
423	581	329	360	296	297
444	445	329	91	63	311
445	444	329	91	63	311
454	423	329	360	296	297
454	581	329	360	296	297
581	514	329	360	235	257
581	376	329	360	296	297
581	423	329	360	296	297
581	454	329	360	296	297
581	455	329	360	296	297
581	514	329	360	296	297
581	514	329	91	330	332
444	445	338	219	167	168
445	444	338	219	167	168
376	455	340	79	212	211
376	455	340	138	212	36
376	455	340	147	212	36
376	455	340	220	212	36
376	455	340	229	212	211
376	455	340	274	212	211
376	455	340	316	212	211
376	455	340	112	296	297
376	514	340	112	296	297
376	581	340	112	296	297
376	455	340	138	296	297
376	514	340	138	296	297
376	581	340	138	296	297
376	455	340	177	296	297
376	514	340	177	296	297
376	581	340	177	296	297
376	455	340	360	296	297
376	514	340	360	296	297
376	581	340	360	296	297
376	455	340	76	311	195
376	455	340	229	311	243
376	455	340	274	311	243
376	455	340	315	335	284
376	455	340	79	337	111
376	455	340	138	337	36
376	455	340	147	337	36
376	455	340	220	337	36
376	455	340	229	337	111
376	455	340	262	337	31
376	455	340	274	337	111
376	455	340	315	337	284
376	455	340	316	337	221
407	409	340	79	288	255
407	409	340	91	288	255
407	409	340	112	288	255
407	409	340	177	288	255
407	409	340	229	288	255
407	409	340	274	288	255
409	407	340	79	288	255
409	407	340	91	288	255
409	407	340	112	288	255
409	407	340	177	288	255
409	407	340	229	288	255
409	407	340	274	288	255
420	422	340	112	25	242
420	422	340	220	25	233
420	422	340	91	63	311
420	422	340	229	63	311
420	422	340	220	171	233
420	422	340	316	171	221
421	422	340	112	25	242
421	422	340	220	25	233
421	422	340	91	63	311
421	422	340	229	63	311
421	422	340	220	171	233
421	422	340	316	171	221
423	454	340	79	212	211
423	454	340	138	212	36
423	454	340	147	212	36
423	454	340	220	212	36
423	454	340	229	212	211
423	454	340	274	212	211
423	454	340	316	212	211
423	454	340	112	296	297
423	581	340	112	296	297
423	454	340	138	296	297
423	581	340	138	296	297
423	454	340	177	296	297
423	581	340	177	296	297
423	454	340	360	296	297
423	581	340	360	296	297
423	454	340	76	311	195
423	454	340	229	311	243
423	454	340	274	311	243
423	454	340	315	335	284
423	454	340	79	337	111
423	454	340	138	337	36
423	454	340	147	337	36
423	454	340	220	337	36
423	454	340	229	337	111
423	454	340	262	337	31
423	454	340	274	337	111
423	454	340	315	337	284
423	454	340	316	337	221
432	444	340	112	156	23
432	445	340	112	156	23
432	444	340	177	156	23
432	445	340	177	156	23
432	444	340	229	156	23
432	445	340	229	156	23
432	444	340	262	156	23
432	445	340	262	156	23
432	444	340	274	156	23
432	445	340	274	156	23
432	444	340	316	156	23
432	445	340	316	156	23
432	444	340	79	334	111
432	445	340	79	334	111
432	444	340	229	334	111
432	445	340	229	334	111
432	444	340	274	334	111
432	445	340	274	334	111
432	444	340	315	334	284
432	445	340	315	334	284
444	445	340	91	63	311
444	445	340	229	63	311
444	432	340	112	156	23
444	445	340	112	156	23
444	432	340	177	156	23
444	445	340	177	156	23
444	432	340	229	156	23
444	445	340	229	156	23
444	432	340	262	156	23
444	445	340	262	156	23
444	432	340	274	156	23
444	445	340	274	156	23
444	432	340	316	156	23
444	445	340	316	156	23
444	445	340	79	167	168
444	445	340	177	167	168
444	445	340	183	167	168
444	445	340	219	167	168
444	445	340	229	167	168
444	445	340	274	167	168
444	445	340	315	167	168
444	445	340	316	167	168
444	445	340	316	167	221
444	445	340	79	257	111
444	445	340	229	257	111
444	445	340	274	257	111
444	445	340	290	257	235
444	432	340	79	334	111
444	445	340	79	334	111
444	432	340	229	334	111
444	445	340	229	334	111
444	432	340	274	334	111
444	445	340	274	334	111
444	432	340	315	334	284
444	445	340	315	334	284
445	444	340	91	63	311
445	444	340	229	63	311
445	432	340	112	156	23
445	433	340	112	156	23
445	444	340	112	156	23
445	432	340	177	156	23
445	433	340	177	156	23
445	444	340	177	156	23
445	432	340	229	156	23
445	433	340	229	156	23
445	444	340	229	156	23
445	432	340	262	156	23
445	433	340	262	156	23
445	444	340	262	156	23
445	432	340	274	156	23
445	433	340	274	156	23
445	444	340	274	156	23
445	432	340	316	156	23
445	433	340	316	156	23
445	444	340	316	156	23
445	444	340	79	167	168
445	444	340	177	167	168
445	444	340	183	167	168
445	444	340	219	167	168
445	444	340	229	167	168
445	444	340	274	167	168
445	444	340	315	167	168
445	444	340	316	167	168
445	444	340	316	167	221
445	444	340	79	257	111
445	444	340	229	257	111
445	444	340	274	257	111
445	444	340	290	257	235
445	432	340	79	334	111
445	433	340	79	334	111
445	444	340	79	334	111
445	432	340	229	334	111
445	433	340	229	334	111
445	444	340	229	334	111
445	432	340	274	334	111
445	433	340	274	334	111
445	444	340	274	334	111
445	432	340	315	334	284
445	433	340	315	334	284
445	444	340	315	334	284
447	538	340	76	111	334
447	538	340	138	111	36
447	538	340	138	111	309
447	538	340	147	111	36
447	538	340	172	111	349
447	538	340	177	111	349
447	538	340	220	111	36
447	538	340	229	111	100
447	538	340	229	111	349
447	538	340	274	111	100
447	538	340	274	111	349
447	538	340	360	111	257
447	538	340	360	235	257
447	538	340	220	242	233
447	538	340	245	289	207
454	423	340	79	212	211
454	423	340	138	212	36
454	423	340	147	212	36
454	423	340	220	212	36
454	423	340	229	212	211
454	423	340	274	212	211
454	423	340	316	212	211
454	423	340	112	296	297
454	581	340	112	296	297
454	423	340	138	296	297
454	581	340	138	296	297
454	423	340	177	296	297
454	581	340	177	296	297
454	423	340	360	296	297
454	581	340	360	296	297
454	423	340	76	311	195
454	423	340	229	311	243
454	423	340	274	311	243
454	423	340	315	335	284
454	423	340	79	337	111
454	423	340	138	337	36
454	423	340	147	337	36
454	423	340	220	337	36
454	423	340	229	337	111
454	423	340	262	337	31
454	423	340	274	337	111
454	423	340	315	337	284
454	423	340	316	337	221
466	467	340	89	61	60
466	467	340	229	61	60
466	467	340	274	61	60
466	467	340	220	242	233
466	467	340	79	334	111
466	467	340	229	334	111
466	467	340	274	334	111
466	467	340	315	334	284
467	466	340	89	61	60
467	466	340	229	61	60
467	466	340	274	61	60
467	466	340	220	242	233
467	466	340	79	334	111
467	466	340	229	334	111
467	466	340	274	334	111
467	466	340	315	334	284
471	477	340	177	113	114
471	477	340	138	207	36
471	477	340	147	207	36
471	477	340	220	207	36
471	477	340	290	207	289
476	470	340	177	113	114
476	472	340	112	156	23
476	472	340	177	156	23
476	472	340	229	156	23
476	472	340	262	156	23
476	472	340	274	156	23
476	472	340	316	156	23
476	470	340	138	207	36
476	470	340	147	207	36
476	470	340	220	207	36
476	470	340	290	207	289
477	471	340	177	113	114
477	472	340	112	156	23
477	472	340	177	156	23
477	472	340	229	156	23
477	472	340	262	156	23
477	472	340	274	156	23
477	472	340	316	156	23
477	471	340	138	207	36
477	471	340	147	207	36
477	471	340	220	207	36
477	471	340	290	207	289
481	482	340	91	50	49
481	482	340	229	50	49
481	482	340	274	50	49
481	482	340	79	102	111
481	482	340	229	102	111
481	482	340	274	102	111
481	482	340	316	102	193
481	482	340	138	137	36
481	482	340	147	137	36
481	482	340	220	137	36
481	482	340	112	156	23
481	482	340	177	156	23
481	482	340	229	156	23
481	482	340	262	156	23
481	482	340	274	156	23
481	482	340	316	156	23
481	482	340	79	176	111
481	482	340	138	176	309
481	482	340	172	176	349
481	482	340	177	176	349
481	482	340	229	176	111
481	482	340	229	176	349
481	482	340	262	176	31
481	482	340	274	176	111
481	482	340	274	176	349
481	482	340	79	212	211
481	482	340	138	212	36
481	482	340	147	212	36
481	482	340	220	212	36
481	482	340	229	212	211
481	482	340	274	212	211
481	482	340	316	212	211
481	482	340	172	307	349
481	482	340	177	307	349
481	482	340	229	307	349
481	482	340	274	307	349
481	482	340	79	330	332
481	482	340	91	330	332
481	482	340	316	330	193
484	397	340	112	25	242
484	529	340	112	25	242
484	533	340	112	25	242
484	555	340	112	25	242
484	556	340	112	25	242
484	397	340	220	25	233
484	529	340	220	25	233
484	533	340	220	25	233
484	555	340	220	25	233
484	556	340	220	25	233
484	526	340	79	334	111
484	528	340	79	334	111
484	529	340	79	334	111
484	534	340	79	334	111
484	549	340	79	334	111
484	566	340	79	334	111
484	568	340	79	334	111
484	526	340	229	334	111
484	528	340	229	334	111
484	529	340	229	334	111
484	534	340	229	334	111
484	549	340	229	334	111
484	566	340	229	334	111
484	568	340	229	334	111
484	526	340	274	334	111
484	528	340	274	334	111
484	529	340	274	334	111
484	534	340	274	334	111
484	549	340	274	334	111
484	566	340	274	334	111
484	568	340	274	334	111
484	526	340	315	334	284
484	528	340	315	334	284
484	529	340	315	334	284
484	534	340	315	334	284
484	549	340	315	334	284
484	566	340	315	334	284
484	568	340	315	334	284
484	529	340	79	349	111
484	529	340	138	349	36
484	529	340	147	349	36
484	529	340	220	349	36
484	529	340	229	349	111
484	529	340	274	349	111
484	529	340	354	349	307
529	397	340	112	25	242
529	484	340	112	25	242
529	533	340	112	25	242
529	555	340	112	25	242
529	556	340	112	25	242
529	397	340	220	25	233
529	484	340	220	25	233
529	533	340	220	25	233
529	555	340	220	25	233
529	556	340	220	25	233
529	484	340	79	334	111
529	526	340	79	334	111
529	528	340	79	334	111
529	534	340	79	334	111
529	549	340	79	334	111
529	566	340	79	334	111
529	568	340	79	334	111
529	484	340	229	334	111
529	526	340	229	334	111
529	528	340	229	334	111
529	534	340	229	334	111
529	549	340	229	334	111
529	566	340	229	334	111
529	568	340	229	334	111
529	484	340	274	334	111
529	526	340	274	334	111
529	528	340	274	334	111
529	534	340	274	334	111
529	549	340	274	334	111
529	566	340	274	334	111
529	568	340	274	334	111
529	484	340	315	334	284
529	526	340	315	334	284
529	528	340	315	334	284
529	534	340	315	334	284
529	549	340	315	334	284
529	566	340	315	334	284
529	568	340	315	334	284
529	484	340	79	349	111
529	484	340	138	349	36
529	484	340	147	349	36
529	484	340	220	349	36
529	484	340	229	349	111
529	484	340	274	349	111
529	484	340	354	349	307
538	447	340	76	111	334
538	447	340	138	111	36
538	447	340	138	111	309
538	447	340	147	111	36
538	447	340	172	111	349
538	447	340	177	111	349
538	447	340	220	111	36
538	447	340	229	111	100
538	447	340	229	111	349
538	447	340	274	111	100
538	447	340	274	111	349
538	447	340	360	111	257
538	447	340	360	235	257
538	447	340	220	242	233
538	447	340	245	289	207
564	565	340	76	311	195
564	565	340	229	311	243
564	565	340	274	311	243
564	565	340	79	337	111
564	565	340	138	337	36
564	565	340	147	337	36
564	565	340	220	337	36
564	565	340	229	337	111
564	565	340	262	337	31
564	565	340	274	337	111
564	565	340	315	337	284
564	565	340	316	337	221
572	382	340	112	156	23
572	382	340	177	156	23
572	382	340	229	156	23
572	382	340	262	156	23
572	382	340	274	156	23
572	382	340	316	156	23
572	556	340	79	330	332
572	556	340	91	330	332
572	556	340	316	330	193
581	514	340	79	102	111
581	514	340	229	102	111
581	514	340	274	102	111
581	514	340	316	102	193
581	514	340	79	175	111
581	514	340	229	175	111
581	514	340	274	175	111
581	514	340	360	235	257
581	376	340	112	296	297
581	423	340	112	296	297
581	454	340	112	296	297
581	455	340	112	296	297
581	514	340	112	296	297
581	376	340	138	296	297
581	423	340	138	296	297
581	454	340	138	296	297
581	455	340	138	296	297
581	514	340	138	296	297
581	376	340	177	296	297
581	423	340	177	296	297
581	454	340	177	296	297
581	455	340	177	296	297
581	514	340	177	296	297
581	376	340	360	296	297
581	423	340	360	296	297
581	454	340	360	296	297
581	455	340	360	296	297
581	514	340	360	296	297
581	514	340	79	330	332
581	514	340	91	330	332
581	514	340	316	330	193
393	486	341	316	156	23
393	486	341	139	330	332
393	486	341	316	330	193
424	425	341	316	211	212
407	409	342	79	288	255
407	409	342	177	288	255
409	407	342	79	288	255
409	407	342	177	288	255
447	538	342	76	111	334
447	538	342	84	111	349
447	538	342	177	111	349
447	538	342	340	111	334
447	538	342	360	111	257
447	538	342	360	235	257
447	538	342	340	289	207
538	447	342	76	111	334
538	447	342	84	111	349
538	447	342	177	111	349
538	447	342	340	111	334
538	447	342	360	111	257
538	447	342	360	235	257
538	447	342	340	289	207
424	425	343	97	211	212
424	425	343	146	211	212
424	425	343	274	211	212
424	425	343	279	211	212
424	425	343	316	211	212
424	425	343	146	255	288
424	425	343	274	255	288
424	425	343	146	288	255
424	425	343	258	288	255
424	425	343	274	288	255
424	425	343	279	288	255
424	425	343	147	309	36
424	425	343	274	309	111
424	425	343	147	349	36
424	425	343	274	349	111
447	538	343	147	111	36
447	538	343	258	111	286
447	538	343	258	111	309
447	538	343	258	111	349
447	538	343	274	111	100
447	538	343	274	111	349
447	538	343	146	289	207
476	472	343	274	156	23
476	472	343	316	156	23
476	470	343	147	207	36
519	520	343	316	171	221
519	520	343	274	311	243
519	520	343	147	337	36
519	520	343	274	337	111
519	520	343	316	337	221
520	519	343	316	171	221
520	519	343	274	311	243
520	519	343	147	337	36
520	519	343	274	337	111
520	519	343	316	337	221
538	447	343	147	111	36
538	447	343	258	111	286
538	447	343	258	111	309
538	447	343	258	111	349
538	447	343	274	111	100
538	447	343	274	111	349
538	447	343	146	289	207
409	407	350	177	288	255
409	407	350	306	288	255
481	482	360	229	50	49
481	482	360	274	50	49
481	482	360	306	50	49
481	482	360	229	102	111
481	482	360	274	102	111
481	482	360	306	137	36
481	482	360	229	156	23
481	482	360	274	156	23
481	482	360	84	176	349
481	482	360	229	176	111
481	482	360	229	176	349
481	482	360	274	176	111
481	482	360	274	176	349
481	482	360	306	176	31
481	482	360	306	176	175
481	482	360	306	176	309
481	482	360	229	212	211
481	482	360	274	212	211
481	482	360	306	212	36
481	482	360	306	212	211
481	482	360	84	307	349
481	482	360	229	307	349
481	482	360	274	307	349
481	482	360	306	330	332
482	481	360	229	50	49
482	483	360	229	50	49
482	481	360	274	50	49
482	483	360	274	50	49
482	481	360	306	50	49
482	483	360	306	50	49
482	481	360	229	102	111
482	483	360	229	102	111
482	481	360	274	102	111
482	483	360	274	102	111
482	481	360	306	137	36
482	483	360	306	137	36
482	481	360	229	156	23
482	483	360	229	156	23
482	481	360	274	156	23
482	483	360	274	156	23
482	481	360	84	176	349
482	483	360	84	176	349
482	481	360	229	176	111
482	481	360	229	176	349
482	483	360	229	176	111
482	483	360	229	176	349
482	481	360	274	176	111
482	481	360	274	176	349
482	483	360	274	176	111
482	483	360	274	176	349
482	481	360	306	176	31
482	481	360	306	176	175
482	481	360	306	176	309
482	483	360	306	176	31
482	483	360	306	176	175
482	483	360	306	176	309
482	481	360	229	212	211
482	483	360	229	212	211
482	481	360	274	212	211
482	483	360	274	212	211
482	481	360	306	212	36
482	481	360	306	212	211
482	483	360	306	212	36
482	483	360	306	212	211
482	481	360	84	307	349
482	483	360	84	307	349
482	481	360	229	307	349
482	483	360	229	307	349
482	481	360	274	307	349
482	483	360	274	307	349
482	481	360	306	330	332
482	483	360	306	330	332
483	482	360	229	50	49
483	482	360	274	50	49
483	482	360	306	50	49
483	482	360	229	102	111
483	482	360	274	102	111
483	482	360	306	137	36
483	482	360	229	156	23
483	482	360	274	156	23
483	482	360	84	176	349
483	482	360	229	176	111
483	482	360	229	176	349
483	482	360	274	176	111
483	482	360	274	176	349
483	482	360	306	176	31
483	482	360	306	176	175
483	482	360	306	176	309
483	482	360	229	212	211
483	482	360	274	212	211
483	482	360	306	212	36
483	482	360	306	212	211
483	482	360	84	307	349
483	482	360	229	307	349
483	482	360	274	307	349
483	482	360	306	330	332
519	520	360	229	311	243
519	520	360	274	311	243
519	520	360	229	337	111
519	520	360	274	337	111
519	520	360	306	337	31
519	520	360	306	337	36
