source,target,edge_type,sign,rho,p,n_samples,concordant
AHR,MYC,TF_target,"",-0.025640013597176,0.402990130021707,1066,
AR,CTNNB1,TF_target,1,0.307350363304109,9.34743940088824e-25,1066,TRUE
AR,EP300,TF_target,1,0.482033778687632,4.06284010254475e-63,1066,TRUE
AR,JUN,TF_target,1,-0.0596786988841222,0.051422230374257,1066,FALSE
AR,MYC,TF_target,"",-0.270085960731355,2.82881218040392e-19,1066,
AR,NFKB1,TF_target,-1,0.28597850632595,1.63799096573289e-21,1066,FALSE
AR,RELA,TF_target,-1,-0.22218141968187,2.17561644866062e-13,1066,TRUE
AR,REST,TF_target,-1,0.595095531531632,4.0469816836346e-103,1066,FALSE
ARNT,AHR,TF_target,"",0.321726986667563,4.28596978051467e-27,1066,
ARNT,ESR1,TF_target,"",0.14348875712614,2.55460790595654e-06,1066,
ARNT,HIF1A,TF_target,1,0.04665052197198,0.127967684987116,1066,TRUE
ARNT,JUN,TF_target,-1,-0.0041895621691075,0.89132494140071,1066,TRUE
ATF3,DDIT3,TF_target,1,0.0759217727213641,0.0131570127814316,1066,TRUE
ATF3,TP53,TF_target,"",0.0705945874966704,0.0211631544510088,1066,
ATF4,DDIT3,TF_target,1,0.458422448594525,1.65572661491929e-56,1066,TRUE
ATF4,SIRT1,TF_target,"",-0.394324694803253,5.54041288144946e-41,1066,
CEBPA,MYC,TF_target,-1,-0.111300295313928,0.000271612159357352,1066,TRUE
CEBPA,SPI1,TF_target,"",0.449949506531643,2.93430725527202e-54,1066,
CEBPA,STAT3,TF_target,"",-0.166894555647695,4.22588796899319e-08,1066,
CEBPB,DDIT3,TF_target,"",0.352668185955308,1.41734450571954e-32,1066,
CEBPB,HSF1,TF_target,"",0.345969924666783,2.46137968345409e-31,1066,
CEBPB,XBP1,TF_target,1,-0.498896133945661,3.64049105564039e-68,1066,FALSE
CREB1,AR,TF_target,"",0.435570195931482,1.38379486857822e-50,1066,
CREB1,JUN,TF_target,-1,-0.145750538823138,1.76466113371999e-06,1066,TRUE
CREB1,MITF,TF_target,1,0.340582683772454,2.32592785945123e-30,1066,TRUE
CREB1,SNAI1,TF_target,-1,-0.161557201496184,1.13619126957611e-07,1066,TRUE
CTNNB1,AR,TF_target,"",0.307350363304109,9.34743940088824e-25,1066,
CTNNB1,JUN,TF_target,1,0.023921686633766,0.43525542907283,1066,TRUE
CTNNB1,MYC,TF_target,1,0.0280661860982854,0.359952008506559,1066,TRUE
CTNNB1,RB1,TF_target,-1,0.300124955786599,1.25320792666598e-23,1066,FALSE
DNMT1,ESR1,TF_target,"",-0.207737232336478,7.41364510084099e-12,1066,
DNMT1,HDAC1,TF_target,"",0.164230352060861,6.95122899256822e-08,1066,
DNMT1,RB1,TF_target,-1,-0.216344235683966,9.33303930919762e-13,1066,TRUE
DNMT1,TP53,TF_target,"",0.0428909291986611,0.161700540756647,1066,
E2F1,AR,TF_target,1,-0.391547411921469,2.20256411154758e-40,1066,FALSE
E2F1,BRCA1,TF_target,-1,0.365386528274265,5.1753138529519e-35,1066,FALSE
E2F1,DDIT3,TF_target,"",0.340216643066119,2.70506794042591e-30,1066,
E2F1,HMGA1,TF_target,1,0.498601406060562,4.48570369708923e-68,1066,TRUE
E2F1,IRF3,TF_target,-1,0.259762245392107,6.71980545738801e-18,1066,FALSE
E2F1,MYB,TF_target,"",-0.340490343614776,2.41628812787576e-30,1066,
E2F1,MYC,TF_target,1,0.176221328351805,6.94700220506113e-09,1066,TRUE
E2F1,MYCN,TF_target,1,0.119698817248278,8.94227328587023e-05,1066,TRUE
E2F1,PPARG,TF_target,1,-0.234671527882742,8.38699913696408e-15,1066,FALSE
E2F1,TP53,TF_target,"",-0.0648304071657879,0.0343079292995925,1066,
EGR1,AR,TF_target,-1,0.0655813622386351,0.0322738874350318,1066,FALSE
EGR1,EP300,TF_target,1,0.00271598664917342,0.929421939560114,1066,TRUE
EGR1,HIF1A,TF_target,1,0.0490625558392069,0.109385703301621,1066,TRUE
EGR1,MYB,TF_target,-1,0.0431535052038171,0.159145897086708,1066,FALSE
EGR1,NFKB1,TF_target,"",0.1777398323229,5.12940991692001e-09,1066,
EGR1,PPARG,TF_target,"",0.38676720009605,2.29734377678378e-39,1066,
EGR1,TCF4,TF_target,1,0.407680201583647,6.0267215860966e-44,1066,TRUE
EGR1,TP53,TF_target,1,0.0708084142877943,0.0207743498192249,1066,TRUE
ELK1,EZH2,TF_target,1,0.243104483760718,8.34623291259652e-16,1066,TRUE
ELK1,SRF,TF_target,"",0.227504037330991,5.56155803447524e-14,1066,
ESR1,AHR,TF_target,"",-0.00014172098927288,0.996312419889215,1066,
ESR1,AR,TF_target,1,0.502241664201944,3.3550140827618e-69,1066,TRUE
ESR1,BRCA1,TF_target,"",0.202720332311626,2.38185850523287e-11,1066,
ESR1,CTNNB1,TF_target,-1,0.0396763478976819,0.19552420366934,1066,FALSE
ESR1,E2F1,TF_target,"",-0.277332622804241,2.81574060130372e-20,1066,
ESR1,JUN,TF_target,1,-0.167190505132195,3.99662844417728e-08,1066,FALSE
ESR1,MYC,TF_target,"",-0.259382153936017,7.53112658590748e-18,1066,
ESR1,RARA,TF_target,1,0.531697607230897,7.82999271500427e-79,1066,TRUE
ESR1,RUNX2,TF_target,"",-0.106270873194642,0.000509935321762476,1066,
ESR1,SP1,TF_target,"",0.378252285896272,1.36085413035937e-37,1066,
ESR1,TP53,TF_target,-1,-0.051847349302705,0.0906554950849811,1066,TRUE
ESR2,JUN,TF_target,"",0.167444094036579,3.80980521157531e-08,1066,
ETS1,EGR1,TF_target,1,0.352742816649427,1.37243988113411e-32,1066,TRUE
ETS1,ERG,TF_target,1,0.641637831770539,1.01726710196681e-124,1066,TRUE
ETS1,FLI1,TF_target,1,0.819258418293191,3.1150277341326e-259,1066,TRUE
ETS1,MYB,TF_target,1,-0.330264847269864,1.51971411028061e-28,1066,FALSE
ETS1,TFAP2A,TF_target,1,-0.269851070797714,3.04493999874776e-19,1066,FALSE
ETS1,TP53,TF_target,"",-0.00652072589977831,0.831598461743411,1066,
ETV4,ETS1,TF_target,1,-0.033552411455691,0.27373680853304,1066,FALSE
EZH2,BRCA1,TF_target,"",0.320964400072564,5.74563780085262e-27,1066,
EZH2,HDAC1,TF_target,-1,0.167209898785969,3.9820330368853e-08,1066,FALSE
EZH2,MYC,TF_target,-1,0.144513028298647,2.16205997548486e-06,1066,FALSE
EZH2,TP53,TF_target,-1,0.0189639299432199,0.536249115584991,1066,FALSE
FLI1,HDAC1,TF_target,"",-0.113819502607545,0.000196156885656544,1066,
FOS,DDIT3,TF_target,1,-0.109349016150166,0.000347893476745237,1066,FALSE
FOS,MYC,TF_target,-1,0.14679489906656,1.4847548750716e-06,1066,FALSE
FOS,NFKB1,TF_target,-1,0.15667626918776,2.72979299663403e-07,1066,FALSE
FOS,SMAD4,TF_target,"",0.0222486298106837,0.46805479436875,1066,
FOS,SPI1,TF_target,-1,0.19835691022005,6.41587992667055e-11,1066,FALSE
FOS,TP53,TF_target,"",0.0437937314721247,0.153044988005294,1066,
FOXA2,PAX6,TF_target,-1,0.0185026961319429,0.546209669296217,1066,FALSE
FOXM1,AR,TF_target,1,-0.337709232454627,7.56939742173742e-30,1066,FALSE
FOXM1,MYC,TF_target,1,0.225927887546701,8.3595622569786e-14,1066,TRUE
FOXO1,EGR1,TF_target,-1,0.479841717881211,1.75604169502672e-62,1066,FALSE
FOXO3,AR,TF_target,1,0.26652186194143,8.57804548869373e-19,1066,TRUE
FOXO3,SIRT1,TF_target,1,0.32636945171312,7.06656387383382e-28,1066,TRUE
GATA1,SPI1,TF_target,-1,0.169226131791728,2.71587479557207e-08,1066,FALSE
GATA3,ERG,TF_target,1,-0.0435148264478954,0.155680555507971,1066,FALSE
GATA3,NFKB1,TF_target,"",-0.0536608257596643,0.0799090975617232,1066,
GATA3,RELA,TF_target,"",-0.0301412007727419,0.325524461015817,1066,
GLI1,EGR2,TF_target,-1,0.545673971049812,9.5668940081924e-84,1066,FALSE
GLI1,JUN,TF_target,"",0.385574189182601,4.09968246379486e-39,1066,
HDAC1,AR,TF_target,"",-0.262060530620916,3.35967903278947e-18,1066,
HDAC1,E2F1,TF_target,-1,0.246713932673737,3.0250305161027e-16,1066,FALSE
HDAC1,EGR1,TF_target,-1,-0.155895660620785,3.13287081531277e-07,1066,TRUE
HDAC1,KLF4,TF_target,-1,-0.0804625289889232,0.00858243996423276,1066,TRUE
HDAC1,NFKB1,TF_target,"",-0.203261217526722,2.10325102529834e-11,1066,
HDAC1,POU5F1,TF_target,"",0.114150194863097,0.000187860094288306,1066,
HDAC1,SP1,TF_target,-1,-0.105405165694477,0.000566825605923524,1066,TRUE
HDAC1,STAT3,TF_target,"",-0.184411536854514,1.31129546673217e-09,1066,
HDAC1,TP53,TF_target,-1,-0.0160794126802517,0.599996707063136,1066,TRUE
HDAC2,KLF4,TF_target,-1,-0.21056798464675,3.78689389112689e-12,1066,TRUE
HDAC2,MYC,TF_target,"",0.126912084862839,3.24451822497394e-05,1066,
HDAC2,MYCN,TF_target,"",0.238100357670102,3.31740947447726e-15,1066,
HDAC2,SP1,TF_target,-1,-0.157402137494582,2.40019898337695e-07,1066,TRUE
HDAC3,JUN,TF_target,-1,0.0541777115950782,0.0770430256302972,1066,FALSE
HDAC3,MYC,TF_target,-1,0.068457667501757,0.0254095103347675,1066,FALSE
HDAC4,ATF4,TF_target,"",-0.0766317916602951,0.0123233585907357,1066,
HDAC4,HDAC3,TF_target,"",0.0918744324310129,0.00267770779510939,1066,
HDAC4,JUN,TF_target,"",0.102509759985844,0.000802836848596127,1066,
HDAC4,KLF4,TF_target,"",0.179479120628892,3.61224731119312e-09,1066,
HDAC4,RUNX2,TF_target,-1,0.153833804062574,4.49278366288328e-07,1066,FALSE
HDAC9,NFKB1,TF_target,-1,0.253584247039077,4.18760668176576e-17,1066,FALSE
HDAC9,RELA,TF_target,-1,-0.0289890980999359,0.344366761880147,1066,TRUE
HDAC9,TP53,TF_target,-1,-0.057144643281536,0.0621690530065227,1066,TRUE
HES1,E2F1,TF_target,-1,-0.0816478696705793,0.00765086272928105,1066,TRUE
HIF1A,APEX1,TF_target,-1,-0.0831726573715792,0.0065860394196427,1066,TRUE
HIF1A,AR,TF_target,1,-0.00468005954503628,0.878694881543994,1066,FALSE
HIF1A,PPARA,TF_target,"",0.352057124714177,1.84423738590932e-32,1066,
HIF1A,STAT3,TF_target,"",0.134738879354946,1.0140309408465e-05,1066,
HIF1A,VHL,TF_target,"",0.175120674303915,8.64101276058113e-09,1066,
HMGA1,SP1,TF_target,"",-0.427458571670052,1.37005603906952e-48,1066,
HMGA1,TP53,TF_target,"",0.0370412096982065,0.226901696687826,1066,
HNF4A,MYC,TF_target,1,-0.0651234285290007,0.0335015937479408,1066,FALSE
HNF4A,PPARA,TF_target,"",-0.0663425703672995,0.0303182770546625,1066,
HOXA10,MYCN,TF_target,-1,0.139325647714178,4.9739441395384e-06,1066,FALSE
HOXA10,SNAI1,TF_target,-1,0.241348824897147,1.3592673755762e-15,1066,FALSE
HOXA10,TP53,TF_target,1,0.0598236747536076,0.0508575452854588,1066,TRUE
HSF2,HIF1A,TF_target,"",0.242011538132916,1.13122297124558e-15,1066,
IRF1,E2F1,TF_target,-1,0.0193400971907011,0.52819375778451,1066,FALSE
IRF1,MYB,TF_target,-1,-0.212551265238772,2.35178994321826e-12,1066,TRUE
IRF1,TP53,TF_target,"",0.0240196313349914,0.43337721696519,1066,
JUN,AR,TF_target,-1,-0.0596786988841222,0.051422230374257,1066,TRUE
JUN,DDIT3,TF_target,1,0.0301796853436902,0.324906836178787,1066,TRUE
JUN,ETS1,TF_target,1,0.21821091414846,5.88469297857878e-13,1066,TRUE
JUN,ETS2,TF_target,"",0.432548776063212,7.77627745283527e-50,1066,
JUN,EZH2,TF_target,"",-0.174535904207036,9.69772654720989e-09,1066,
JUN,MYB,TF_target,"",-0.0500252033930094,0.102592827049018,1066,
JUN,MYC,TF_target,-1,0.166441171585055,4.6019877431695e-08,1066,FALSE
JUN,PPARA,TF_target,"",-0.0110726554235183,0.718020727182132,1066,
JUN,RARA,TF_target,-1,0.110634320409061,0.000295687186729228,1066,FALSE
JUN,RUNX2,TF_target,"",0.185902846295476,9.59948287622558e-10,1066,
JUN,SPI1,TF_target,1,0.247639902256074,2.32543977132029e-16,1066,TRUE
JUN,TP53,TF_target,-1,0.034845078325609,0.25566781165109,1066,FALSE
JUND,BCL6,TF_target,"",0.00270810363630549,0.929626256736373,1066,
JUND,MYB,TF_target,"",0.0949991647890197,0.00190230298761991,1066,
KLF4,RARA,TF_target,-1,-0.0444784722105464,0.14671826859929,1066,TRUE
KLF4,TP53,TF_target,"",-0.0341818841295458,0.264831904851225,1066,
KLF5,FOXO1,TF_target,"",0.229925643797897,2.95591356505017e-14,1066,
KLF5,HIF1A,TF_target,1,0.29674445903893,4.1172468234399e-23,1066,TRUE
LEF1,AR,TF_target,"",0.180463462700987,2.95748652959475e-09,1066,
LEF1,CTNNB1,TF_target,"",0.119226492004417,9.53764268117243e-05,1066,
LEF1,ESR1,TF_target,"",0.172165287302506,1.54192276551352e-08,1066,
LEF1,MITF,TF_target,1,0.339594058639085,3.49560345911136e-30,1066,TRUE
LEF1,MYC,TF_target,"",-0.187046651560166,7.54400212348891e-10,1066,
LEF1,TCF4,TF_target,"",0.403618168257018,4.96328030423373e-43,1066,
MAX,MYC,TF_target,"",-0.104740254929356,0.00061446924211585,1066,
MEF2A,JUN,TF_target,1,-0.00557225768375869,0.855802270481791,1066,FALSE
MEN1,JUND,TF_target,-1,0.23891125351569,2.65832296897096e-15,1066,FALSE
MITF,HIF1A,TF_target,1,0.229504149820692,3.30138321024304e-14,1066,TRUE
MKL1,SRF,TF_target,"",0.459488204042619,8.54379768398159e-57,1066,
MYB,GATA3,TF_target,"",0.583377134754525,3.19040594820052e-98,1066,
MYB,MYC,TF_target,1,-0.144742429932186,2.08243578151733e-06,1066,FALSE
MYC,EP300,TF_target,"",-0.0113726291352762,0.710720374254557,1066,
MYC,HDAC2,TF_target,1,0.126912084862839,3.24451822497394e-05,1066,TRUE
MYC,TP53,TF_target,1,0.0921909167941703,0.00258774048863561,1066,TRUE
MYCN,HDAC2,TF_target,1,0.238100357670102,3.31740947447726e-15,1066,TRUE
MYCN,HMGA1,TF_target,"",0.175775811020159,7.58977862966009e-09,1066,
MYCN,TP53,TF_target,"",0.0174716073040174,0.568802376991982,1066,
NANOG,GATA6,TF_target,-1,0.132731588465607,1.37505752933696e-05,1066,FALSE
NANOG,KLF2,TF_target,1,-0.031739143685335,0.300520826449274,1066,FALSE
NANOG,POU5F1,TF_target,1,0.179131094459861,3.87588243227965e-09,1066,TRUE
NCOR1,AR,TF_target,1,0.462016436029857,1.7617044916088e-57,1066,TRUE
NCOR1,ESR1,TF_target,-1,0.311639118651599,1.93399563894966e-25,1066,FALSE
NCOR1,PPARG,TF_target,-1,-0.00996783572357177,0.745126087766235,1066,TRUE
NFKB1,AR,TF_target,-1,0.28597850632595,1.63799096573289e-21,1066,FALSE
NFKB1,CTCF,TF_target,-1,0.124691721971508,4.45908209831669e-05,1066,FALSE
NFKB1,E2F1,TF_target,"",-0.364509229909066,7.68501821855622e-35,1066,
NFKB1,EGR1,TF_target,-1,0.1777398323229,5.12940991692001e-09,1066,FALSE
NFKB1,GATA3,TF_target,1,-0.0536608257596643,0.0799090975617232,1066,FALSE
NFKB1,HDAC1,TF_target,"",-0.203261217526722,2.10325102529834e-11,1066,
NFKB1,HES1,TF_target,"",-0.225057538030091,1.04556137590097e-13,1066,
NFKB1,HIF1A,TF_target,"",0.111590673883308,0.000261700298766011,1066,
NFKB1,HOXA9,TF_target,-1,0.197111971146839,8.47719540565219e-11,1066,FALSE
NFKB1,MYC,TF_target,"",-0.00132289229812646,0.965588879762361,1066,
NFKB1,SNAI1,TF_target,1,0.009697593200229,0.751805899886616,1066,TRUE
NFKB1,TP53,TF_target,"",0.0843309360733402,0.00586823596537064,1066,
NFKB1,YY1,TF_target,-1,-0.0154905537098483,0.613419653916238,1066,TRUE
NFKB2,HIF1A,TF_target,-1,-0.034740315020584,0.257100619024133,1066,TRUE
NKX2-5,CTNNB1,TF_target,"",0.0145449117059082,0.63524728256896,1066,
NKX2-5,MEF2C,TF_target,-1,-0.0358398728649872,0.242338272549319,1066,TRUE
NR1H4,NFKB1,TF_target,1,-0.0189729359597965,0.536055539056205,1066,FALSE
NR1H4,RELA,TF_target,1,-0.00694282167010071,0.820876708262797,1066,FALSE
PAX5,MYCN,TF_target,1,0.19721878464621,8.27755298496785e-11,1066,TRUE
PAX5,TP53,TF_target,"",0.0481889995508929,0.115852748000655,1066,
POU5F1,GATA6,TF_target,-1,0.288140255730784,7.91791076838478e-22,1066,FALSE
POU5F1,NANOG,TF_target,1,0.179131094459861,3.87588243227965e-09,1066,TRUE
PPARG,KLF4,TF_target,"",0.338983958793679,4.4914556157192e-30,1066,
PPARG,MYC,TF_target,-1,0.0495896866176804,0.105623331638398,1066,FALSE
PPARG,POU2F1,TF_target,1,4.47402228762272e-05,0.998835855684176,1066,TRUE
PPARG,TP53,TF_target,1,-0.0362718494279287,0.236704801533675,1066,FALSE
RARA,ETS1,TF_target,"",-0.302184841727882,6.02372645172763e-24,1066,
RB1,SP1,TF_target,"",0.479189138671574,2.7095345345756e-62,1066,
RBPJ,NFKB1,TF_target,"",0.00131586190097468,0.965771642331424,1066,
RELA,AR,TF_target,-1,-0.22218141968187,2.17561644866062e-13,1066,TRUE
RELA,E2F1,TF_target,"",0.0559998200276677,0.0675999929059033,1066,
RELA,EGR1,TF_target,-1,0.0398038035453366,0.194091410941276,1066,FALSE
RELA,GATA3,TF_target,1,-0.0301412007727419,0.325524461015817,1066,FALSE
RELA,HDAC1,TF_target,"",0.0663916587822238,0.0301957309749234,1066,
RELA,HES1,TF_target,"",0.141155245302355,3.71994724601054e-06,1066,
RELA,HIF1A,TF_target,"",-0.0447175427315074,0.144557046553548,1066,
RELA,MYC,TF_target,"",0.190011599136911,4.01121023702443e-10,1066,
RELA,PPARA,TF_target,"",0.00746259120107015,0.807719898280708,1066,
RELA,SIRT1,TF_target,1,-0.207580286465661,7.69282342580423e-12,1066,FALSE
RELA,SNAI1,TF_target,1,0.230147309191077,2.78873981767843e-14,1066,TRUE
RELA,STAT1,TF_target,"",-0.00575333609018434,0.851170151305713,1066,
RELA,STAT3,TF_target,"",-0.0473258358931233,0.122533913779302,1066,
RELA,TP53,TF_target,"",0.0600206635649045,0.0500985878482065,1066,
RELA,YY1,TF_target,-1,-0.0949203534577977,0.0019190127488761,1066,TRUE
REST,AR,TF_target,"",0.595095531531632,4.0469816836346e-103,1066,
REST,STAT1,TF_target,-1,0.205242811318138,1.32947100905386e-11,1066,FALSE
RUNX1,JUN,TF_target,1,0.249138025763408,1.51601033132422e-16,1066,TRUE
RUNX1,KLF4,TF_target,"",0.338057989574756,6.56372096422205e-30,1066,
RUNX1,NFKB1,TF_target,"",0.235215657534272,7.24615858297858e-15,1066,
RUNX1,RELA,TF_target,"",-0.0658423318072002,0.0315916101472673,1066,
RUNX1,SPI1,TF_target,1,-0.0794973673947592,0.00941441215499514,1066,FALSE
RUNX2,AR,TF_target,"",0.161038252689487,1.24874755615747e-07,1066,
RUNX2,ESR1,TF_target,"",-0.106270873194642,0.000509935321762476,1066,
SIRT1,HIF1A,TF_target,1,0.0456905856046926,0.136011318040772,1066,TRUE
SIRT1,HSF1,TF_target,1,-0.415929239205744,7.60595619259611e-46,1066,FALSE
SIRT1,PAX6,TF_target,-1,0.148463522978281,1.12391530552904e-06,1066,FALSE
SIRT1,TP53,TF_target,"",0.0287391970369731,0.348543778660364,1066,
SMAD3,AHR,TF_target,"",0.11082897947223,0.000288451408242738,1066,
SMAD3,FOXA2,TF_target,"",-0.110592270126919,0.000297272398411767,1066,
SMAD3,JUN,TF_target,"",-0.00217964215219743,0.943333165177675,1066,
SMAD3,MYC,TF_target,"",-0.0468298928946302,0.126506489491972,1066,
SMAD4,AHR,TF_target,"",0.228149063576158,4.70310206622052e-14,1066,
SMAD4,JUN,TF_target,"",-0.111420839054729,0.000267455575545772,1066,
SMAD4,MYC,TF_target,"",0.160657459880791,1.33811465423306e-07,1066,
SNAI2,POU5F1,TF_target,1,0.0633435164799189,0.038659364634018,1066,TRUE
SOX2,PAX6,TF_target,"",-0.06815887520926,0.0260583453069,1066,
SOX9,AR,TF_target,1,-0.270239574346796,2.69572917486124e-19,1066,FALSE
SOX9,KLF4,TF_target,"",0.123603800966555,5.20085344435781e-05,1066,
SP1,AHR,TF_target,-1,0.354991051951182,5.1822872274741e-33,1066,FALSE
SP1,AR,TF_target,1,0.578981175802551,1.94913865723506e-96,1066,TRUE
SP1,BRCA1,TF_target,"",0.288106887909718,8.00764030142142e-22,1066,
SP1,CREB1,TF_target,"",0.640163212943524,5.61784081276011e-124,1066,
SP1,E2F1,TF_target,"",-0.364240398697725,8.67270865005666e-35,1066,
SP1,EGR1,TF_target,1,0.0885048480092877,0.00382872046825674,1066,TRUE
SP1,ESR1,TF_target,"",0.378252285896272,1.36085413035937e-37,1066,
SP1,GATA3,TF_target,"",0.268326582094439,4.90157823515697e-19,1066,
SP1,HDAC4,TF_target,1,0.0948115759220854,0.00194229714527612,1066,TRUE
SP1,HMGA1,TF_target,1,-0.427458571670052,1.37005603906952e-48,1066,FALSE
SP1,KLF8,TF_target,"",0.112226868691805,0.000241155860756981,1066,
SP1,MTA1,TF_target,1,-0.405487569481421,1.88769542630043e-43,1066,FALSE
SP1,MYC,TF_target,"",-0.200123277641377,4.30748640462229e-11,1066,
SP1,MYCN,TF_target,"",-0.105942754732019,0.000530841441433019,1066,
SP1,PAX6,TF_target,"",0.0931755673403602,0.00232519664656236,1066,
SP1,RARA,TF_target,1,0.111472394251872,0.000265696094630101,1066,TRUE
SP1,SIRT1,TF_target,"",0.587831783220275,4.63413503158384e-100,1066,
SP1,SREBF1,TF_target,1,0.079183165133803,0.00970035329891699,1066,TRUE
SP1,YY1,TF_target,1,0.302219114255558,5.95045233572225e-24,1066,TRUE
SPI1,BCL6,TF_target,-1,0.0997240733411735,0.00111307521756351,1066,FALSE
SPI1,FLI1,TF_target,"",0.608923457985309,3.65762967245174e-109,1066,
SPI1,STAT3,TF_target,"",-0.0363787603137292,0.23532494758817,1066,
SREBF1,AR,TF_target,"",0.284310427835732,2.85784325364745e-21,1066,
SREBF1,PPARG,TF_target,"",-0.129339291677985,2.27808376707618e-05,1066,
SREBF2,PPARG,TF_target,"",-0.054267761957402,0.0765523695282149,1066,
SRF,CREB1,TF_target,-1,-0.217738639499458,6.61565583873556e-13,1066,TRUE
STAT1,NR1H4,TF_target,-1,-0.00241222527562529,0.937298261052102,1066,TRUE
STAT1,PPARA,TF_target,1,0.180923558358318,2.69252707945608e-09,1066,TRUE
STAT1,STAT3,TF_target,"",0.131496677231287,1.65484484932704e-05,1066,
STAT1,TP53,TF_target,1,-0.0388863463350894,0.204578031748489,1066,FALSE
STAT3,AR,TF_target,"",0.27891708436971,1.68449713557321e-20,1066,
STAT3,BCL6,TF_target,1,0.209008552194709,5.48931969287223e-12,1066,TRUE
STAT3,DDIT3,TF_target,-1,-0.306154203835174,1.44383440804775e-24,1066,TRUE
STAT3,ESR2,TF_target,1,-0.0555519558902776,0.0698280614336224,1066,FALSE
STAT3,HIF1A,TF_target,1,0.134738879354946,1.0140309408465e-05,1066,TRUE
STAT3,MYC,TF_target,"",0.0526223370582387,0.0859288805796907,1066,
STAT3,NANOG,TF_target,1,0.00750931927720587,0.806539678100929,1066,TRUE
STAT3,POU2F1,TF_target,"",-0.00404656128767652,0.895012477983816,1066,
STAT3,PPARA,TF_target,1,0.22718294530749,6.04448659230191e-14,1066,TRUE
STAT3,STAT1,TF_target,1,0.131496677231287,1.65484484932704e-05,1066,TRUE
STAT3,TP53,TF_target,"",0.0191568300667778,0.53211059261144,1066,
TAL1,ERG,TF_target,1,0.794672477991533,6.76023467770839e-233,1066,TRUE
TAL1,MYB,TF_target,1,0.0447911335365002,0.143896705829208,1066,TRUE
TAL1,MYCN,TF_target,1,0.119105416212415,9.69617128747213e-05,1066,TRUE
TAL1,NFKB1,TF_target,-1,0.170739793579844,2.03155917162758e-08,1066,FALSE
TCF4,JUN,TF_target,"",0.192758032394273,2.21415297273624e-10,1066,
TCF4,KLF4,TF_target,"",0.331225510266457,1.03672964458309e-28,1066,
TCF4,MYC,TF_target,1,-0.115105408181054,0.000165706388804314,1066,FALSE
TCF7L2,CTNNB1,TF_target,"",0.301248546503103,8.41004227063716e-24,1066,
TCF7L2,STAT3,TF_target,"",0.151038093002175,7.27025005091979e-07,1066,
TFAP2A,ETS1,TF_target,1,-0.269851070797714,3.04493999874776e-19,1066,FALSE
TLX1,MYC,TF_target,1,0.0939371270027092,0.00213910065255912,1066,TRUE
TP53,BRCA1,TF_target,-1,-0.0382225057007177,0.212418341105297,1066,TRUE
TP53,CTNNB1,TF_target,-1,0.0194372485113053,0.526123378390015,1066,FALSE
TP53,DNMT1,TF_target,"",0.0428909291986611,0.161700540756647,1066,
TP53,E2F1,TF_target,-1,-0.0648304071657879,0.0343079292995925,1066,TRUE
TP53,EGR1,TF_target,"",0.0708084142877943,0.0207743498192249,1066,
TP53,ESR1,TF_target,"",-0.051847349302705,0.0906554950849811,1066,
TP53,EZH2,TF_target,"",0.0189639299432199,0.536249115584991,1066,
TP53,HSF1,TF_target,"",-0.0507010243755667,0.0980273913408757,1066,
TP53,KLF2,TF_target,-1,0.00339259862954216,0.911903779130894,1066,FALSE
TP53,MYC,TF_target,-1,0.0921909167941703,0.00258774048863561,1066,FALSE
TP53,NFKB1,TF_target,"",0.0843309360733402,0.00586823596537064,1066,
TP53,PAX5,TF_target,1,0.0481889995508929,0.115852748000655,1066,TRUE
TP53,RB1,TF_target,"",0.044964497647646,0.14235021681696,1066,
TP53,RELA,TF_target,"",0.0600206635649045,0.0500985878482065,1066,
TP53,SMAD3,TF_target,"",-0.0653400178529147,0.0329160393475423,1066,
TP53,STAT1,TF_target,"",-0.0388863463350894,0.204578031748489,1066,
TP53,STAT3,TF_target,-1,0.0191568300667778,0.53211059261144,1066,FALSE
TP63,KLF4,TF_target,-1,0.301333830866069,8.15865635091737e-24,1066,FALSE
TP63,PPARA,TF_target,"",0.162391219793668,9.75545523679285e-08,1066,
TP63,TCF4,TF_target,1,0.361327573706046,3.19083090207546e-34,1066,TRUE
TP73,E2F1,TF_target,"",0.127418936058665,3.01512837282942e-05,1066,
TWIST1,ESR1,TF_target,-1,-0.251278904554012,8.18527853287432e-17,1066,TRUE
TWIST1,MYB,TF_target,-1,-0.188732815352953,5.27394739103e-10,1066,TRUE
TWIST1,RUNX2,TF_target,-1,0.40723418984928,7.60754057935404e-44,1066,FALSE
TWIST1,YBX1,TF_target,1,0.212456767680989,2.40603778260247e-12,1066,TRUE
USF1,NFKB1,TF_target,"",-0.0239891101598608,0.433961996034646,1066,
USF1,POU2F1,TF_target,"",-0.041832223409993,0.172315073231396,1066,
USF1,RELA,TF_target,"",0.167063232793014,4.09370542834388e-08,1066,
YBX1,AR,TF_target,"",-0.561043678227556,2.01109771949112e-89,1066,
YBX1,E2F1,TF_target,"",0.394713011123087,4.56330077720036e-41,1066,
YBX1,MYCN,TF_target,1,0.237874329266213,3.52815668866843e-15,1066,TRUE
YY1,CTCF,TF_target,1,0.378012234139682,1.52414471211363e-37,1066,TRUE
YY1,HDAC1,TF_target,"",-0.0116247844193,0.704604163010911,1066,
YY1,HDAC2,TF_target,"",0.23892551890665,2.64796561483044e-15,1066,
YY1,HDAC3,TF_target,"",-0.293905155668016,1.10456210163318e-22,1066,
YY1,HIF1A,TF_target,"",0.219179162073497,4.62495424381245e-13,1066,
YY1,MYC,TF_target,"",-0.0917875438334107,0.0027029022726379,1066,
YY1,TFAP2A,TF_target,1,0.138532620454606,5.63500898825141e-06,1066,TRUE
YY1,TP53,TF_target,"",-0.0158380226649311,0.605483111684611,1066,
ZEB2,POU5F1,TF_target,1,0.00469692933117535,0.878261022079387,1066,TRUE
AHR,ARNT,TF_target,"",0.321726986667563,4.28596978051467e-27,1066,
APEX1,NFKB1,TF_target,1,-0.175859447729702,7.46486314143063e-09,1066,FALSE
APEX1,RELA,TF_target,1,0.0400765626814694,0.19105107527109,1066,TRUE
AR,TCF7L2,TF_target,"",-0.151063437173477,7.23887756277586e-07,1066,
BCL6,MYC,TF_target,1,0.0443204957972073,0.148159877452107,1066,TRUE
BCL6,NFKB1,TF_target,-1,0.160149943162492,1.46687286043932e-07,1066,FALSE
BCL6,STAT3,TF_target,"",0.209008552194709,5.48931969287223e-12,1066,
BRCA1,EGR1,TF_target,"",-0.267719295768056,5.92010783388456e-19,1066,
BRCA1,ESR1,TF_target,1,0.202720332311626,2.38185850523287e-11,1066,TRUE
BRCA1,HIF1A,TF_target,"",0.0608469932897045,0.0470174421568773,1066,
BRCA1,MYC,TF_target,"",0.0472782839959516,0.12291054074141,1066,
BRCA1,STAT3,TF_target,"",0.222179627328825,2.1766033138635e-13,1066,
CDX1,PPARG,TF_target,1,0.244204010701691,6.13732839261301e-16,1066,TRUE
CREB1,SOX9,TF_target,"",-0.0326825671713562,0.286375084445011,1066,
CTCF,MYC,TF_target,"",-0.11234718284155,0.000237444603703607,1066,
CTCF,NANOG,TF_target,"",-0.0972000162280169,0.00148627626106882,1066,
E2F1,DNMT1,TF_target,-1,0.447246663763901,1.48434993649741e-53,1066,FALSE
E2F1,FOXM1,TF_target,1,0.762457040865034,2.16646943035929e-203,1066,TRUE
E2F1,TP73,TF_target,1,0.127418936058665,3.01512837282942e-05,1066,TRUE
EGR1,TP73,TF_target,"",0.0829575977862833,0.0067276806135271,1066,
EP300,DNMT1,TF_target,1,0.17846309150598,4.43529355308876e-09,1066,TRUE
EP300,EZH2,TF_target,"",-0.119996043818885,8.58577926599002e-05,1066,
EP300,MYC,TF_target,-1,-0.0113726291352762,0.710720374254557,1066,TRUE
EP300,NFKB1,TF_target,"",0.284867023685754,2.37444307531852e-21,1066,
EP300,NR1H4,TF_target,-1,-0.0369511065485555,0.228034599435876,1066,TRUE
EP300,RELA,TF_target,"",-0.168263251015056,3.26232517464931e-08,1066,
EP300,TP73,TF_target,1,0.00222128709346063,0.942252342558429,1066,TRUE
EP300,YY1,TF_target,"",0.267485980487584,6.36466019314368e-19,1066,
ETS2,EGR1,TF_target,"",0.494636542140746,7.29473954116016e-67,1066,
ETS2,FLI1,TF_target,1,0.541107782264492,4.08654792819814e-82,1066,TRUE
ETS2,MYC,TF_target,"",0.290825559382954,3.18131999024211e-22,1066,
ETS2,TP53,TF_target,"",0.028126935099401,0.358912738514618,1066,
FLI1,FOXM1,TF_target,1,-0.218865008911715,5.00155226934531e-13,1066,FALSE
FOXD3,MITF,TF_target,-1,-0.0731433053410647,0.0169172285649306,1066,TRUE
FOXO1,AR,TF_target,-1,0.217517527457237,6.98778348400296e-13,1066,FALSE
GATA1,RUNX1,TF_target,"",0.188367835974569,5.70044360725948e-10,1066,
GATA1,TAL1,TF_target,"",0.423223360585691,1.43646895462853e-47,1066,
HDAC1,DNMT1,TF_target,"",0.164230352060861,6.95122899256822e-08,1066,
HDAC1,ESR1,TF_target,-1,0.0106633163140109,0.728024171005087,1066,FALSE
HDAC2,DNMT1,TF_target,-1,0.255905473354409,2.11792198337488e-17,1066,FALSE
HDAC2,TP63,TF_target,"",-0.1153192066493,0.000161096038312217,1066,
HDAC4,SMAD4,TF_target,"",0.318982657267769,1.22578896731926e-26,1066,
HEY1,GATA6,TF_target,-1,0.0589882551786081,0.0541839208281187,1066,FALSE
HIF1A,ARNT,TF_target,"",0.04665052197198,0.127967684987116,1066,
HIF1A,E2F3,TF_target,1,0.404532327779221,3.09597957183963e-43,1066,TRUE
HOXA9,MYCN,TF_target,1,0.197835578617807,7.21142079814969e-11,1066,TRUE
HOXA9,NFKB1,TF_target,-1,0.197111971146839,8.47719540565219e-11,1066,FALSE
HOXA9,RELA,TF_target,-1,-0.0218429807633501,0.476208402440769,1066,TRUE
HSF1,JUN,TF_target,"",0.00989972160258648,0.746807941270947,1066,
HSF1,NFKB1,TF_target,"",-0.371062565826849,3.89076403225106e-36,1066,
HSF1,RELA,TF_target,"",0.285889162922461,1.68771836164406e-21,1066,
JUN,NFKB2,TF_target,"",0.274003251825927,8.19789383318278e-20,1066,
JUN,TP73,TF_target,"",0.13385926284196,1.15943316834495e-05,1066,
KLF4,NANOG,TF_target,1,-0.0320551456620375,0.295731770240652,1066,FALSE
MEF2C,JUN,TF_target,"",0.234780311927864,8.14562658833345e-15,1066,
MTA1,ESR1,TF_target,-1,-0.210309084651416,4.0284609586091e-12,1066,TRUE
MTA1,HDAC1,TF_target,"",0.0677128681541713,0.0270534525206184,1066,
MTA1,MYC,TF_target,"",0.0978305204055159,0.00138355791930699,1066,
MTA1,SNAI1,TF_target,1,0.0907991547715954,0.00300511703906958,1066,TRUE
MYC,FOXM1,TF_target,1,0.225927887546701,8.3595622569786e-14,1066,TRUE
MYC,TLX1,TF_target,"",0.0939371270027092,0.00213910065255912,1066,
MYC,TP73,TF_target,1,-0.0486114493041159,0.112688783333859,1066,FALSE
NFKB1,FOXO3,TF_target,"",0.178792117839035,4.1505943664889e-09,1066,
NFKB1,NCOR1,TF_target,"",0.306495399270572,1.27569180616293e-24,1066,
PAX5,LEF1,TF_target,1,0.136470873373429,7.76966363506957e-06,1066,TRUE
PITX2,LEF1,TF_target,1,0.175407013944985,8.16522756624611e-09,1066,TRUE
POU2F1,AR,TF_target,"",0.121621186384037,6.86208345323005e-05,1066,
POU2F1,GATA1,TF_target,"",-0.116116452817239,0.000144945373730411,1066,
PPARA,SREBF2,TF_target,-1,0.210768571542756,3.60954164995112e-12,1066,FALSE
PPARG,NR1H3,TF_target,"",0.252341267985905,6.0154454667126e-17,1066,
RARA,HNF4A,TF_target,"",0.0434000351660029,0.156775236067663,1066,
RB1,E2F3,TF_target,-1,-0.0605017279690869,0.0482849131306354,1066,TRUE
RELA,FOXO3,TF_target,"",-0.0794698883540834,0.00943911653369607,1066,
RELA,NCOR1,TF_target,"",-0.222444425461918,2.03546470076211e-13,1066,
RXRA,HNF4A,TF_target,"",0.0407788996887544,0.183383763960069,1066,
SIRT1,CTNNB1,TF_target,-1,0.30580838072142,1.63661203546978e-24,1066,FALSE
SIRT1,EZH2,TF_target,-1,-0.186491959905342,8.48071144967602e-10,1066,TRUE
SIRT1,FOXO3,TF_target,-1,0.32636945171312,7.06656387383382e-28,1066,FALSE
SIRT1,MYC,TF_target,-1,-0.0763855505712651,0.0126070287510278,1066,TRUE
SIRT1,PPARG,TF_target,-1,-0.0114838886459153,0.708019372195145,1066,TRUE
SOX10,MITF,TF_target,"",-0.0372993062991269,0.223678746119496,1066,
SP1,DNMT1,TF_target,"",-0.00666468477073487,0.827938104513385,1066,
SP1,FOXM1,TF_target,1,-0.191541295065539,2.88408945551177e-10,1066,FALSE
SP1,HNF4A,TF_target,"",0.0366315602953829,0.232084806767257,1066,
SP1,NF1,TF_target,"",0.626367686977699,3.16018999640873e-117,1066,
SP1,NFKB2,TF_target,"",-0.394214613967903,5.85340734393514e-41,1066,
SP1,SOX9,TF_target,1,-0.10749367742606,0.000438587981032125,1066,FALSE
SPI1,GATA1,TF_target,1,0.169226131791728,2.71587479557207e-08,1066,TRUE
SREBF2,HNF4A,TF_target,-1,-0.00874240212195221,0.775562183046914,1066,TRUE
STAT3,DNMT1,TF_target,1,0.0287836284038169,0.347798782030562,1066,TRUE
STAT3,TP63,TF_target,1,0.204369582926204,1.62822680116785e-11,1066,TRUE
STAT6,STAT1,TF_target,-1,-0.0918833673783854,0.00267512918112322,1066,TRUE
TCF4,MITF,TF_target,-1,0.658920234095205,9.89787712457516e-134,1066,FALSE
TP53,E2F3,TF_target,-1,0.108894423427927,0.000368334100178465,1066,FALSE
TP53,FOXM1,TF_target,-1,0.034990535967555,0.253687646098734,1066,FALSE
TP53,FOXO3,TF_target,"",0.094011262953388,0.00212173311980032,1066,
TP53,HNF4A,TF_target,-1,0.0559387703659185,0.0679002250083776,1066,FALSE
TP53,TCF7L2,TF_target,-1,0.103317939854331,0.000729136894872715,1066,FALSE
TP53,TP73,TF_target,"",0.029562914074607,0.334896901833883,1066,
VHL,AR,TF_target,1,0.340650289804967,2.26190281032733e-30,1066,TRUE
VHL,HIF1A,TF_target,-1,0.175120674303915,8.64101276058113e-09,1066,FALSE
VHL,TP53,TF_target,"",-0.000647666467334131,0.983148909891551,1066,
XBP1,ESR1,TF_target,1,0.67624558592111,2.18857005891352e-143,1066,TRUE
YY1,NF1,TF_target,1,0.248131884157727,2.0212681866895e-16,1066,TRUE
YY1,TP73,TF_target,1,-0.0867284403680589,0.00460165031994607,1066,FALSE
