source,section,scheme,gene_a,gene_b,rho_all,p_all,n_all,rho_stromal,p_stromal,n_stromal,rho_epithelial,p_epithelial,n_epithelial,pct_detected_a,pct_detected_b
10x_public,V1_Breast_Cancer_Block_A_Section_1,marker_tertile,COL1A1,COL3A1,0.7144406611362304,0.0,3798,0.6360465522212903,1.7652775742271255e-144,1266,0.6473837076014227,2.8102047526388015e-151,1266,0.9913112164296999,0.9689310163243813
10x_public,V1_Breast_Cancer_Block_A_Section_1,marker_tertile,DCN,LUM,0.5252875668678617,1.8131201167626607e-268,3798,0.37022516282539086,2.0796903872166554e-42,1266,0.27177189235075977,7.115822472862227e-23,1266,0.892838335966298,0.9173249078462349
10x_public,V1_Breast_Cancer_Block_A_Section_1,marker_tertile,COL1A2,COL5A1,0.4005493596202798,2.287720990998546e-146,3798,0.40341814619862687,9.753987311941137e-51,1266,0.3586332928115115,1.0137068640280965e-39,1266,0.9918378093733544,0.7037914691943128
10x_public,V1_Breast_Cancer_Block_A_Section_2,marker_tertile,COL1A1,COL3A1,0.6783219611093403,0.0,3985,0.5915011658265096,3.850836263788877e-126,1328,0.606521750546655,2.4699434901071357e-134,1329,0.9899623588456713,0.9636135508155583
10x_public,V1_Breast_Cancer_Block_A_Section_2,marker_tertile,DCN,LUM,0.45049674319903676,1.815962239591212e-198,3985,0.3598845521621078,6.972096341418886e-42,1328,0.19125768492210865,2.0531665166400222e-12,1329,0.8496863237139273,0.9001254705144291
10x_public,V1_Breast_Cancer_Block_A_Section_2,marker_tertile,COL1A2,COL5A1,0.3752100414843521,1.9640211226676924e-133,3985,0.3817742815539926,2.4956886254430957e-47,1328,0.29855127813596993,9.131456761404474e-29,1329,0.9892095357590966,0.6112923462986198
10x_public,Visium_FFPE_Human_Breast_Cancer,marker_tertile,COL1A1,COL3A1,0.9491038929956893,0.0,2516,0.8837204655012877,3.173212104173647e-278,839,0.8720597198382034,5.598690435126797e-262,839,1.0,0.9988076311605724
10x_public,Visium_FFPE_Human_Breast_Cancer,marker_tertile,DCN,LUM,0.8168914119970248,0.0,2516,0.5641576690789202,1.1316286692633875e-71,839,0.4916747634209955,2.8188955760035418e-52,839,0.9741653418124007,0.9531001589825119
10x_public,Visium_FFPE_Human_Breast_Cancer,marker_tertile,COL1A2,COL5A1,0.7431664537807443,0.0,2516,0.604785060760179,7.937302194477391e-85,839,0.5592784692394347,3.258341842311898e-70,839,0.9996025437201908,0.8493640699523053
Wu2021,1142243F,marker_tertile,COL1A1,COL3A1,0.6176758889339244,0.0,4755,0.6187603592003783,3.9484139752895696e-168,1585,0.4449603441518075,6.473371714350479e-78,1585,0.9652996845425867,0.8778128286014721
Wu2021,1142243F,marker_tertile,DCN,LUM,0.3246960353706615,3.6771043247902556e-117,4755,0.3127510069280466,2.639967205171158e-37,1585,0.11429683052137832,5.072696092770821e-06,1585,0.5322818086225026,0.5606729758149317
Wu2021,1142243F,marker_tertile,COL1A2,COL5A1,0.3137603112694093,4.0217825635472145e-109,4755,0.31755248337981695,1.819847364228841e-38,1585,0.17644964709357688,1.4959852059921063e-12,1585,0.9449001051524711,0.3760252365930599
Wu2021,1160920F,marker_tertile,COL1A1,COL3A1,0.545012550709435,0.0,4890,0.4331285915107941,1.6249114527846138e-75,1630,0.408732533357097,1.1531509525743699e-66,1630,0.867280163599182,0.7642126789366053
Wu2021,1160920F,marker_tertile,DCN,LUM,0.28617355890294954,8.09634213379596e-93,4890,0.16768754426298918,9.545427570246353e-12,1630,0.12906465775101356,1.707563826911451e-07,1630,0.45848670756646215,0.49447852760736194
Wu2021,1160920F,marker_tertile,COL1A2,COL5A1,0.26459690074775094,3.9153818553346565e-79,4890,0.24008457452437712,8.38908139135126e-23,1630,0.18601044343398124,3.725188614757229e-14,1630,0.8408997955010225,0.26993865030674846
Wu2021,CID4290,marker_tertile,COL1A1,COL3A1,0.6382793878656586,2.03568034758256e-278,2432,0.6975145991655133,3.222703540479978e-119,811,0.41704694478924187,1.814879879071806e-35,811,0.993421052631579,0.9580592105263158
Wu2021,CID4290,marker_tertile,DCN,LUM,0.3961557920998247,3.3783038822209064e-92,2432,0.4022543473089506,6.806639161211265e-33,811,0.15118184530429093,1.5350377684993686e-05,811,0.9004934210526315,0.920641447368421
Wu2021,CID4290,marker_tertile,COL1A2,COL5A1,0.32964485855153736,9.748240707474078e-63,2432,0.3903971952349945,6.376291911728751e-31,811,0.14188510000035168,5.0153312406845326e-05,811,0.9971217105263158,0.680921052631579
Wu2021,CID4465,marker_tertile,COL1A1,COL3A1,0.7450514099393036,7.275150851007102e-215,1211,0.5504843122856536,2.198020287648901e-33,404,0.7336607275285014,1.894120989640787e-69,404,1.0,0.9991742361684558
Wu2021,CID4465,marker_tertile,DCN,LUM,0.6103443998840177,1.6729097673575245e-124,1211,0.46615000623304675,3.4703140146837305e-23,404,0.4105828655383889,7.329930916644327e-18,404,0.9900908340214699,0.9892650701899257
Wu2021,CID4465,marker_tertile,COL1A2,COL5A1,0.44404964555843307,1.130890434273962e-59,1211,0.25973047841926167,1.1869555297777446e-07,404,0.4169310678939541,2.0198471591748716e-18,404,0.9991742361684558,0.9322873658133773
Wu2021,CID44971,marker_tertile,COL1A1,COL3A1,0.6127887988278202,9.69226752664127e-121,1162,0.6327104257423303,1.135605840446991e-44,387,0.3493754507965177,1.3988479561147163e-12,388,0.9182444061962134,0.9139414802065404
Wu2021,CID44971,marker_tertile,DCN,LUM,0.3856865609337814,1.633737198272227e-42,1162,0.130564825784615,0.01013411475861516,387,0.25016610088252467,5.994681823541768e-07,388,0.8442340791738382,0.6695352839931153
Wu2021,CID44971,marker_tertile,COL1A2,COL5A1,0.25899284196103817,2.895766678646372e-19,1162,0.3038115865076514,1.046342312981836e-09,387,-0.036422867312899516,0.4743805166657421,388,0.9397590361445783,0.4819277108433735
Wu2021,CID44971,author_annotation,COL1A1,COL3A1,0.6127887988278202,9.69226752664127e-121,1162,0.3908544167813526,1.7747305772236805e-10,248,0.8050842036521345,1.7223065781195846e-135,590,0.9182444061962134,0.9139414802065404
Wu2021,CID44971,author_annotation,DCN,LUM,0.3856865609337814,1.633737198272227e-42,1162,-0.010009317357946844,0.8753753004578055,248,0.6499164290155194,4.2025175149329494e-72,590,0.8442340791738382,0.6695352839931153
Wu2021,CID44971,author_annotation,COL1A2,COL5A1,0.25899284196103817,2.895766678646372e-19,1162,-0.00203256019149982,0.9745939752871711,248,0.45416078083341166,2.302265595895097e-31,590,0.9397590361445783,0.4819277108433735
Wu2021,CID4535,marker_tertile,COL1A1,COL3A1,0.6182032149974361,8.836118729695748e-120,1127,0.6385931616012127,1.8186595447303996e-44,376,0.11890381934443617,0.021102773603924447,376,0.8553682342502218,0.7994676131322094
Wu2021,CID4535,marker_tertile,DCN,LUM,0.5071861202410718,1.0544264662571789e-74,1127,0.5166231096839035,4.8362365618023655e-27,376,0.08461579751702851,0.10137219199521257,376,0.7036379769299024,0.6060337178349601
Wu2021,CID4535,marker_tertile,COL1A2,COL5A1,0.42466220289389495,1.4657816178324946e-50,1127,0.46830759631438607,6.822701634681388e-22,376,0.1186853665031102,0.021342304703049455,376,0.8660159716060337,0.3682342502218279
Wu2021,CID4535,author_annotation,COL1A1,COL3A1,0.6182032149974361,8.836118729695748e-120,1127,0.6959266140357345,8.489060725104866e-26,169,0.5351255477639326,6.361684261887644e-59,779,0.8553682342502218,0.7994676131322094
Wu2021,CID4535,author_annotation,DCN,LUM,0.5071861202410718,1.0544264662571789e-74,1127,0.6134781127594457,7.502851687351446e-19,169,0.4270237612317002,7.182401141273603e-36,779,0.7036379769299024,0.6060337178349601
Wu2021,CID4535,author_annotation,COL1A2,COL5A1,0.42466220289389495,1.4657816178324946e-50,1127,0.5538152731353619,5.718266851892827e-15,169,0.33964008455300126,1.7421634047294388e-22,779,0.8660159716060337,0.3682342502218279
