signature,n_module,n_ref,n_overlap,expected,fold,p_hyper,p_depletion,q_BH
FFL_3node,43,204,34,24.0989010989011,1.41085271317829,0.000765016325984997,0.999791111739365,0.0267755714094749
CHANG_CSR_LATE_UP,43,7,4,0.826923076923077,4.83720930232558,0.00457622315969588,0.999675564577668,0.0417348377828596
FFL_4node,43,239,36,28.2335164835165,1.27508027634524,0.00476969574661252,0.998565383678778,0.0417348377828596
FFL_5node,43,239,36,28.2335164835165,1.27508027634524,0.00476969574661252,0.998565383678778,0.0417348377828596
FFL_6node_all,43,308,41,36.3846153846154,1.12684989429175,0.0228088414110783,0.9953408777425,0.159661889877548
ESTIMATE_STROMAL_noCOL,43,10,3,1.18131868131868,2.53953488372093,0.102015695739233,0.979036024527658,0.501572150771823
MS_exemplar_module,43,5,2,0.590659340659341,3.38604651162791,0.108219104729718,0.986980941190396,0.501572150771823
CHANG_WOUND_UP_SORLIE,43,1,1,0.118131868131868,8.46511627906977,0.118131868131868,1,0.501572150771823
ESTIMATE_STROMAL,43,11,3,1.29945054945055,2.30866807610994,0.128975695912755,0.969877638056823,0.501572150771823
CHANG_WOUND_UP_VANTVEER,43,3,1,0.354395604395604,2.82170542635659,0.314939204441967,0.962091650188084,1
CHANG_WOUND_DN_VANTVEER,43,3,1,0.354395604395604,2.82170542635659,0.314939204441967,0.962091650188084,1
MAMMOSPHERE,43,4,1,0.472527472527473,2.11627906976744,0.396539243802065,0.929860913638328,1
CHANG_CSR_EARLY_UP,43,12,2,1.41758241758242,1.41085271317829,0.424996568189666,0.841807029741186,1
TRIULZI_ECM,43,26,3,3.07142857142857,0.976744186046512,0.615629328127793,0.630985472935751,1
HALLMARK_ANGIOGENESIS,43,8,1,0.945054945054945,1.05813953488372,0.63801765660293,0.7585489871187,1
WEST_DTF_FIBROMATOSIS,43,9,1,1.06318681318681,0.940568475452196,0.681740243024487,0.711763034769519,1
WEST_SFT,43,9,1,1.06318681318681,0.940568475452196,0.681740243024487,0.711763034769519,1
HALLMARK_TGF_BETA,43,12,1,1.41758241758242,0.705426356589147,0.784199680555443,0.575003431810334,1
HALLMARK_EMT,43,47,4,5.5521978021978,0.720435428005938,0.840195255429206,0.318221141484427,1
FARMER_TGFBETA_TARGETS,43,17,1,2.00824175824176,0.497948016415869,0.887953466397945,0.380590848563044,1
NABA_CORE_MATRISOME,43,17,1,2.00824175824176,0.497948016415869,0.887953466397945,0.380590848563044,1
FARMER_WNT,43,18,1,2.12637362637363,0.470284237726098,0.90183819534575,0.34808692571474,1
FFL_higher_order_only,43,104,7,12.2857142857143,0.569767441860465,0.985047667855898,0.0382695803030376,1
FARMER_STROMAL,43,13,0,1.53571428571429,0,1,0.189438348603318,1
FINAK_REF_STROMA_I,43,1,0,0.118131868131868,0,1,0.881868131868132,1
FINAK_REF_EPITHELIUM_E,43,1,0,0.118131868131868,0,1,0.881868131868132,1
WINSLOW_STROMAL_SIG1,43,7,0,0.826923076923077,0,1,0.411553173862273,1
FARMER_EMT,43,11,0,1.29945054945055,0,1,0.245733912141705,1
FINAK_SDPP,43,3,0,0.354395604395604,0,1,0.685060795558033,1
FARMER2005_STROMAL_CLUSTER4,43,6,0,0.708791208791209,0,1,0.467733448389504,1
NABA_COLLAGENS,43,4,0,0.472527472527473,0,1,0.603460756197935,1
ESTIMATE_IMMUNE,43,5,0,0.590659340659341,0,1,0.531380721429848,1
CAF_scRNA_50,43,0,0,0,,1,1,1
CAF_MARKER_PANEL,43,3,0,0.354395604395604,0,1,0.685060795558033,1
COLLAGEN_PAIR,43,2,0,0.236263736263736,0,1,0.77740441376805,1
