source	target	edge_type	sign	sign_source	evidence_tier	layer	n_ffl
AR	CTNNB1	TF_target	1	TRRUST		census layer: TRRUST TF-target	17
AR	FN1	TF_target		unannotated (excluded from sign-dependent analyses)		analysed network	37
AR	JUN	TF_target	1	TRRUST		census layer: TRRUST TF-target	24
AR	NFKB1	TF_target	-1	TRRUST		census layer: TRRUST TF-target	49
AR	RELA	TF_target	-1	TRRUST		census layer: TRRUST TF-target	49
AR	REST	TF_target	-1	TRRUST		census layer: TRRUST TF-target	2
AR	hsa-let-7a	TF_miRNA	1	TransmiR		analysed network	9
AR	hsa-miR-145	TF_miRNA	-1	TransmiR		analysed network	3
AR	hsa-miR-17	TF_miRNA	1	TransmiR		analysed network	11
AR	hsa-miR-182	TF_miRNA	1	TransmiR		analysed network	15
AR	hsa-miR-18a	TF_miRNA	1	TransmiR		analysed network	10
AR	hsa-miR-19a	TF_miRNA	1	TransmiR		analysed network	16
AR	hsa-miR-20a	TF_miRNA	1	TransmiR		analysed network	11
AR	hsa-miR-27a	TF_miRNA	1	TransmiR		analysed network	5
AR	hsa-miR-539	TF_miRNA	1	TransmiR		analysed network	14
AR	hsa-miR-92a	TF_miRNA	1	TransmiR		analysed network	10
BCL2L1	HRK	gene_gene		unsigned (STRING association)		census layer: STRING gene-gene	127
BCL6	BCL2L1	TF_target	-1	TRRUST		analysed network	9
BCL6	STAT3	TF_target		unannotated (excluded from sign-dependent analyses)		census layer: TRRUST TF-target	9
BMP7	FST	gene_gene		unsigned (STRING association)		census layer: STRING gene-gene	10
BRCA1	ESR1	TF_target	1	TRRUST		census layer: TRRUST TF-target	2
BRCA1	FST	TF_target	1	TRRUST		analysed network	2
CAV1	ITGB1	gene_gene		unsigned (STRING association)		census layer: STRING gene-gene	14
CAV1	TLR4	gene_gene		unsigned (STRING association)		census layer: STRING gene-gene	31
CD44	FN1	gene_gene		unsigned (STRING association)		census layer: STRING gene-gene	18
CD44	HBEGF	gene_gene		unsigned (STRING association)		census layer: STRING gene-gene	23
CD44	MET	gene_gene		unsigned (STRING association)		census layer: STRING gene-gene	10
CD44	MMP2	gene_gene		unsigned (STRING association)		census layer: STRING gene-gene	18
CD44	SPP1	gene_gene		unsigned (STRING association)		census layer: STRING gene-gene	1
CD44	TLR4	gene_gene		unsigned (STRING association)		census layer: STRING gene-gene	11
CD44	VCAM1	gene_gene		unsigned (STRING association)		census layer: STRING gene-gene	1
CEBPA	FN1	TF_target		unannotated (excluded from sign-dependent analyses)		analysed network	38
CEBPA	IL6	TF_target		unannotated (excluded from sign-dependent analyses)		analysed network	2
CEBPA	MYC	TF_target	-1	TRRUST		census layer: TRRUST TF-target	44
CEBPA	SPP1	TF_target	1	TRRUST		analysed network	4
COL1A1	COL3A1	gene_gene		unannotated (excluded from sign-dependent analyses)		analysed network	7
CTNNB1	AR	TF_target		unannotated (excluded from sign-dependent analyses)		census layer: TRRUST TF-target	17
CTNNB1	CD44	TF_target		unannotated (excluded from sign-dependent analyses)		analysed network	12
CTNNB1	FST	TF_target		unannotated (excluded from sign-dependent analyses)		analysed network	1
CTNNB1	MMP14	TF_target	1	TRRUST		analysed network	2
CTNNB1	hsa-miR-372	TF_miRNA	1	TransmiR		analysed network	1
CTNNB1	hsa-miR-373	TF_miRNA	1	TransmiR		analysed network	1
CXCL12	CXCR5	gene_gene		unsigned (STRING association)		census layer: STRING gene-gene	6
CYLD	SQSTM1	gene_gene		unsigned (STRING association)		census layer: STRING gene-gene	19
DNMT1	HDAC1	TF_target		unannotated (excluded from sign-dependent analyses)		census layer: TRRUST TF-target	6
DNMT1	TP53	TF_target		unannotated (excluded from sign-dependent analyses)		census layer: TRRUST TF-target	5
DNMT1	hsa-miR-200b	TF_miRNA	-1	TransmiR		analysed network	4
DNMT1	hsa-miR-23b	TF_miRNA	-1	TransmiR		analysed network	1
DNMT1	hsa-miR-27b	TF_miRNA	-1	TransmiR		analysed network	2
DNMT1	hsa-miR-429	TF_miRNA	-1	TransmiR		analysed network	4
E2F1	MAP1LC3A	TF_target	1	TRRUST		analysed network	4
E2F1	THBS1	TF_target	1	TRRUST		analysed network	4
E2F1	TP53	TF_target		unannotated (excluded from sign-dependent analyses)		census layer: TRRUST TF-target	24
E2F1	TP73	TF_target	1	TRRUST		census layer: TRRUST TF-target	2
E2F1	hsa-miR-106a	TF_miRNA		unannotated (excluded from sign-dependent analyses)		analysed network	1
E2F1	hsa-miR-106b	TF_miRNA	1	TransmiR		analysed network	1
E2F1	hsa-miR-17	TF_miRNA	1	TransmiR		analysed network	1
E2F1	hsa-miR-18a	TF_miRNA	1	TransmiR		analysed network	2
E2F1	hsa-miR-18b	TF_miRNA		unannotated (excluded from sign-dependent analyses)		analysed network	1
E2F1	hsa-miR-19a	TF_miRNA	1	TransmiR		analysed network	2
E2F1	hsa-miR-19b	TF_miRNA	1	TransmiR		analysed network	3
E2F1	hsa-miR-20a	TF_miRNA	1	TransmiR		analysed network	1
E2F1	hsa-miR-20b	TF_miRNA		unannotated (excluded from sign-dependent analyses)		analysed network	1
E2F1	hsa-miR-27b	TF_miRNA		unannotated (excluded from sign-dependent analyses)		analysed network	1
E2F1	hsa-miR-29a	TF_miRNA	1	TransmiR		analysed network	2
E2F1	hsa-miR-519d	TF_miRNA	-1	TransmiR		analysed network	1
E2F1	hsa-miR-93	TF_miRNA		unannotated (excluded from sign-dependent analyses)		analysed network	1
EGR1	FN1	TF_target	1	TRRUST		analysed network	48
EGR1	IL6	TF_target	-1	TRRUST		analysed network	2
EGR1	MMP14	TF_target	1	TRRUST		analysed network	9
EGR1	NFKB1	TF_target		unannotated (excluded from sign-dependent analyses)		census layer: TRRUST TF-target	68
EGR1	PLAU	TF_target	1	TRRUST		analysed network	4
EGR1	TGFBR2	TF_target		unannotated (excluded from sign-dependent analyses)		analysed network	7
EGR1	TP53	TF_target	1	TRRUST		census layer: TRRUST TF-target	61
EGR1	hsa-miR-106a	TF_miRNA		unannotated (excluded from sign-dependent analyses)		analysed network	4
EGR1	hsa-miR-130b	TF_miRNA		unannotated (excluded from sign-dependent analyses)		analysed network	5
EGR1	hsa-miR-132	TF_miRNA		unannotated (excluded from sign-dependent analyses)		analysed network	1
EGR1	hsa-miR-181c	TF_miRNA	1	TransmiR		analysed network	7
EGR1	hsa-miR-181d	TF_miRNA	1	TransmiR		analysed network	7
EGR1	hsa-miR-183	TF_miRNA		unannotated (excluded from sign-dependent analyses)		analysed network	7
EGR1	hsa-miR-200b	TF_miRNA		unannotated (excluded from sign-dependent analyses)		analysed network	4
EGR1	hsa-miR-20b	TF_miRNA	1	TransmiR		analysed network	4
EGR1	hsa-miR-212	TF_miRNA		unannotated (excluded from sign-dependent analyses)		analysed network	1
EGR1	hsa-miR-27a	TF_miRNA		unannotated (excluded from sign-dependent analyses)		analysed network	2
EGR1	hsa-miR-301b	TF_miRNA		unannotated (excluded from sign-dependent analyses)		analysed network	5
EGR1	hsa-miR-30c	TF_miRNA		unannotated (excluded from sign-dependent analyses)		analysed network	2
EGR1	hsa-miR-30e	TF_miRNA		unannotated (excluded from sign-dependent analyses)		analysed network	2
EGR1	hsa-miR-96	TF_miRNA		unannotated (excluded from sign-dependent analyses)		analysed network	8
EP300	IL6	TF_target		unannotated (excluded from sign-dependent analyses)		analysed network	2
EP300	MYC	TF_target	-1	TRRUST		census layer: TRRUST TF-target	10
EP300	VCAM1	TF_target	1	TRRUST		analysed network	8
ESR1	BRCA1	TF_target		unannotated (excluded from sign-dependent analyses)		census layer: TRRUST TF-target	2
ESR1	CXCL12	TF_target		unannotated (excluded from sign-dependent analyses)		analysed network	2
ESR1	RUNX2	TF_target		unannotated (excluded from sign-dependent analyses)		census layer: TRRUST TF-target	4
ESR1	SP1	TF_target		unannotated (excluded from sign-dependent analyses)		census layer: TRRUST TF-target	31
ESR1	TP53	TF_target	-1	TRRUST		census layer: TRRUST TF-target	15
ESR1	hsa-miR-106a	TF_miRNA	1	TransmiR		analysed network	5
ESR1	hsa-miR-143	TF_miRNA	1	TransmiR		analysed network	2
ESR1	hsa-miR-145	TF_miRNA	1	TransmiR		analysed network	2
ESR1	hsa-miR-17	TF_miRNA	1	TransmiR		analysed network	5
ESR1	hsa-miR-181a	TF_miRNA	-1	TransmiR		analysed network	9
ESR1	hsa-miR-18a	TF_miRNA	1	TransmiR		analysed network	2
ESR1	hsa-miR-18b	TF_miRNA	1	TransmiR		analysed network	1
ESR1	hsa-miR-19a	TF_miRNA	1	TransmiR		analysed network	4
ESR1	hsa-miR-19b	TF_miRNA	1	TransmiR		analysed network	5
ESR1	hsa-miR-20a	TF_miRNA	1	TransmiR		analysed network	5
ESR1	hsa-miR-20b	TF_miRNA	1	TransmiR		analysed network	5
ESR1	hsa-miR-363	TF_miRNA	1	TransmiR		analysed network	2
ESR1	hsa-miR-497	TF_miRNA	1	TransmiR		analysed network	1
ESR1	hsa-miR-92a	TF_miRNA	1	TransmiR		analysed network	2
ETS1	SQSTM1	TF_target		unannotated (excluded from sign-dependent analyses)		analysed network	2
ETS1	TFAP2A	TF_target	1	TRRUST		census layer: TRRUST TF-target	5
ETS1	TGFBR2	TF_target	1	TRRUST		analysed network	1
ETS1	hsa-miR-181b	TF_miRNA	-1	TransmiR		analysed network	1
ETS1	hsa-miR-181c	TF_miRNA	-1	TransmiR		analysed network	1
EZH2	TP53	TF_target	-1	TRRUST		census layer: TRRUST TF-target	6
EZH2	hsa-miR-181b	TF_miRNA	-1	TransmiR		analysed network	1
EZH2	hsa-miR-200b	TF_miRNA	-1	TransmiR		analysed network	2
EZH2	hsa-miR-27a	TF_miRNA	-1	TransmiR		analysed network	1
EZH2	hsa-miR-429	TF_miRNA	-1	TransmiR		analysed network	2
F8	FN1	gene_gene		unsigned (STRING association)		census layer: STRING gene-gene	17
FBN1	FN1	gene_gene		unsigned (STRING association)		census layer: STRING gene-gene	33
FBN1	LTBP1	gene_gene		unsigned (STRING association)		census layer: STRING gene-gene	7
FN1	ITGA5	gene_gene		unsigned (STRING association)		census layer: STRING gene-gene	7
FN1	ITGB1	gene_gene		unsigned (STRING association)		census layer: STRING gene-gene	20
FN1	POSTN	gene_gene		unsigned (STRING association)		census layer: STRING gene-gene	11
FN1	SPP1	gene_gene		unsigned (STRING association)		census layer: STRING gene-gene	6
FN1	THBS1	gene_gene		unsigned (STRING association)		census layer: STRING gene-gene	160
FN1	TLR4	gene_gene		unsigned (STRING association)		census layer: STRING gene-gene	34
FN1	VCAM1	gene_gene		unsigned (STRING association)		census layer: STRING gene-gene	29
FOSB	FOSL1	gene_gene		unsigned (STRING association)		census layer: STRING gene-gene	1
GATA3	NFKB1	TF_target		unannotated (excluded from sign-dependent analyses)		census layer: TRRUST TF-target	16
GATA3	RELA	TF_target		unannotated (excluded from sign-dependent analyses)		census layer: TRRUST TF-target	16
GATA3	hsa-miR-200b	TF_miRNA	-1	TransmiR		analysed network	4
GATA3	hsa-miR-29b	TF_miRNA	1	TransmiR		analysed network	28
HDAC1	CD44	TF_target	-1	TRRUST		analysed network	19
HDAC1	DNMT1	TF_target		unannotated (excluded from sign-dependent analyses)		census layer: TRRUST TF-target	6
HDAC1	NFKB1	TF_target		unannotated (excluded from sign-dependent analyses)		census layer: TRRUST TF-target	27
HDAC1	SMAD7	TF_target		unannotated (excluded from sign-dependent analyses)		analysed network	2
HDAC1	SPP1	TF_target	-1	TRRUST		analysed network	8
HDAC1	hsa-miR-200b	TF_miRNA	-1	TransmiR		analysed network	2
HDAC1	hsa-miR-429	TF_miRNA	-1	TransmiR		analysed network	2
HDAC2	BMP7	TF_target	-1	TRRUST		analysed network	7
HDAC2	MYC	TF_target		unannotated (excluded from sign-dependent analyses)		census layer: TRRUST TF-target	8
HDAC2	MYCN	TF_target		unannotated (excluded from sign-dependent analyses)		census layer: TRRUST TF-target	22
HDAC2	TGFBR2	TF_target	-1	TRRUST		analysed network	7
HDAC2	hsa-miR-182	TF_miRNA	-1	TransmiR		analysed network	4
HDAC2	hsa-miR-183	TF_miRNA	-1	TransmiR		analysed network	4
HDAC2	hsa-miR-200b	TF_miRNA	-1	TransmiR		analysed network	2
HDAC2	hsa-miR-429	TF_miRNA	-1	TransmiR		analysed network	2
HDAC2	hsa-miR-96	TF_miRNA	-1	TransmiR		analysed network	4
HIF1A	MET	TF_target	1	TRRUST		analysed network	2
HIF1A	MMP2	TF_target		unannotated (excluded from sign-dependent analyses)		analysed network	2
HIF1A	PLAU	TF_target		unannotated (excluded from sign-dependent analyses)		analysed network	3
HIF1A	SERPINE1	TF_target		unannotated (excluded from sign-dependent analyses)		analysed network	2
HIF1A	STAT3	TF_target		unannotated (excluded from sign-dependent analyses)		census layer: TRRUST TF-target	27
HIF1A	VHL	TF_target		unannotated (excluded from sign-dependent analyses)		census layer: TRRUST TF-target	1
HIF1A	hsa-miR-181c	TF_miRNA	1	TransmiR		analysed network	2
HIF1A	hsa-miR-20a	TF_miRNA	-1	TransmiR		analysed network	2
HIF1A	hsa-miR-24	TF_miRNA	1	TransmiR		analysed network	2
HIF1A	hsa-miR-27a	TF_miRNA	1	TransmiR		analysed network	1
HIF1A	hsa-miR-29c	TF_miRNA	1	TransmiR		analysed network	4
HIF1A	hsa-miR-372	TF_miRNA	1	TransmiR		analysed network	2
HIF1A	hsa-miR-373	TF_miRNA	1	TransmiR		analysed network	2
HIF1A	hsa-miR-382	TF_miRNA	1	TransmiR		analysed network	3
HIF1A	hsa-miR-497	TF_miRNA	1	TransmiR		analysed network	1
HMGA1	CD44	TF_target	1	TRRUST		analysed network	23
HMGA1	SP1	TF_target		unannotated (excluded from sign-dependent analyses)		census layer: TRRUST TF-target	31
HMGA1	hsa-miR-29a	TF_miRNA	1	TransmiR		analysed network	8
HOXA9	NFKB1	TF_target	-1	TRRUST		census layer: TRRUST TF-target	10
HOXA9	VCAM1	TF_target		unannotated (excluded from sign-dependent analyses)		analysed network	10
IL1R1	IL6	gene_gene		unsigned (STRING association)		census layer: STRING gene-gene	24
IL1R1	MYD88	gene_gene		unsigned (STRING association)		census layer: STRING gene-gene	2
IRAK2	MYD88	gene_gene		unsigned (STRING association)		census layer: STRING gene-gene	5
ITGA5	ITGB1	gene_gene		unsigned (STRING association)		census layer: STRING gene-gene	1
ITGB1	SPP1	gene_gene		unsigned (STRING association)		census layer: STRING gene-gene	9
ITGB1	VCAM1	gene_gene		unsigned (STRING association)		census layer: STRING gene-gene	14
JUN	AR	TF_target	-1	TRRUST		census layer: TRRUST TF-target	24
JUN	BCL2L1	TF_target		unannotated (excluded from sign-dependent analyses)		analysed network	5
JUN	FOSL1	TF_target	1	TRRUST		analysed network	1
JUN	IL6	TF_target	1	TRRUST		analysed network	1
JUN	PLAU	TF_target		unannotated (excluded from sign-dependent analyses)		analysed network	1
JUN	SMAD7	TF_target	1	TRRUST		analysed network	9
JUN	VCAM1	TF_target	1	TRRUST		analysed network	2
JUN	hsa-miR-106b	TF_miRNA	1	TransmiR		analysed network	1
JUN	hsa-miR-18b	TF_miRNA	1	TransmiR		analysed network	1
JUN	hsa-miR-221	TF_miRNA	1	TransmiR		analysed network	1
JUN	hsa-miR-222	TF_miRNA	1	TransmiR		analysed network	1
JUN	hsa-miR-93	TF_miRNA	1	TransmiR		analysed network	1
LTBP1	TGFB2	gene_gene		unsigned (STRING association)		census layer: STRING gene-gene	5
MAP1LC3A	SQSTM1	gene_gene		unsigned (STRING association)		census layer: STRING gene-gene	4
MET	SHC1	gene_gene		unsigned (STRING association)		census layer: STRING gene-gene	18
MMP14	MMP2	gene_gene		unsigned (STRING association)		census layer: STRING gene-gene	57
MYC	CEBPA	TF_target	-1	TRRUST		analysed network	44
MYC	EP300	TF_target		unannotated (excluded from sign-dependent analyses)		census layer: TRRUST TF-target	10
MYC	HDAC2	TF_target	1	TRRUST		census layer: TRRUST TF-target	8
MYC	IL6	TF_target		unannotated (excluded from sign-dependent analyses)		analysed network	4
MYC	TLX1	TF_target		unannotated (excluded from sign-dependent analyses)		census layer: TRRUST TF-target	2
MYC	TP53	TF_target	1	TRRUST		census layer: TRRUST TF-target	27
MYC	hsa-let-7a	TF_miRNA	-1	TransmiR		analysed network	3
MYC	hsa-let-7b	TF_miRNA	-1	TransmiR		analysed network	1
MYC	hsa-let-7d	TF_miRNA	-1	TransmiR		analysed network	2
MYC	hsa-let-7f	TF_miRNA	-1	TransmiR		analysed network	2
MYC	hsa-miR-106a	TF_miRNA		unannotated (excluded from sign-dependent analyses)		analysed network	2
MYC	hsa-miR-106b	TF_miRNA	-1	TransmiR		analysed network	2
MYC	hsa-miR-17	TF_miRNA		unannotated (excluded from sign-dependent analyses)		analysed network	2
MYC	hsa-miR-18a	TF_miRNA	1	TransmiR		analysed network	4
MYC	hsa-miR-18b	TF_miRNA	1	TransmiR		analysed network	2
MYC	hsa-miR-19a	TF_miRNA	1	TransmiR		analysed network	7
MYC	hsa-miR-19b	TF_miRNA	1	TransmiR		analysed network	9
MYC	hsa-miR-20a	TF_miRNA		unannotated (excluded from sign-dependent analyses)		analysed network	2
MYC	hsa-miR-20b	TF_miRNA	-1	TransmiR		analysed network	2
MYC	hsa-miR-221	TF_miRNA		unannotated (excluded from sign-dependent analyses)		analysed network	1
MYC	hsa-miR-222	TF_miRNA	-1	TransmiR		analysed network	1
MYC	hsa-miR-27a	TF_miRNA		unannotated (excluded from sign-dependent analyses)		analysed network	1
MYC	hsa-miR-29a	TF_miRNA	-1	TransmiR		analysed network	8
MYC	hsa-miR-29b	TF_miRNA	-1	TransmiR		analysed network	16
MYC	hsa-miR-29c	TF_miRNA	-1	TransmiR		analysed network	8
MYC	hsa-miR-30b	TF_miRNA	-1	TransmiR		analysed network	1
MYC	hsa-miR-30d	TF_miRNA	-1	TransmiR		analysed network	1
MYC	hsa-miR-372	TF_miRNA	1	TransmiR		analysed network	2
MYC	hsa-miR-373	TF_miRNA	1	TransmiR		analysed network	2
MYC	hsa-miR-92a	TF_miRNA	1	TransmiR		analysed network	4
MYC	hsa-miR-93	TF_miRNA	-1	TransmiR		analysed network	2
MYCN	CD44	TF_target	1	TRRUST		analysed network	14
MYCN	HDAC2	TF_target	1	TRRUST		census layer: TRRUST TF-target	22
MYCN	NGFR	TF_target	-1	TRRUST		analysed network	2
MYCN	hsa-miR-182	TF_miRNA	-1	TransmiR		analysed network	1
MYCN	hsa-miR-363	TF_miRNA	1	TransmiR		analysed network	2
MYCN	hsa-miR-92a	TF_miRNA	1	TransmiR		analysed network	2
MYCN	hsa-miR-96	TF_miRNA	-1	TransmiR		analysed network	1
MYD88	TLR4	gene_gene		unsigned (STRING association)		census layer: STRING gene-gene	7
NFKB1	AR	TF_target	-1	TRRUST		census layer: TRRUST TF-target	49
NFKB1	BCL2L1	TF_target		unannotated (excluded from sign-dependent analyses)		analysed network	21
NFKB1	COL1A1	TF_target		unannotated (excluded from sign-dependent analyses)		analysed network	3
NFKB1	CXCL12	TF_target	1	TRRUST		analysed network	2
NFKB1	EGR1	TF_target	-1	TRRUST		census layer: TRRUST TF-target	68
NFKB1	F8	TF_target		unannotated (excluded from sign-dependent analyses)		analysed network	12
NFKB1	FN1	TF_target	1	TRRUST		analysed network	66
NFKB1	GATA3	TF_target	1	TRRUST		census layer: TRRUST TF-target	16
NFKB1	HDAC1	TF_target		unannotated (excluded from sign-dependent analyses)		census layer: TRRUST TF-target	27
NFKB1	HOXA9	TF_target	-1	TRRUST		census layer: TRRUST TF-target	10
NFKB1	IL6	TF_target		unannotated (excluded from sign-dependent analyses)		analysed network	3
NFKB1	MMP14	TF_target	1	TRRUST		analysed network	10
NFKB1	MMP2	TF_target	1	TRRUST		analysed network	2
NFKB1	OPTN	TF_target	1	TRRUST		analysed network	10
NFKB1	PLAU	TF_target	1	TRRUST		analysed network	7
NFKB1	SERPINE1	TF_target		unannotated (excluded from sign-dependent analyses)		analysed network	2
NFKB1	SQSTM1	TF_target		unannotated (excluded from sign-dependent analyses)		analysed network	15
NFKB1	TP53	TF_target		unannotated (excluded from sign-dependent analyses)		census layer: TRRUST TF-target	85
NFKB1	VCAM1	TF_target	1	TRRUST		analysed network	18
NFKB1	hsa-let-7b	TF_miRNA	1	TransmiR		analysed network	3
NFKB1	hsa-miR-17	TF_miRNA	-1	TransmiR		analysed network	8
NFKB1	hsa-miR-200b	TF_miRNA	1	TransmiR		analysed network	5
NFKB1	hsa-miR-23b	TF_miRNA	-1	TransmiR		analysed network	1
NFKB1	hsa-miR-27b	TF_miRNA	-1	TransmiR		analysed network	2
NFKB1	hsa-miR-29a	TF_miRNA	-1	TransmiR		analysed network	13
NFKB1	hsa-miR-29b	TF_miRNA	-1	TransmiR		analysed network	26
NFKB1	hsa-miR-29c	TF_miRNA	-1	TransmiR		analysed network	13
NFKB1	hsa-miR-30b	TF_miRNA	-1	TransmiR		analysed network	1
NFKB1	hsa-miR-30c	TF_miRNA	1	TransmiR		analysed network	1
NFKB1	hsa-miR-429	TF_miRNA	1	TransmiR		analysed network	5
NFKB1	hsa-miR-494	TF_miRNA	1	TransmiR		analysed network	6
NGFR	NTF3	gene_gene		unsigned (STRING association)		census layer: STRING gene-gene	2
OPTN	SQSTM1	gene_gene		unsigned (STRING association)		census layer: STRING gene-gene	14
OPTN	UBB	gene_gene		unsigned (STRING association)		census layer: STRING gene-gene	2
PAX5	MET	TF_target	1	TRRUST		analysed network	2
PAX5	TP53	TF_target		unannotated (excluded from sign-dependent analyses)		census layer: TRRUST TF-target	2
PLAU	SERPINE1	gene_gene		unsigned (STRING association)		census layer: STRING gene-gene	30
RELA	AR	TF_target	-1	TRRUST		census layer: TRRUST TF-target	49
RELA	BCL2L1	TF_target		unannotated (excluded from sign-dependent analyses)		analysed network	18
RELA	COL1A1	TF_target		unannotated (excluded from sign-dependent analyses)		analysed network	3
RELA	CXCL12	TF_target	1	TRRUST		analysed network	2
RELA	F8	TF_target		unannotated (excluded from sign-dependent analyses)		analysed network	5
RELA	FN1	TF_target	1	TRRUST		analysed network	58
RELA	GATA3	TF_target	1	TRRUST		census layer: TRRUST TF-target	16
RELA	IL6	TF_target		unannotated (excluded from sign-dependent analyses)		analysed network	3
RELA	MMP14	TF_target	1	TRRUST		analysed network	8
RELA	OPTN	TF_target	1	TRRUST		analysed network	6
RELA	PLAU	TF_target	1	TRRUST		analysed network	3
RELA	TP53	TF_target		unannotated (excluded from sign-dependent analyses)		census layer: TRRUST TF-target	87
RELA	VCAM1	TF_target	1	TRRUST		analysed network	11
RELA	hsa-miR-132	TF_miRNA	1	TransmiR		analysed network	1
RELA	hsa-miR-17	TF_miRNA	1	TransmiR		analysed network	2
RELA	hsa-miR-182	TF_miRNA	1	TransmiR		analysed network	2
RELA	hsa-miR-183	TF_miRNA	1	TransmiR		analysed network	3
RELA	hsa-miR-18a	TF_miRNA	1	TransmiR		analysed network	4
RELA	hsa-miR-19a	TF_miRNA	1	TransmiR		analysed network	5
RELA	hsa-miR-200b	TF_miRNA	1	TransmiR		analysed network	2
RELA	hsa-miR-20a	TF_miRNA	1	TransmiR		analysed network	2
RELA	hsa-miR-212	TF_miRNA	1	TransmiR		analysed network	1
RELA	hsa-miR-221	TF_miRNA	1	TransmiR		analysed network	1
RELA	hsa-miR-222	TF_miRNA	1	TransmiR		analysed network	1
RELA	hsa-miR-27a	TF_miRNA	1	TransmiR		analysed network	1
RELA	hsa-miR-27b	TF_miRNA	1	TransmiR		analysed network	1
RELA	hsa-miR-29c	TF_miRNA	-1	TransmiR		analysed network	4
RELA	hsa-miR-92a	TF_miRNA	1	TransmiR		analysed network	2
RELA	hsa-miR-96	TF_miRNA		unannotated (excluded from sign-dependent analyses)		analysed network	3
REST	AR	TF_target		unannotated (excluded from sign-dependent analyses)		census layer: TRRUST TF-target	2
REST	hsa-miR-132	TF_miRNA	-1	TransmiR		analysed network	1
REST	hsa-miR-212	TF_miRNA		unannotated (excluded from sign-dependent analyses)		analysed network	1
RUNX2	ESR1	TF_target		unannotated (excluded from sign-dependent analyses)		census layer: TRRUST TF-target	4
RUNX2	MMP2	TF_target	1	TRRUST		analysed network	2
RUNX2	PLAU	TF_target		unannotated (excluded from sign-dependent analyses)		analysed network	4
RUNX2	TWIST1	TF_target	1	TRRUST		analysed network	4
RUNX2	hsa-miR-23a	TF_miRNA	-1	TransmiR		analysed network	1
RUNX2	hsa-miR-27a	TF_miRNA	-1	TransmiR		analysed network	1
SCARB1	THBS1	gene_gene		unsigned (STRING association)		census layer: STRING gene-gene	29
SCARB1	THBS2	gene_gene		unsigned (STRING association)		census layer: STRING gene-gene	9
SCARB1	TLR4	gene_gene		unsigned (STRING association)		census layer: STRING gene-gene	7
SMAD6	SMAD7	gene_gene		unsigned (STRING association)		census layer: STRING gene-gene	11
SP1	CAV1	TF_target		unannotated (excluded from sign-dependent analyses)		analysed network	5
SP1	CD44	TF_target	1	TRRUST		analysed network	12
SP1	COL1A1	TF_target		unannotated (excluded from sign-dependent analyses)		analysed network	1
SP1	ESR1	TF_target		unannotated (excluded from sign-dependent analyses)		census layer: TRRUST TF-target	31
SP1	HMGA1	TF_target	1	TRRUST		census layer: TRRUST TF-target	31
SP1	IL6	TF_target	1	TRRUST		analysed network	2
SP1	ITGA5	TF_target	1	TRRUST		analysed network	1
SP1	MMP14	TF_target	1	TRRUST		analysed network	5
SP1	MMP2	TF_target	1	TRRUST		analysed network	1
SP1	PLAU	TF_target		unannotated (excluded from sign-dependent analyses)		analysed network	3
SP1	SERPINE1	TF_target	1	TRRUST		analysed network	1
SP1	SPP1	TF_target		unannotated (excluded from sign-dependent analyses)		analysed network	1
SP1	SQSTM1	TF_target		unannotated (excluded from sign-dependent analyses)		analysed network	4
SP1	TGFBR2	TF_target		unannotated (excluded from sign-dependent analyses)		analysed network	3
SP1	hsa-miR-106a	TF_miRNA		unannotated (excluded from sign-dependent analyses)		analysed network	2
SP1	hsa-miR-132	TF_miRNA	1	TransmiR		analysed network	1
SP1	hsa-miR-17	TF_miRNA		unannotated (excluded from sign-dependent analyses)		analysed network	2
SP1	hsa-miR-182	TF_miRNA	1	TransmiR		analysed network	4
SP1	hsa-miR-200b	TF_miRNA		unannotated (excluded from sign-dependent analyses)		analysed network	1
SP1	hsa-miR-20a	TF_miRNA		unannotated (excluded from sign-dependent analyses)		analysed network	2
SP1	hsa-miR-23a	TF_miRNA	1	TransmiR		analysed network	1
SP1	hsa-miR-23b	TF_miRNA	-1	TransmiR		analysed network	1
SP1	hsa-miR-27a	TF_miRNA	1	TransmiR		analysed network	1
SP1	hsa-miR-29b	TF_miRNA	-1	TransmiR		analysed network	4
SP1	hsa-miR-29c	TF_miRNA	-1	TransmiR		analysed network	2
SP1	hsa-miR-373	TF_miRNA	1	TransmiR		analysed network	1
SP1	hsa-miR-429	TF_miRNA		unannotated (excluded from sign-dependent analyses)		analysed network	1
SPARC	VCAM1	gene_gene		unsigned (STRING association)		census layer: STRING gene-gene	15
SQSTM1	UBB	gene_gene		unsigned (STRING association)		census layer: STRING gene-gene	2
STAT1	IL6	TF_target	-1	TRRUST		analysed network	3
STAT1	SCARB1	TF_target		unannotated (excluded from sign-dependent analyses)		analysed network	45
STAT1	STAT3	TF_target		unannotated (excluded from sign-dependent analyses)		census layer: TRRUST TF-target	20
STAT1	TP53	TF_target	1	TRRUST		census layer: TRRUST TF-target	34
STAT1	hsa-miR-29a	TF_miRNA	1	TransmiR		analysed network	6
STAT3	BCL2L1	TF_target		unannotated (excluded from sign-dependent analyses)		analysed network	16
STAT3	BCL6	TF_target	1	TRRUST		census layer: TRRUST TF-target	9
STAT3	HIF1A	TF_target	1	TRRUST		census layer: TRRUST TF-target	27
STAT3	IL6	TF_target		unannotated (excluded from sign-dependent analyses)		analysed network	2
STAT3	LTBP1	TF_target	-1	TRRUST		analysed network	12
STAT3	MMP14	TF_target		unannotated (excluded from sign-dependent analyses)		analysed network	7
STAT3	MMP2	TF_target		unannotated (excluded from sign-dependent analyses)		analysed network	1
STAT3	MYD88	TF_target		unannotated (excluded from sign-dependent analyses)		analysed network	14
STAT3	STAT1	TF_target	1	TRRUST		census layer: TRRUST TF-target	20
STAT3	TP53	TF_target		unannotated (excluded from sign-dependent analyses)		census layer: TRRUST TF-target	54
STAT3	hsa-let-7d	TF_miRNA	-1	TransmiR		analysed network	2
STAT3	hsa-miR-143	TF_miRNA	1	TransmiR		analysed network	1
STAT3	hsa-miR-17	TF_miRNA	1	TransmiR		analysed network	3
STAT3	hsa-miR-181a	TF_miRNA	1	TransmiR		analysed network	5
STAT3	hsa-miR-181b	TF_miRNA	1	TransmiR		analysed network	5
STAT3	hsa-miR-182	TF_miRNA	1	TransmiR		analysed network	3
STAT3	hsa-miR-183	TF_miRNA	1	TransmiR		analysed network	4
STAT3	hsa-miR-18a	TF_miRNA	1	TransmiR		analysed network	6
STAT3	hsa-miR-19a	TF_miRNA	1	TransmiR		analysed network	7
STAT3	hsa-miR-20a	TF_miRNA	1	TransmiR		analysed network	3
STAT3	hsa-miR-24	TF_miRNA	1	TransmiR		analysed network	4
STAT3	hsa-miR-27b	TF_miRNA	1	TransmiR		analysed network	2
STAT3	hsa-miR-29a	TF_miRNA	1	TransmiR		analysed network	3
STAT3	hsa-miR-29c	TF_miRNA	1	TransmiR		analysed network	3
STAT3	hsa-miR-520d	TF_miRNA	-1	TransmiR		analysed network	2
STAT3	hsa-miR-96	TF_miRNA	1	TransmiR		analysed network	5
TFAP2A	ETS1	TF_target	1	TRRUST		census layer: TRRUST TF-target	5
TFAP2A	MMP2	TF_target		unannotated (excluded from sign-dependent analyses)		analysed network	2
TFAP2A	hsa-miR-19a	TF_miRNA	1	TransmiR		analysed network	1
TFAP2A	hsa-miR-19b	TF_miRNA	1	TransmiR		analysed network	1
TFAP2A	hsa-miR-92a	TF_miRNA	1	TransmiR		analysed network	1
TGFB2	TGFBR2	gene_gene		unsigned (STRING association)		census layer: STRING gene-gene	18
TLX1	MYC	TF_target	1	TRRUST		census layer: TRRUST TF-target	2
TLX1	hsa-miR-19a	TF_miRNA	1	TransmiR		analysed network	1
TLX1	hsa-miR-19b	TF_miRNA	1	TransmiR		analysed network	1
TP53	BCL2L1	TF_target		unannotated (excluded from sign-dependent analyses)		analysed network	58
TP53	CAV1	TF_target	1	TRRUST		analysed network	40
TP53	DNMT1	TF_target		unannotated (excluded from sign-dependent analyses)		census layer: TRRUST TF-target	5
TP53	E2F1	TF_target	-1	TRRUST		census layer: TRRUST TF-target	24
TP53	EGR1	TF_target		unannotated (excluded from sign-dependent analyses)		census layer: TRRUST TF-target	61
TP53	ESR1	TF_target		unannotated (excluded from sign-dependent analyses)		census layer: TRRUST TF-target	15
TP53	EZH2	TF_target		unannotated (excluded from sign-dependent analyses)		census layer: TRRUST TF-target	6
TP53	MET	TF_target	-1	TRRUST		analysed network	14
TP53	MMP2	TF_target	1	TRRUST		analysed network	6
TP53	MYC	TF_target	-1	TRRUST		census layer: TRRUST TF-target	27
TP53	NFKB1	TF_target		unannotated (excluded from sign-dependent analyses)		census layer: TRRUST TF-target	85
TP53	PAX5	TF_target	1	TRRUST		census layer: TRRUST TF-target	2
TP53	RELA	TF_target		unannotated (excluded from sign-dependent analyses)		census layer: TRRUST TF-target	87
TP53	STAT1	TF_target		unannotated (excluded from sign-dependent analyses)		census layer: TRRUST TF-target	34
TP53	STAT3	TF_target	-1	TRRUST		census layer: TRRUST TF-target	54
TP53	THBS1	TF_target	1	TRRUST		analysed network	24
TP53	hsa-miR-106a	TF_miRNA	1	TransmiR		analysed network	13
TP53	hsa-miR-143	TF_miRNA		unannotated (excluded from sign-dependent analyses)		analysed network	3
TP53	hsa-miR-145	TF_miRNA	1	TransmiR		analysed network	3
TP53	hsa-miR-15a	TF_miRNA	1	TransmiR		analysed network	2
TP53	hsa-miR-15b	TF_miRNA	1	TransmiR		analysed network	2
TP53	hsa-miR-17	TF_miRNA	-1	TransmiR		analysed network	13
TP53	hsa-miR-18a	TF_miRNA	-1	TransmiR		analysed network	14
TP53	hsa-miR-19a	TF_miRNA	-1	TransmiR		analysed network	25
TP53	hsa-miR-19b	TF_miRNA	-1	TransmiR		analysed network	32
TP53	hsa-miR-200b	TF_miRNA	1	TransmiR		analysed network	6
TP53	hsa-miR-20a	TF_miRNA	-1	TransmiR		analysed network	13
TP53	hsa-miR-221	TF_miRNA	1	TransmiR		analysed network	7
TP53	hsa-miR-222	TF_miRNA	-1	TransmiR		analysed network	7
TP53	hsa-miR-27a	TF_miRNA	-1	TransmiR		analysed network	3
TP53	hsa-miR-27b	TF_miRNA	-1	TransmiR		analysed network	3
TP53	hsa-miR-29a	TF_miRNA	-1	TransmiR		analysed network	22
TP53	hsa-miR-300	TF_miRNA	1	TransmiR		analysed network	31
TP53	hsa-miR-381	TF_miRNA	1	TransmiR		analysed network	31
TP53	hsa-miR-429	TF_miRNA	1	TransmiR		analysed network	6
TP53	hsa-miR-519d	TF_miRNA	1	TransmiR		analysed network	8
TP53	hsa-miR-655	TF_miRNA	1	TransmiR		analysed network	5
TP53	hsa-miR-92a	TF_miRNA	-1	TransmiR		analysed network	9
TP73	E2F1	TF_target		unannotated (excluded from sign-dependent analyses)		census layer: TRRUST TF-target	2
TP73	hsa-miR-200b	TF_miRNA	1	TransmiR		analysed network	1
TP73	hsa-miR-429	TF_miRNA	1	TransmiR		analysed network	1
TWIST1	CD44	TF_target	1	TRRUST		analysed network	2
TWIST1	RUNX2	TF_target	-1	TRRUST		census layer: TRRUST TF-target	4
TWIST1	hsa-miR-181a	TF_miRNA	1	TransmiR		analysed network	2
VHL	HIF1A	TF_target	-1	TRRUST		census layer: TRRUST TF-target	1
VHL	SPARC	TF_target	1	TRRUST		analysed network	1
hsa-let-7a	AR	miRNA_target	-1	mechanistic (miRNA repression)	weak	analysed network	9
hsa-let-7a	HBEGF	miRNA_target	-1	mechanistic (miRNA repression)	weak	analysed network	4
hsa-let-7a	MYC	miRNA_target	-1	mechanistic (miRNA repression)	strong	analysed network	3
hsa-let-7a	THBS1	miRNA_target	-1	mechanistic (miRNA repression)	strong	analysed network	15
hsa-let-7a	hsa-let-7b	miRNA_miRNA		unsigned (co-transcription within 10 kb)		census layer: miRNA pair within 10 kb	8
hsa-let-7a	hsa-let-7d	miRNA_miRNA		unsigned (co-transcription within 10 kb)		census layer: miRNA pair within 10 kb	6
hsa-let-7a	hsa-let-7f	miRNA_miRNA		unsigned (co-transcription within 10 kb)		census layer: miRNA pair within 10 kb	5
hsa-let-7b	HBEGF	miRNA_target	-1	mechanistic (miRNA repression)	weak	analysed network	2
hsa-let-7b	MYC	miRNA_target	-1	mechanistic (miRNA repression)	strong	analysed network	1
hsa-let-7b	NFKB1	miRNA_target	-1	mechanistic (miRNA repression)	weak	analysed network	3
hsa-let-7b	THBS1	miRNA_target	-1	mechanistic (miRNA repression)	weak	analysed network	6
hsa-let-7d	HBEGF	miRNA_target	-1	mechanistic (miRNA repression)	weak	analysed network	1
hsa-let-7d	MYC	miRNA_target	-1	mechanistic (miRNA repression)	weak	analysed network	2
hsa-let-7d	STAT3	miRNA_target	-1	mechanistic (miRNA repression)	weak	analysed network	2
hsa-let-7d	THBS1	miRNA_target	-1	mechanistic (miRNA repression)	weak	analysed network	8
hsa-let-7d	hsa-let-7f	miRNA_miRNA		unsigned (co-transcription within 10 kb)		census layer: miRNA pair within 10 kb	3
hsa-let-7f	HBEGF	miRNA_target	-1	mechanistic (miRNA repression)	weak	analysed network	1
hsa-let-7f	MYC	miRNA_target	-1	mechanistic (miRNA repression)	strong	analysed network	2
hsa-let-7f	THBS1	miRNA_target	-1	mechanistic (miRNA repression)	weak	analysed network	7
hsa-miR-106a	E2F1	miRNA_target	-1	mechanistic (miRNA repression)	strong	analysed network	1
hsa-miR-106a	EGR1	miRNA_target	-1	mechanistic (miRNA repression)	weak	analysed network	4
hsa-miR-106a	ESR1	miRNA_target	-1	mechanistic (miRNA repression)	weak	analysed network	5
hsa-miR-106a	MMP2	miRNA_target	-1	mechanistic (miRNA repression)	weak	analysed network	11
hsa-miR-106a	MYC	miRNA_target	-1	mechanistic (miRNA repression)	weak	analysed network	2
hsa-miR-106a	SMAD6	miRNA_target	-1	mechanistic (miRNA repression)	weak	analysed network	1
hsa-miR-106a	SP1	miRNA_target	-1	mechanistic (miRNA repression)	weak	analysed network	2
hsa-miR-106a	SQSTM1	miRNA_target	-1	mechanistic (miRNA repression)	weak	analysed network	5
hsa-miR-106a	THBS2	miRNA_target	-1	mechanistic (miRNA repression)	predicted_only	analysed network	1
hsa-miR-106a	TLR4	miRNA_target	-1	mechanistic (miRNA repression)	weak	analysed network	22
hsa-miR-106a	TP53	miRNA_target	-1	mechanistic (miRNA repression)	strong	analysed network	13
hsa-miR-106a	hsa-miR-20b	miRNA_miRNA		unsigned (co-transcription within 10 kb)		census layer: miRNA pair within 10 kb	39
hsa-miR-106a	hsa-miR-92a	miRNA_miRNA		unsigned (co-transcription within 10 kb)		census layer: miRNA pair within 10 kb	1
hsa-miR-106b	E2F1	miRNA_target	-1	mechanistic (miRNA repression)	strong	analysed network	1
hsa-miR-106b	JUN	miRNA_target	-1	mechanistic (miRNA repression)	predicted_only	analysed network	1
hsa-miR-106b	MYC	miRNA_target	-1	mechanistic (miRNA repression)	strong	analysed network	2
hsa-miR-106b	TLR4	miRNA_target	-1	mechanistic (miRNA repression)	weak	analysed network	8
hsa-miR-106b	hsa-miR-93	miRNA_miRNA		unsigned (co-transcription within 10 kb)		census layer: miRNA pair within 10 kb	8
hsa-miR-1197	HRK	miRNA_target	-1	mechanistic (miRNA repression)	predicted_only	analysed network	3
hsa-miR-1197	hsa-miR-655	miRNA_miRNA		unsigned (co-transcription within 10 kb)		census layer: miRNA pair within 10 kb	3
hsa-miR-130b	CYLD	miRNA_target	-1	mechanistic (miRNA repression)	strong	analysed network	2
hsa-miR-130b	EGR1	miRNA_target	-1	mechanistic (miRNA repression)	weak	analysed network	5
hsa-miR-130b	HRK	miRNA_target	-1	mechanistic (miRNA repression)	weak	analysed network	4
hsa-miR-130b	UBB	miRNA_target	-1	mechanistic (miRNA repression)	weak	analysed network	4
hsa-miR-130b	hsa-miR-301b	miRNA_miRNA		unsigned (co-transcription within 10 kb)		census layer: miRNA pair within 10 kb	10
hsa-miR-132	EGR1	miRNA_target	-1	mechanistic (miRNA repression)	weak	analysed network	1
hsa-miR-132	HBEGF	miRNA_target	-1	mechanistic (miRNA repression)	strong	analysed network	1
hsa-miR-132	RELA	miRNA_target	-1	mechanistic (miRNA repression)	predicted_only	analysed network	1
hsa-miR-132	REST	miRNA_target	-1	mechanistic (miRNA repression)	predicted_only	analysed network	1
hsa-miR-132	SP1	miRNA_target	-1	mechanistic (miRNA repression)	weak	analysed network	1
hsa-miR-132	THBS1	miRNA_target	-1	mechanistic (miRNA repression)	weak	analysed network	6
hsa-miR-132	hsa-miR-212	miRNA_miRNA		unsigned (co-transcription within 10 kb)		census layer: miRNA pair within 10 kb	7
hsa-miR-143	ESR1	miRNA_target	-1	mechanistic (miRNA repression)	predicted_only	analysed network	2
hsa-miR-143	SERPINE1	miRNA_target	-1	mechanistic (miRNA repression)	strong	analysed network	14
hsa-miR-143	STAT3	miRNA_target	-1	mechanistic (miRNA repression)	strong	analysed network	1
hsa-miR-143	TP53	miRNA_target	-1	mechanistic (miRNA repression)	strong	analysed network	3
hsa-miR-143	hsa-miR-145	miRNA_miRNA		unsigned (co-transcription within 10 kb)		census layer: miRNA pair within 10 kb	14
hsa-miR-145	AR	miRNA_target	-1	mechanistic (miRNA repression)	predicted_only	analysed network	3
hsa-miR-145	ESR1	miRNA_target	-1	mechanistic (miRNA repression)	strong	analysed network	2
hsa-miR-145	SERPINE1	miRNA_target	-1	mechanistic (miRNA repression)	strong	analysed network	14
hsa-miR-145	TP53	miRNA_target	-1	mechanistic (miRNA repression)	predicted_only	analysed network	3
hsa-miR-15a	CYLD	miRNA_target	-1	mechanistic (miRNA repression)	weak	analysed network	1
hsa-miR-15a	IRAK2	miRNA_target	-1	mechanistic (miRNA repression)	strong	analysed network	1
hsa-miR-15a	TP53	miRNA_target	-1	mechanistic (miRNA repression)	strong	analysed network	2
hsa-miR-15a	hsa-miR-16	miRNA_miRNA		unsigned (co-transcription within 10 kb)		census layer: miRNA pair within 10 kb	2
hsa-miR-15b	CYLD	miRNA_target	-1	mechanistic (miRNA repression)	weak	analysed network	1
hsa-miR-15b	IRAK2	miRNA_target	-1	mechanistic (miRNA repression)	strong	analysed network	1
hsa-miR-15b	TP53	miRNA_target	-1	mechanistic (miRNA repression)	weak	analysed network	2
hsa-miR-15b	hsa-miR-16	miRNA_miRNA		unsigned (co-transcription within 10 kb)		census layer: miRNA pair within 10 kb	2
hsa-miR-16	CYLD	miRNA_target	-1	mechanistic (miRNA repression)	weak	analysed network	2
hsa-miR-16	IRAK2	miRNA_target	-1	mechanistic (miRNA repression)	strong	analysed network	2
hsa-miR-17	AR	miRNA_target	-1	mechanistic (miRNA repression)	weak	analysed network	11
hsa-miR-17	E2F1	miRNA_target	-1	mechanistic (miRNA repression)	strong	analysed network	1
hsa-miR-17	ESR1	miRNA_target	-1	mechanistic (miRNA repression)	weak	analysed network	5
hsa-miR-17	MMP2	miRNA_target	-1	mechanistic (miRNA repression)	strong	analysed network	25
hsa-miR-17	MYC	miRNA_target	-1	mechanistic (miRNA repression)	strong	analysed network	2
hsa-miR-17	NFKB1	miRNA_target	-1	mechanistic (miRNA repression)	weak	analysed network	8
hsa-miR-17	RELA	miRNA_target	-1	mechanistic (miRNA repression)	weak	analysed network	2
hsa-miR-17	SMAD6	miRNA_target	-1	mechanistic (miRNA repression)	weak	analysed network	6
hsa-miR-17	SP1	miRNA_target	-1	mechanistic (miRNA repression)	weak	analysed network	2
hsa-miR-17	SQSTM1	miRNA_target	-1	mechanistic (miRNA repression)	weak	analysed network	10
hsa-miR-17	STAT3	miRNA_target	-1	mechanistic (miRNA repression)	strong	analysed network	3
hsa-miR-17	THBS2	miRNA_target	-1	mechanistic (miRNA repression)	weak	analysed network	4
hsa-miR-17	TLR4	miRNA_target	-1	mechanistic (miRNA repression)	weak	analysed network	43
hsa-miR-17	TP53	miRNA_target	-1	mechanistic (miRNA repression)	strong	analysed network	13
hsa-miR-17	hsa-miR-20a	miRNA_miRNA		unsigned (co-transcription within 10 kb)		census layer: miRNA pair within 10 kb	85
hsa-miR-17	hsa-miR-92a	miRNA_miRNA		unsigned (co-transcription within 10 kb)		census layer: miRNA pair within 10 kb	3
hsa-miR-181a	CYLD	miRNA_target	-1	mechanistic (miRNA repression)	weak	analysed network	1
hsa-miR-181a	ESR1	miRNA_target	-1	mechanistic (miRNA repression)	strong	analysed network	9
hsa-miR-181a	MMP14	miRNA_target	-1	mechanistic (miRNA repression)	weak	analysed network	10
hsa-miR-181a	PLAU	miRNA_target	-1	mechanistic (miRNA repression)	strong	analysed network	3
hsa-miR-181a	SERPINE1	miRNA_target	-1	mechanistic (miRNA repression)	weak	analysed network	5
hsa-miR-181a	SPP1	miRNA_target	-1	mechanistic (miRNA repression)	predicted_only	analysed network	1
hsa-miR-181a	STAT3	miRNA_target	-1	mechanistic (miRNA repression)	strong	analysed network	5
hsa-miR-181a	THBS2	miRNA_target	-1	mechanistic (miRNA repression)	predicted_only	analysed network	2
hsa-miR-181a	TWIST1	miRNA_target	-1	mechanistic (miRNA repression)	strong	analysed network	2
hsa-miR-181a	VCAM1	miRNA_target	-1	mechanistic (miRNA repression)	weak	analysed network	1
hsa-miR-181a	hsa-miR-181b	miRNA_miRNA		unsigned (co-transcription within 10 kb)		census layer: miRNA pair within 10 kb	23
hsa-miR-181b	CYLD	miRNA_target	-1	mechanistic (miRNA repression)	strong	analysed network	1
hsa-miR-181b	ETS1	miRNA_target	-1	mechanistic (miRNA repression)	weak	analysed network	1
hsa-miR-181b	EZH2	miRNA_target	-1	mechanistic (miRNA repression)	weak	analysed network	1
hsa-miR-181b	MMP14	miRNA_target	-1	mechanistic (miRNA repression)	predicted_only	analysed network	10
hsa-miR-181b	PLAU	miRNA_target	-1	mechanistic (miRNA repression)	weak	analysed network	3
hsa-miR-181b	SERPINE1	miRNA_target	-1	mechanistic (miRNA repression)	weak	analysed network	5
hsa-miR-181b	SPP1	miRNA_target	-1	mechanistic (miRNA repression)	strong	analysed network	1
hsa-miR-181b	STAT3	miRNA_target	-1	mechanistic (miRNA repression)	weak	analysed network	5
hsa-miR-181b	THBS2	miRNA_target	-1	mechanistic (miRNA repression)	weak	analysed network	2
hsa-miR-181b	VCAM1	miRNA_target	-1	mechanistic (miRNA repression)	weak	analysed network	1
hsa-miR-181c	CYLD	miRNA_target	-1	mechanistic (miRNA repression)	weak	analysed network	2
hsa-miR-181c	EGR1	miRNA_target	-1	mechanistic (miRNA repression)	weak	analysed network	7
hsa-miR-181c	ETS1	miRNA_target	-1	mechanistic (miRNA repression)	weak	analysed network	1
hsa-miR-181c	HIF1A	miRNA_target	-1	mechanistic (miRNA repression)	weak	analysed network	2
hsa-miR-181c	MMP14	miRNA_target	-1	mechanistic (miRNA repression)	predicted_only	analysed network	6
hsa-miR-181c	PLAU	miRNA_target	-1	mechanistic (miRNA repression)	weak	analysed network	2
hsa-miR-181c	SERPINE1	miRNA_target	-1	mechanistic (miRNA repression)	strong	analysed network	2
hsa-miR-181c	SPP1	miRNA_target	-1	mechanistic (miRNA repression)	predicted_only	analysed network	2
hsa-miR-181c	VCAM1	miRNA_target	-1	mechanistic (miRNA repression)	weak	analysed network	3
hsa-miR-181c	hsa-miR-181d	miRNA_miRNA		unsigned (co-transcription within 10 kb)		census layer: miRNA pair within 10 kb	17
hsa-miR-181d	CYLD	miRNA_target	-1	mechanistic (miRNA repression)	weak	analysed network	2
hsa-miR-181d	EGR1	miRNA_target	-1	mechanistic (miRNA repression)	weak	analysed network	7
hsa-miR-181d	MMP14	miRNA_target	-1	mechanistic (miRNA repression)	predicted_only	analysed network	6
hsa-miR-181d	PLAU	miRNA_target	-1	mechanistic (miRNA repression)	weak	analysed network	2
hsa-miR-181d	SERPINE1	miRNA_target	-1	mechanistic (miRNA repression)	weak	analysed network	2
hsa-miR-181d	SPP1	miRNA_target	-1	mechanistic (miRNA repression)	predicted_only	analysed network	2
hsa-miR-181d	VCAM1	miRNA_target	-1	mechanistic (miRNA repression)	weak	analysed network	3
hsa-miR-182	AR	miRNA_target	-1	mechanistic (miRNA repression)	weak	analysed network	15
hsa-miR-182	CYLD	miRNA_target	-1	mechanistic (miRNA repression)	strong	analysed network	2
hsa-miR-182	FN1	miRNA_target	-1	mechanistic (miRNA repression)	weak	analysed network	32
hsa-miR-182	FST	miRNA_target	-1	mechanistic (miRNA repression)	weak	analysed network	2
hsa-miR-182	HBEGF	miRNA_target	-1	mechanistic (miRNA repression)	weak	analysed network	8
hsa-miR-182	HDAC2	miRNA_target	-1	mechanistic (miRNA repression)	weak	analysed network	4
hsa-miR-182	MYCN	miRNA_target	-1	mechanistic (miRNA repression)	weak	analysed network	1
hsa-miR-182	RELA	miRNA_target	-1	mechanistic (miRNA repression)	weak	analysed network	2
hsa-miR-182	SP1	miRNA_target	-1	mechanistic (miRNA repression)	weak	analysed network	4
hsa-miR-182	STAT3	miRNA_target	-1	mechanistic (miRNA repression)	weak	analysed network	3
hsa-miR-182	THBS2	miRNA_target	-1	mechanistic (miRNA repression)	weak	analysed network	2
hsa-miR-182	hsa-miR-183	miRNA_miRNA		unsigned (co-transcription within 10 kb)		census layer: miRNA pair within 10 kb	20
hsa-miR-182	hsa-miR-96	miRNA_miRNA		unsigned (co-transcription within 10 kb)		census layer: miRNA pair within 10 kb	26
hsa-miR-183	EGR1	miRNA_target	-1	mechanistic (miRNA repression)	strong	analysed network	7
hsa-miR-183	FN1	miRNA_target	-1	mechanistic (miRNA repression)	weak	analysed network	28
hsa-miR-183	HBEGF	miRNA_target	-1	mechanistic (miRNA repression)	weak	analysed network	6
hsa-miR-183	HDAC2	miRNA_target	-1	mechanistic (miRNA repression)	weak	analysed network	4
hsa-miR-183	RELA	miRNA_target	-1	mechanistic (miRNA repression)	weak	analysed network	3
hsa-miR-183	SHC1	miRNA_target	-1	mechanistic (miRNA repression)	weak	analysed network	8
hsa-miR-183	STAT3	miRNA_target	-1	mechanistic (miRNA repression)	weak	analysed network	4
hsa-miR-183	hsa-miR-96	miRNA_miRNA		unsigned (co-transcription within 10 kb)		census layer: miRNA pair within 10 kb	22
hsa-miR-18a	AR	miRNA_target	-1	mechanistic (miRNA repression)	weak	analysed network	10
hsa-miR-18a	E2F1	miRNA_target	-1	mechanistic (miRNA repression)	weak	analysed network	2
hsa-miR-18a	ESR1	miRNA_target	-1	mechanistic (miRNA repression)	strong	analysed network	2
hsa-miR-18a	HRK	miRNA_target	-1	mechanistic (miRNA repression)	predicted_only	analysed network	42
hsa-miR-18a	MYC	miRNA_target	-1	mechanistic (miRNA repression)	weak	analysed network	4
hsa-miR-18a	RELA	miRNA_target	-1	mechanistic (miRNA repression)	weak	analysed network	4
hsa-miR-18a	STAT3	miRNA_target	-1	mechanistic (miRNA repression)	weak	analysed network	6
hsa-miR-18a	THBS1	miRNA_target	-1	mechanistic (miRNA repression)	strong	analysed network	32
hsa-miR-18a	TP53	miRNA_target	-1	mechanistic (miRNA repression)	strong	analysed network	14
hsa-miR-18a	hsa-miR-19a	miRNA_miRNA		unsigned (co-transcription within 10 kb)		census layer: miRNA pair within 10 kb	42
hsa-miR-18a	hsa-miR-19b	miRNA_miRNA		unsigned (co-transcription within 10 kb)		census layer: miRNA pair within 10 kb	32
hsa-miR-18b	E2F1	miRNA_target	-1	mechanistic (miRNA repression)	weak	analysed network	1
hsa-miR-18b	ESR1	miRNA_target	-1	mechanistic (miRNA repression)	strong	analysed network	1
hsa-miR-18b	HRK	miRNA_target	-1	mechanistic (miRNA repression)	predicted_only	analysed network	9
hsa-miR-18b	JUN	miRNA_target	-1	mechanistic (miRNA repression)	weak	analysed network	1
hsa-miR-18b	MYC	miRNA_target	-1	mechanistic (miRNA repression)	weak	analysed network	2
hsa-miR-18b	THBS1	miRNA_target	-1	mechanistic (miRNA repression)	weak	analysed network	7
hsa-miR-18b	hsa-miR-19b	miRNA_miRNA		unsigned (co-transcription within 10 kb)		census layer: miRNA pair within 10 kb	16
hsa-miR-195	CYLD	miRNA_target	-1	mechanistic (miRNA repression)	weak	analysed network	1
hsa-miR-195	IRAK2	miRNA_target	-1	mechanistic (miRNA repression)	strong	analysed network	1
hsa-miR-195	hsa-miR-497	miRNA_miRNA		unsigned (co-transcription within 10 kb)		census layer: miRNA pair within 10 kb	2
hsa-miR-19a	AR	miRNA_target	-1	mechanistic (miRNA repression)	weak	analysed network	16
hsa-miR-19a	CYLD	miRNA_target	-1	mechanistic (miRNA repression)	weak	analysed network	7
hsa-miR-19a	E2F1	miRNA_target	-1	mechanistic (miRNA repression)	predicted_only	analysed network	2
hsa-miR-19a	ESR1	miRNA_target	-1	mechanistic (miRNA repression)	strong	analysed network	4
hsa-miR-19a	HRK	miRNA_target	-1	mechanistic (miRNA repression)	weak	analysed network	42
hsa-miR-19a	IL1R1	miRNA_target	-1	mechanistic (miRNA repression)	weak	analysed network	26
hsa-miR-19a	MYC	miRNA_target	-1	mechanistic (miRNA repression)	strong	analysed network	7
hsa-miR-19a	POSTN	miRNA_target	-1	mechanistic (miRNA repression)	weak	analysed network	11
hsa-miR-19a	RELA	miRNA_target	-1	mechanistic (miRNA repression)	predicted_only	analysed network	5
hsa-miR-19a	STAT3	miRNA_target	-1	mechanistic (miRNA repression)	weak	analysed network	7
hsa-miR-19a	TFAP2A	miRNA_target	-1	mechanistic (miRNA repression)	weak	analysed network	1
hsa-miR-19a	THBS1	miRNA_target	-1	mechanistic (miRNA repression)	strong	analysed network	32
hsa-miR-19a	TLX1	miRNA_target	-1	mechanistic (miRNA repression)	predicted_only	analysed network	1
hsa-miR-19a	TP53	miRNA_target	-1	mechanistic (miRNA repression)	weak	analysed network	25
hsa-miR-19a	hsa-miR-19b	miRNA_miRNA		unsigned (co-transcription within 10 kb)		census layer: miRNA pair within 10 kb	76
hsa-miR-19b	CYLD	miRNA_target	-1	mechanistic (miRNA repression)	weak	analysed network	7
hsa-miR-19b	E2F1	miRNA_target	-1	mechanistic (miRNA repression)	strong	analysed network	3
hsa-miR-19b	ESR1	miRNA_target	-1	mechanistic (miRNA repression)	strong	analysed network	5
hsa-miR-19b	HRK	miRNA_target	-1	mechanistic (miRNA repression)	weak	analysed network	45
hsa-miR-19b	IL1R1	miRNA_target	-1	mechanistic (miRNA repression)	weak	analysed network	26
hsa-miR-19b	MYC	miRNA_target	-1	mechanistic (miRNA repression)	strong	analysed network	9
hsa-miR-19b	POSTN	miRNA_target	-1	mechanistic (miRNA repression)	weak	analysed network	11
hsa-miR-19b	TFAP2A	miRNA_target	-1	mechanistic (miRNA repression)	weak	analysed network	1
hsa-miR-19b	THBS1	miRNA_target	-1	mechanistic (miRNA repression)	weak	analysed network	35
hsa-miR-19b	TLX1	miRNA_target	-1	mechanistic (miRNA repression)	predicted_only	analysed network	1
hsa-miR-19b	TP53	miRNA_target	-1	mechanistic (miRNA repression)	strong	analysed network	32
hsa-miR-200b	DNMT1	miRNA_target	-1	mechanistic (miRNA repression)	strong	analysed network	4
hsa-miR-200b	EGR1	miRNA_target	-1	mechanistic (miRNA repression)	weak	analysed network	4
hsa-miR-200b	EZH2	miRNA_target	-1	mechanistic (miRNA repression)	strong	analysed network	2
hsa-miR-200b	FN1	miRNA_target	-1	mechanistic (miRNA repression)	strong	analysed network	44
hsa-miR-200b	GATA3	miRNA_target	-1	mechanistic (miRNA repression)	predicted_only	analysed network	4
hsa-miR-200b	HDAC1	miRNA_target	-1	mechanistic (miRNA repression)	predicted_only	analysed network	2
hsa-miR-200b	HDAC2	miRNA_target	-1	mechanistic (miRNA repression)	predicted_only	analysed network	2
hsa-miR-200b	NFKB1	miRNA_target	-1	mechanistic (miRNA repression)	predicted_only	analysed network	5
hsa-miR-200b	NTF3	miRNA_target	-1	mechanistic (miRNA repression)	predicted_only	analysed network	2
hsa-miR-200b	RELA	miRNA_target	-1	mechanistic (miRNA repression)	predicted_only	analysed network	2
hsa-miR-200b	SHC1	miRNA_target	-1	mechanistic (miRNA repression)	strong	analysed network	10
hsa-miR-200b	SP1	miRNA_target	-1	mechanistic (miRNA repression)	strong	analysed network	1
hsa-miR-200b	TP53	miRNA_target	-1	mechanistic (miRNA repression)	predicted_only	analysed network	6
hsa-miR-200b	TP73	miRNA_target	-1	mechanistic (miRNA repression)	weak	analysed network	1
hsa-miR-200b	hsa-miR-429	miRNA_miRNA		unsigned (co-transcription within 10 kb)		census layer: miRNA pair within 10 kb	56
hsa-miR-20a	AR	miRNA_target	-1	mechanistic (miRNA repression)	weak	analysed network	11
hsa-miR-20a	E2F1	miRNA_target	-1	mechanistic (miRNA repression)	strong	analysed network	1
hsa-miR-20a	ESR1	miRNA_target	-1	mechanistic (miRNA repression)	weak	analysed network	5
hsa-miR-20a	HIF1A	miRNA_target	-1	mechanistic (miRNA repression)	strong	analysed network	2
hsa-miR-20a	MMP2	miRNA_target	-1	mechanistic (miRNA repression)	strong	analysed network	25
hsa-miR-20a	MYC	miRNA_target	-1	mechanistic (miRNA repression)	strong	analysed network	2
hsa-miR-20a	RELA	miRNA_target	-1	mechanistic (miRNA repression)	weak	analysed network	2
hsa-miR-20a	SMAD6	miRNA_target	-1	mechanistic (miRNA repression)	weak	analysed network	5
hsa-miR-20a	SP1	miRNA_target	-1	mechanistic (miRNA repression)	weak	analysed network	2
hsa-miR-20a	SQSTM1	miRNA_target	-1	mechanistic (miRNA repression)	weak	analysed network	10
hsa-miR-20a	STAT3	miRNA_target	-1	mechanistic (miRNA repression)	strong	analysed network	3
hsa-miR-20a	THBS2	miRNA_target	-1	mechanistic (miRNA repression)	weak	analysed network	4
hsa-miR-20a	TLR4	miRNA_target	-1	mechanistic (miRNA repression)	weak	analysed network	43
hsa-miR-20a	TP53	miRNA_target	-1	mechanistic (miRNA repression)	strong	analysed network	13
hsa-miR-20a	hsa-miR-92a	miRNA_miRNA		unsigned (co-transcription within 10 kb)		census layer: miRNA pair within 10 kb	2
hsa-miR-20b	E2F1	miRNA_target	-1	mechanistic (miRNA repression)	strong	analysed network	1
hsa-miR-20b	EGR1	miRNA_target	-1	mechanistic (miRNA repression)	weak	analysed network	4
hsa-miR-20b	ESR1	miRNA_target	-1	mechanistic (miRNA repression)	strong	analysed network	5
hsa-miR-20b	MMP2	miRNA_target	-1	mechanistic (miRNA repression)	predicted_only	analysed network	11
hsa-miR-20b	MYC	miRNA_target	-1	mechanistic (miRNA repression)	weak	analysed network	2
hsa-miR-20b	SMAD6	miRNA_target	-1	mechanistic (miRNA repression)	weak	analysed network	1
hsa-miR-20b	SQSTM1	miRNA_target	-1	mechanistic (miRNA repression)	weak	analysed network	5
hsa-miR-20b	THBS2	miRNA_target	-1	mechanistic (miRNA repression)	predicted_only	analysed network	1
hsa-miR-20b	TLR4	miRNA_target	-1	mechanistic (miRNA repression)	weak	analysed network	22
hsa-miR-20b	hsa-miR-92a	miRNA_miRNA		unsigned (co-transcription within 10 kb)		census layer: miRNA pair within 10 kb	1
hsa-miR-212	EGR1	miRNA_target	-1	mechanistic (miRNA repression)	weak	analysed network	1
hsa-miR-212	HBEGF	miRNA_target	-1	mechanistic (miRNA repression)	weak	analysed network	1
hsa-miR-212	RELA	miRNA_target	-1	mechanistic (miRNA repression)	predicted_only	analysed network	1
hsa-miR-212	REST	miRNA_target	-1	mechanistic (miRNA repression)	predicted_only	analysed network	1
hsa-miR-212	THBS1	miRNA_target	-1	mechanistic (miRNA repression)	weak	analysed network	6
hsa-miR-221	CXCR5	miRNA_target	-1	mechanistic (miRNA repression)	predicted_only	analysed network	6
hsa-miR-221	JUN	miRNA_target	-1	mechanistic (miRNA repression)	weak	analysed network	1
hsa-miR-221	MYC	miRNA_target	-1	mechanistic (miRNA repression)	weak	analysed network	1
hsa-miR-221	RELA	miRNA_target	-1	mechanistic (miRNA repression)	predicted_only	analysed network	1
hsa-miR-221	THBS1	miRNA_target	-1	mechanistic (miRNA repression)	weak	analysed network	14
hsa-miR-221	TP53	miRNA_target	-1	mechanistic (miRNA repression)	strong	analysed network	7
hsa-miR-221	hsa-miR-222	miRNA_miRNA		unsigned (co-transcription within 10 kb)		census layer: miRNA pair within 10 kb	20
hsa-miR-222	CXCR5	miRNA_target	-1	mechanistic (miRNA repression)	predicted_only	analysed network	6
hsa-miR-222	JUN	miRNA_target	-1	mechanistic (miRNA repression)	weak	analysed network	1
hsa-miR-222	MYC	miRNA_target	-1	mechanistic (miRNA repression)	weak	analysed network	1
hsa-miR-222	RELA	miRNA_target	-1	mechanistic (miRNA repression)	predicted_only	analysed network	1
hsa-miR-222	THBS1	miRNA_target	-1	mechanistic (miRNA repression)	weak	analysed network	14
hsa-miR-222	TP53	miRNA_target	-1	mechanistic (miRNA repression)	strong	analysed network	7
hsa-miR-23a	FOSB	miRNA_target	-1	mechanistic (miRNA repression)	weak	analysed network	1
hsa-miR-23a	MET	miRNA_target	-1	mechanistic (miRNA repression)	weak	analysed network	5
hsa-miR-23a	RUNX2	miRNA_target	-1	mechanistic (miRNA repression)	weak	analysed network	1
hsa-miR-23a	SP1	miRNA_target	-1	mechanistic (miRNA repression)	weak	analysed network	1
hsa-miR-23a	hsa-miR-27a	miRNA_miRNA		unsigned (co-transcription within 10 kb)		census layer: miRNA pair within 10 kb	6
hsa-miR-23b	DNMT1	miRNA_target	-1	mechanistic (miRNA repression)	weak	analysed network	1
hsa-miR-23b	MET	miRNA_target	-1	mechanistic (miRNA repression)	strong	analysed network	5
hsa-miR-23b	NFKB1	miRNA_target	-1	mechanistic (miRNA repression)	predicted_only	analysed network	1
hsa-miR-23b	SP1	miRNA_target	-1	mechanistic (miRNA repression)	weak	analysed network	1
hsa-miR-23b	hsa-miR-27b	miRNA_miRNA		unsigned (co-transcription within 10 kb)		census layer: miRNA pair within 10 kb	5
hsa-miR-24	HIF1A	miRNA_target	-1	mechanistic (miRNA repression)	weak	analysed network	2
hsa-miR-24	HRK	miRNA_target	-1	mechanistic (miRNA repression)	weak	analysed network	27
hsa-miR-24	STAT3	miRNA_target	-1	mechanistic (miRNA repression)	weak	analysed network	4
hsa-miR-24	hsa-miR-27a	miRNA_miRNA		unsigned (co-transcription within 10 kb)		census layer: miRNA pair within 10 kb	15
hsa-miR-24	hsa-miR-27b	miRNA_miRNA		unsigned (co-transcription within 10 kb)		census layer: miRNA pair within 10 kb	12
hsa-miR-27a	AR	miRNA_target	-1	mechanistic (miRNA repression)	weak	analysed network	5
hsa-miR-27a	EGR1	miRNA_target	-1	mechanistic (miRNA repression)	weak	analysed network	2
hsa-miR-27a	EZH2	miRNA_target	-1	mechanistic (miRNA repression)	strong	analysed network	1
hsa-miR-27a	FOSB	miRNA_target	-1	mechanistic (miRNA repression)	weak	analysed network	1
hsa-miR-27a	HIF1A	miRNA_target	-1	mechanistic (miRNA repression)	strong	analysed network	1
hsa-miR-27a	HRK	miRNA_target	-1	mechanistic (miRNA repression)	weak	analysed network	15
hsa-miR-27a	MET	miRNA_target	-1	mechanistic (miRNA repression)	strong	analysed network	5
hsa-miR-27a	MYC	miRNA_target	-1	mechanistic (miRNA repression)	weak	analysed network	1
hsa-miR-27a	RELA	miRNA_target	-1	mechanistic (miRNA repression)	weak	analysed network	1
hsa-miR-27a	RUNX2	miRNA_target	-1	mechanistic (miRNA repression)	strong	analysed network	1
hsa-miR-27a	SP1	miRNA_target	-1	mechanistic (miRNA repression)	strong	analysed network	1
hsa-miR-27a	TP53	miRNA_target	-1	mechanistic (miRNA repression)	strong	analysed network	3
hsa-miR-27b	DNMT1	miRNA_target	-1	mechanistic (miRNA repression)	weak	analysed network	2
hsa-miR-27b	E2F1	miRNA_target	-1	mechanistic (miRNA repression)	weak	analysed network	1
hsa-miR-27b	HRK	miRNA_target	-1	mechanistic (miRNA repression)	weak	analysed network	12
hsa-miR-27b	MET	miRNA_target	-1	mechanistic (miRNA repression)	strong	analysed network	5
hsa-miR-27b	NFKB1	miRNA_target	-1	mechanistic (miRNA repression)	weak	analysed network	2
hsa-miR-27b	RELA	miRNA_target	-1	mechanistic (miRNA repression)	weak	analysed network	1
hsa-miR-27b	STAT3	miRNA_target	-1	mechanistic (miRNA repression)	weak	analysed network	2
hsa-miR-27b	TP53	miRNA_target	-1	mechanistic (miRNA repression)	weak	analysed network	3
hsa-miR-29a	COL3A1	miRNA_target	-1	mechanistic (miRNA repression)	strong	analysed network	5
hsa-miR-29a	E2F1	miRNA_target	-1	mechanistic (miRNA repression)	weak	analysed network	2
hsa-miR-29a	FBN1	miRNA_target	-1	mechanistic (miRNA repression)	strong	analysed network	13
hsa-miR-29a	HBEGF	miRNA_target	-1	mechanistic (miRNA repression)	weak	analysed network	4
hsa-miR-29a	HMGA1	miRNA_target	-1	mechanistic (miRNA repression)	weak	analysed network	8
hsa-miR-29a	HRK	miRNA_target	-1	mechanistic (miRNA repression)	weak	analysed network	14
hsa-miR-29a	ITGB1	miRNA_target	-1	mechanistic (miRNA repression)	strong	analysed network	33
hsa-miR-29a	MMP2	miRNA_target	-1	mechanistic (miRNA repression)	strong	analysed network	14
hsa-miR-29a	MYC	miRNA_target	-1	mechanistic (miRNA repression)	strong	analysed network	8
hsa-miR-29a	NFKB1	miRNA_target	-1	mechanistic (miRNA repression)	weak	analysed network	13
hsa-miR-29a	SPARC	miRNA_target	-1	mechanistic (miRNA repression)	strong	analysed network	8
hsa-miR-29a	STAT1	miRNA_target	-1	mechanistic (miRNA repression)	weak	analysed network	6
hsa-miR-29a	STAT3	miRNA_target	-1	mechanistic (miRNA repression)	weak	analysed network	3
hsa-miR-29a	TGFB2	miRNA_target	-1	mechanistic (miRNA repression)	weak	analysed network	8
hsa-miR-29a	TP53	miRNA_target	-1	mechanistic (miRNA repression)	strong	analysed network	22
hsa-miR-29a	hsa-miR-29b	miRNA_miRNA		unsigned (co-transcription within 10 kb)		census layer: miRNA pair within 10 kb	99
hsa-miR-29b	COL3A1	miRNA_target	-1	mechanistic (miRNA repression)	strong	analysed network	7
hsa-miR-29b	FBN1	miRNA_target	-1	mechanistic (miRNA repression)	strong	analysed network	23
hsa-miR-29b	GATA3	miRNA_target	-1	mechanistic (miRNA repression)	strong	analysed network	28
hsa-miR-29b	HBEGF	miRNA_target	-1	mechanistic (miRNA repression)	weak	analysed network	8
hsa-miR-29b	HRK	miRNA_target	-1	mechanistic (miRNA repression)	weak	analysed network	24
hsa-miR-29b	ITGB1	miRNA_target	-1	mechanistic (miRNA repression)	strong	analysed network	58
hsa-miR-29b	MMP2	miRNA_target	-1	mechanistic (miRNA repression)	strong	analysed network	23
hsa-miR-29b	MYC	miRNA_target	-1	mechanistic (miRNA repression)	strong	analysed network	16
hsa-miR-29b	NFKB1	miRNA_target	-1	mechanistic (miRNA repression)	weak	analysed network	26
hsa-miR-29b	SP1	miRNA_target	-1	mechanistic (miRNA repression)	strong	analysed network	4
hsa-miR-29b	SPARC	miRNA_target	-1	mechanistic (miRNA repression)	strong	analysed network	14
hsa-miR-29b	TGFB2	miRNA_target	-1	mechanistic (miRNA repression)	strong	analysed network	13
hsa-miR-29b	hsa-miR-29c	miRNA_miRNA		unsigned (co-transcription within 10 kb)		census layer: miRNA pair within 10 kb	71
hsa-miR-29c	COL3A1	miRNA_target	-1	mechanistic (miRNA repression)	strong	analysed network	2
hsa-miR-29c	FBN1	miRNA_target	-1	mechanistic (miRNA repression)	strong	analysed network	10
hsa-miR-29c	HBEGF	miRNA_target	-1	mechanistic (miRNA repression)	weak	analysed network	4
hsa-miR-29c	HIF1A	miRNA_target	-1	mechanistic (miRNA repression)	weak	analysed network	4
hsa-miR-29c	HRK	miRNA_target	-1	mechanistic (miRNA repression)	weak	analysed network	10
hsa-miR-29c	ITGB1	miRNA_target	-1	mechanistic (miRNA repression)	strong	analysed network	25
hsa-miR-29c	MMP2	miRNA_target	-1	mechanistic (miRNA repression)	strong	analysed network	9
hsa-miR-29c	MYC	miRNA_target	-1	mechanistic (miRNA repression)	weak	analysed network	8
hsa-miR-29c	NFKB1	miRNA_target	-1	mechanistic (miRNA repression)	weak	analysed network	13
hsa-miR-29c	RELA	miRNA_target	-1	mechanistic (miRNA repression)	weak	analysed network	4
hsa-miR-29c	SP1	miRNA_target	-1	mechanistic (miRNA repression)	strong	analysed network	2
hsa-miR-29c	SPARC	miRNA_target	-1	mechanistic (miRNA repression)	strong	analysed network	6
hsa-miR-29c	STAT3	miRNA_target	-1	mechanistic (miRNA repression)	weak	analysed network	3
hsa-miR-29c	TGFB2	miRNA_target	-1	mechanistic (miRNA repression)	weak	analysed network	5
hsa-miR-300	THBS1	miRNA_target	-1	mechanistic (miRNA repression)	predicted_only	analysed network	34
hsa-miR-300	TP53	miRNA_target	-1	mechanistic (miRNA repression)	strong	analysed network	31
hsa-miR-300	VCAM1	miRNA_target	-1	mechanistic (miRNA repression)	predicted_only	analysed network	6
hsa-miR-300	hsa-miR-377	miRNA_miRNA		unsigned (co-transcription within 10 kb)		census layer: miRNA pair within 10 kb	4
hsa-miR-300	hsa-miR-379	miRNA_miRNA		unsigned (co-transcription within 10 kb)		census layer: miRNA pair within 10 kb	4
hsa-miR-300	hsa-miR-381	miRNA_miRNA		unsigned (co-transcription within 10 kb)		census layer: miRNA pair within 10 kb	14
hsa-miR-300	hsa-miR-411	miRNA_miRNA		unsigned (co-transcription within 10 kb)		census layer: miRNA pair within 10 kb	4
hsa-miR-300	hsa-miR-485	miRNA_miRNA		unsigned (co-transcription within 10 kb)		census layer: miRNA pair within 10 kb	4
hsa-miR-300	hsa-miR-539	miRNA_miRNA		unsigned (co-transcription within 10 kb)		census layer: miRNA pair within 10 kb	6
hsa-miR-300	hsa-miR-543	miRNA_miRNA		unsigned (co-transcription within 10 kb)		census layer: miRNA pair within 10 kb	4
hsa-miR-301b	CYLD	miRNA_target	-1	mechanistic (miRNA repression)	weak	analysed network	2
hsa-miR-301b	EGR1	miRNA_target	-1	mechanistic (miRNA repression)	predicted_only	analysed network	5
hsa-miR-301b	HRK	miRNA_target	-1	mechanistic (miRNA repression)	predicted_only	analysed network	4
hsa-miR-301b	UBB	miRNA_target	-1	mechanistic (miRNA repression)	weak	analysed network	4
hsa-miR-30b	FST	miRNA_target	-1	mechanistic (miRNA repression)	weak	analysed network	2
hsa-miR-30b	MYC	miRNA_target	-1	mechanistic (miRNA repression)	weak	analysed network	1
hsa-miR-30b	NFKB1	miRNA_target	-1	mechanistic (miRNA repression)	weak	analysed network	1
hsa-miR-30b	SERPINE1	miRNA_target	-1	mechanistic (miRNA repression)	strong	analysed network	1
hsa-miR-30b	hsa-miR-30d	miRNA_miRNA		unsigned (co-transcription within 10 kb)		census layer: miRNA pair within 10 kb	3
hsa-miR-30c	CYLD	miRNA_target	-1	mechanistic (miRNA repression)	predicted_only	analysed network	2
hsa-miR-30c	EGR1	miRNA_target	-1	mechanistic (miRNA repression)	weak	analysed network	2
hsa-miR-30c	NFKB1	miRNA_target	-1	mechanistic (miRNA repression)	weak	analysed network	1
hsa-miR-30c	SERPINE1	miRNA_target	-1	mechanistic (miRNA repression)	strong	analysed network	3
hsa-miR-30c	hsa-miR-30e	miRNA_miRNA		unsigned (co-transcription within 10 kb)		census layer: miRNA pair within 10 kb	5
hsa-miR-30d	FST	miRNA_target	-1	mechanistic (miRNA repression)	weak	analysed network	2
hsa-miR-30d	MYC	miRNA_target	-1	mechanistic (miRNA repression)	weak	analysed network	1
hsa-miR-30d	SERPINE1	miRNA_target	-1	mechanistic (miRNA repression)	weak	analysed network	1
hsa-miR-30e	CYLD	miRNA_target	-1	mechanistic (miRNA repression)	predicted_only	analysed network	2
hsa-miR-30e	EGR1	miRNA_target	-1	mechanistic (miRNA repression)	weak	analysed network	2
hsa-miR-30e	SERPINE1	miRNA_target	-1	mechanistic (miRNA repression)	weak	analysed network	3
hsa-miR-329	FBN1	miRNA_target	-1	mechanistic (miRNA repression)	predicted_only	analysed network	3
hsa-miR-329	hsa-miR-382	miRNA_miRNA		unsigned (co-transcription within 10 kb)		census layer: miRNA pair within 10 kb	1
hsa-miR-329	hsa-miR-494	miRNA_miRNA		unsigned (co-transcription within 10 kb)		census layer: miRNA pair within 10 kb	2
hsa-miR-363	BMP7	miRNA_target	-1	mechanistic (miRNA repression)	predicted_only	analysed network	3
hsa-miR-363	ESR1	miRNA_target	-1	mechanistic (miRNA repression)	predicted_only	analysed network	2
hsa-miR-363	FBN1	miRNA_target	-1	mechanistic (miRNA repression)	weak	analysed network	8
hsa-miR-363	FST	miRNA_target	-1	mechanistic (miRNA repression)	weak	analysed network	3
hsa-miR-363	ITGA5	miRNA_target	-1	mechanistic (miRNA repression)	weak	analysed network	7
hsa-miR-363	MYCN	miRNA_target	-1	mechanistic (miRNA repression)	predicted_only	analysed network	2
hsa-miR-363	SMAD6	miRNA_target	-1	mechanistic (miRNA repression)	predicted_only	analysed network	1
hsa-miR-363	TGFB2	miRNA_target	-1	mechanistic (miRNA repression)	predicted_only	analysed network	8
hsa-miR-363	hsa-miR-92a	miRNA_miRNA		unsigned (co-transcription within 10 kb)		census layer: miRNA pair within 10 kb	30
hsa-miR-372	CTNNB1	miRNA_target	-1	mechanistic (miRNA repression)	predicted_only	analysed network	1
hsa-miR-372	HIF1A	miRNA_target	-1	mechanistic (miRNA repression)	predicted_only	analysed network	2
hsa-miR-372	IRAK2	miRNA_target	-1	mechanistic (miRNA repression)	predicted_only	analysed network	2
hsa-miR-372	MYC	miRNA_target	-1	mechanistic (miRNA repression)	predicted_only	analysed network	2
hsa-miR-372	TLR4	miRNA_target	-1	mechanistic (miRNA repression)	predicted_only	analysed network	9
hsa-miR-372	hsa-miR-373	miRNA_miRNA		unsigned (co-transcription within 10 kb)		census layer: miRNA pair within 10 kb	11
hsa-miR-373	CTNNB1	miRNA_target	-1	mechanistic (miRNA repression)	predicted_only	analysed network	1
hsa-miR-373	HIF1A	miRNA_target	-1	mechanistic (miRNA repression)	strong	analysed network	2
hsa-miR-373	IRAK2	miRNA_target	-1	mechanistic (miRNA repression)	predicted_only	analysed network	2
hsa-miR-373	MYC	miRNA_target	-1	mechanistic (miRNA repression)	strong	analysed network	2
hsa-miR-373	SP1	miRNA_target	-1	mechanistic (miRNA repression)	predicted_only	analysed network	1
hsa-miR-373	TLR4	miRNA_target	-1	mechanistic (miRNA repression)	predicted_only	analysed network	9
hsa-miR-377	THBS1	miRNA_target	-1	mechanistic (miRNA repression)	weak	analysed network	10
hsa-miR-377	hsa-miR-381	miRNA_miRNA		unsigned (co-transcription within 10 kb)		census layer: miRNA pair within 10 kb	4
hsa-miR-377	hsa-miR-539	miRNA_miRNA		unsigned (co-transcription within 10 kb)		census layer: miRNA pair within 10 kb	2
hsa-miR-379	THBS1	miRNA_target	-1	mechanistic (miRNA repression)	weak	analysed network	10
hsa-miR-379	hsa-miR-381	miRNA_miRNA		unsigned (co-transcription within 10 kb)		census layer: miRNA pair within 10 kb	4
hsa-miR-379	hsa-miR-539	miRNA_miRNA		unsigned (co-transcription within 10 kb)		census layer: miRNA pair within 10 kb	2
hsa-miR-381	THBS1	miRNA_target	-1	mechanistic (miRNA repression)	predicted_only	analysed network	34
hsa-miR-381	TP53	miRNA_target	-1	mechanistic (miRNA repression)	predicted_only	analysed network	31
hsa-miR-381	VCAM1	miRNA_target	-1	mechanistic (miRNA repression)	predicted_only	analysed network	6
hsa-miR-381	hsa-miR-411	miRNA_miRNA		unsigned (co-transcription within 10 kb)		census layer: miRNA pair within 10 kb	4
hsa-miR-381	hsa-miR-485	miRNA_miRNA		unsigned (co-transcription within 10 kb)		census layer: miRNA pair within 10 kb	4
hsa-miR-381	hsa-miR-539	miRNA_miRNA		unsigned (co-transcription within 10 kb)		census layer: miRNA pair within 10 kb	6
hsa-miR-381	hsa-miR-543	miRNA_miRNA		unsigned (co-transcription within 10 kb)		census layer: miRNA pair within 10 kb	4
hsa-miR-382	FBN1	miRNA_target	-1	mechanistic (miRNA repression)	predicted_only	analysed network	5
hsa-miR-382	HIF1A	miRNA_target	-1	mechanistic (miRNA repression)	weak	analysed network	3
hsa-miR-382	hsa-miR-494	miRNA_miRNA		unsigned (co-transcription within 10 kb)		census layer: miRNA pair within 10 kb	3
hsa-miR-382	hsa-miR-758	miRNA_miRNA		unsigned (co-transcription within 10 kb)		census layer: miRNA pair within 10 kb	1
hsa-miR-411	THBS1	miRNA_target	-1	mechanistic (miRNA repression)	weak	analysed network	10
hsa-miR-411	hsa-miR-539	miRNA_miRNA		unsigned (co-transcription within 10 kb)		census layer: miRNA pair within 10 kb	2
hsa-miR-429	DNMT1	miRNA_target	-1	mechanistic (miRNA repression)	strong	analysed network	4
hsa-miR-429	EZH2	miRNA_target	-1	mechanistic (miRNA repression)	strong	analysed network	2
hsa-miR-429	FN1	miRNA_target	-1	mechanistic (miRNA repression)	weak	analysed network	44
hsa-miR-429	HDAC1	miRNA_target	-1	mechanistic (miRNA repression)	weak	analysed network	2
hsa-miR-429	HDAC2	miRNA_target	-1	mechanistic (miRNA repression)	predicted_only	analysed network	2
hsa-miR-429	NFKB1	miRNA_target	-1	mechanistic (miRNA repression)	predicted_only	analysed network	5
hsa-miR-429	NTF3	miRNA_target	-1	mechanistic (miRNA repression)	predicted_only	analysed network	2
hsa-miR-429	SHC1	miRNA_target	-1	mechanistic (miRNA repression)	strong	analysed network	10
hsa-miR-429	SP1	miRNA_target	-1	mechanistic (miRNA repression)	strong	analysed network	1
hsa-miR-429	TP53	miRNA_target	-1	mechanistic (miRNA repression)	predicted_only	analysed network	6
hsa-miR-429	TP73	miRNA_target	-1	mechanistic (miRNA repression)	weak	analysed network	1
hsa-miR-485	THBS1	miRNA_target	-1	mechanistic (miRNA repression)	weak	analysed network	10
hsa-miR-485	hsa-miR-539	miRNA_miRNA		unsigned (co-transcription within 10 kb)		census layer: miRNA pair within 10 kb	2
hsa-miR-494	FBN1	miRNA_target	-1	mechanistic (miRNA repression)	predicted_only	analysed network	7
hsa-miR-494	NFKB1	miRNA_target	-1	mechanistic (miRNA repression)	predicted_only	analysed network	6
hsa-miR-494	hsa-miR-758	miRNA_miRNA		unsigned (co-transcription within 10 kb)		census layer: miRNA pair within 10 kb	2
hsa-miR-495	TGFB2	miRNA_target	-1	mechanistic (miRNA repression)	predicted_only	analysed network	2
hsa-miR-495	hsa-miR-655	miRNA_miRNA		unsigned (co-transcription within 10 kb)		census layer: miRNA pair within 10 kb	2
hsa-miR-497	CYLD	miRNA_target	-1	mechanistic (miRNA repression)	predicted_only	analysed network	1
hsa-miR-497	ESR1	miRNA_target	-1	mechanistic (miRNA repression)	predicted_only	analysed network	1
hsa-miR-497	HIF1A	miRNA_target	-1	mechanistic (miRNA repression)	strong	analysed network	1
hsa-miR-497	IRAK2	miRNA_target	-1	mechanistic (miRNA repression)	strong	analysed network	1
hsa-miR-519d	E2F1	miRNA_target	-1	mechanistic (miRNA repression)	strong	analysed network	1
hsa-miR-519d	SQSTM1	miRNA_target	-1	mechanistic (miRNA repression)	weak	analysed network	3
hsa-miR-519d	TLR4	miRNA_target	-1	mechanistic (miRNA repression)	predicted_only	analysed network	8
hsa-miR-519d	TP53	miRNA_target	-1	mechanistic (miRNA repression)	predicted_only	analysed network	8
hsa-miR-519d	hsa-miR-520d	miRNA_miRNA		unsigned (co-transcription within 10 kb)		census layer: miRNA pair within 10 kb	11
hsa-miR-520d	SQSTM1	miRNA_target	-1	mechanistic (miRNA repression)	predicted_only	analysed network	3
hsa-miR-520d	STAT3	miRNA_target	-1	mechanistic (miRNA repression)	predicted_only	analysed network	2
hsa-miR-520d	TLR4	miRNA_target	-1	mechanistic (miRNA repression)	predicted_only	analysed network	8
hsa-miR-539	AR	miRNA_target	-1	mechanistic (miRNA repression)	predicted_only	analysed network	14
hsa-miR-539	THBS1	miRNA_target	-1	mechanistic (miRNA repression)	weak	analysed network	22
hsa-miR-539	hsa-miR-543	miRNA_miRNA		unsigned (co-transcription within 10 kb)		census layer: miRNA pair within 10 kb	2
hsa-miR-543	THBS1	miRNA_target	-1	mechanistic (miRNA repression)	predicted_only	analysed network	10
hsa-miR-655	HRK	miRNA_target	-1	mechanistic (miRNA repression)	predicted_only	analysed network	3
hsa-miR-655	TGFB2	miRNA_target	-1	mechanistic (miRNA repression)	predicted_only	analysed network	2
hsa-miR-655	TP53	miRNA_target	-1	mechanistic (miRNA repression)	predicted_only	analysed network	5
hsa-miR-758	FBN1	miRNA_target	-1	mechanistic (miRNA repression)	predicted_only	analysed network	3
hsa-miR-92a	AR	miRNA_target	-1	mechanistic (miRNA repression)	weak	analysed network	10
hsa-miR-92a	BMP7	miRNA_target	-1	mechanistic (miRNA repression)	weak	analysed network	3
hsa-miR-92a	ESR1	miRNA_target	-1	mechanistic (miRNA repression)	weak	analysed network	2
hsa-miR-92a	FBN1	miRNA_target	-1	mechanistic (miRNA repression)	weak	analysed network	8
hsa-miR-92a	FST	miRNA_target	-1	mechanistic (miRNA repression)	weak	analysed network	3
hsa-miR-92a	ITGA5	miRNA_target	-1	mechanistic (miRNA repression)	strong	analysed network	7
hsa-miR-92a	MYC	miRNA_target	-1	mechanistic (miRNA repression)	strong	analysed network	4
hsa-miR-92a	MYCN	miRNA_target	-1	mechanistic (miRNA repression)	predicted_only	analysed network	2
hsa-miR-92a	RELA	miRNA_target	-1	mechanistic (miRNA repression)	weak	analysed network	2
hsa-miR-92a	SMAD6	miRNA_target	-1	mechanistic (miRNA repression)	weak	analysed network	8
hsa-miR-92a	TFAP2A	miRNA_target	-1	mechanistic (miRNA repression)	predicted_only	analysed network	1
hsa-miR-92a	TGFB2	miRNA_target	-1	mechanistic (miRNA repression)	weak	analysed network	8
hsa-miR-92a	TP53	miRNA_target	-1	mechanistic (miRNA repression)	strong	analysed network	9
hsa-miR-93	E2F1	miRNA_target	-1	mechanistic (miRNA repression)	strong	analysed network	1
hsa-miR-93	JUN	miRNA_target	-1	mechanistic (miRNA repression)	weak	analysed network	1
hsa-miR-93	MYC	miRNA_target	-1	mechanistic (miRNA repression)	strong	analysed network	2
hsa-miR-93	TLR4	miRNA_target	-1	mechanistic (miRNA repression)	predicted_only	analysed network	8
hsa-miR-96	CYLD	miRNA_target	-1	mechanistic (miRNA repression)	predicted_only	analysed network	2
hsa-miR-96	EGR1	miRNA_target	-1	mechanistic (miRNA repression)	weak	analysed network	8
hsa-miR-96	FN1	miRNA_target	-1	mechanistic (miRNA repression)	weak	analysed network	28
hsa-miR-96	FST	miRNA_target	-1	mechanistic (miRNA repression)	weak	analysed network	2
hsa-miR-96	HBEGF	miRNA_target	-1	mechanistic (miRNA repression)	strong	analysed network	6
hsa-miR-96	HDAC2	miRNA_target	-1	mechanistic (miRNA repression)	predicted_only	analysed network	4
hsa-miR-96	MYCN	miRNA_target	-1	mechanistic (miRNA repression)	predicted_only	analysed network	1
hsa-miR-96	RELA	miRNA_target	-1	mechanistic (miRNA repression)	weak	analysed network	3
hsa-miR-96	SHC1	miRNA_target	-1	mechanistic (miRNA repression)	weak	analysed network	8
hsa-miR-96	STAT3	miRNA_target	-1	mechanistic (miRNA repression)	weak	analysed network	5
hsa-miR-96	THBS2	miRNA_target	-1	mechanistic (miRNA repression)	predicted_only	analysed network	2
