node,node_type,degree_all,degree_in,degree_out,betweenness,ffl_participation,ffl_as_source,ffl_as_mid,ffl_as_sink,hub_degree,hub_betweenness,hub_centrality,hub_ffl,driver_rank,driver_padj,med_rank,exir_call
ABCA1,Gene,68,68,0,0,123,0,0,123,TRUE,FALSE,TRUE,TRUE,1733,0.685456254382375,,"DE, not ExIR-significant"
ADAMTS5,Gene,72,72,0,0,12,0,0,12,TRUE,FALSE,TRUE,FALSE,294,0.685456254382375,,"DE, not ExIR-significant"
AR,TF,46,21,25,4531.34049523899,45,20,25,0,FALSE,TRUE,TRUE,FALSE,,,,not ranked by ExIR
BACE1,Gene,41,41,0,0,64,0,0,64,FALSE,FALSE,FALSE,TRUE,,,473,nonDE MEDIATOR
CCND2,Gene,90,90,0,0,270,0,0,270,TRUE,FALSE,TRUE,TRUE,1585,0.685456254382375,,"DE, not ExIR-significant"
CEBPA,TF,54,38,16,4410.49978486676,71,5,21,45,TRUE,TRUE,TRUE,TRUE,2455,0.685456254382375,,"DE, not ExIR-significant"
CEBPB,TF,46,23,23,3547.29854485221,42,8,18,16,FALSE,TRUE,TRUE,FALSE,,,,not ranked by ExIR
DCBLD2,Gene,55,55,0,0,8,0,0,8,TRUE,FALSE,TRUE,FALSE,,,525,nonDE MEDIATOR
E2F1,TF,80,32,48,6021.16200921527,130,66,64,0,TRUE,TRUE,TRUE,TRUE,334,0.685456254382375,,"DE, not ExIR-significant"
EGR1,TF,85,37,48,8228.4779633133,112,53,57,2,TRUE,TRUE,TRUE,TRUE,561,0.685456254382375,,"DE, not ExIR-significant"
EPAS1,TF,61,46,15,2910.10568051658,118,6,44,68,TRUE,TRUE,TRUE,TRUE,691,0.685456254382375,,"DE, not ExIR-significant"
ESR1,TF,58,26,32,3426.44479422738,58,32,26,0,TRUE,TRUE,TRUE,TRUE,,,539,nonDE MEDIATOR
ETV1,Gene,52,52,0,0,11,0,0,11,TRUE,FALSE,TRUE,FALSE,2023,0.685456254382375,,"DE, not ExIR-significant"
EZH2,TF,60,27,33,5241.10305943438,81,48,33,0,TRUE,TRUE,TRUE,TRUE,589,0.685456254382375,,"DE, not ExIR-significant"
F3,Gene,35,35,0,0,67,0,0,67,FALSE,FALSE,FALSE,TRUE,1370,0.685456254382375,,"DE, not ExIR-significant"
FAS,Gene,30,30,0,0,68,0,0,68,FALSE,FALSE,FALSE,TRUE,,,247,nonDE MEDIATOR
FN1,Gene,28,28,0,0,71,0,0,71,FALSE,FALSE,FALSE,TRUE,236,0.685456254382375,,"DE, not ExIR-significant"
FOS,TF,52,41,11,3467.70668637203,113,4,36,73,TRUE,TRUE,TRUE,TRUE,1086,0.685456254382375,,"DE, not ExIR-significant"
HBEGF,Gene,35,35,0,0,76,0,0,76,FALSE,FALSE,FALSE,TRUE,2078,0.685456254382375,,"DE, not ExIR-significant"
HDAC2,TF,30,12,18,635.835314253888,46,28,18,0,FALSE,FALSE,FALSE,TRUE,,,,not ranked by ExIR
HIF1A,TF,108,48,60,13014.3010167644,185,86,93,6,TRUE,TRUE,TRUE,TRUE,,,,not ranked by ExIR
HNF4A,TF,81,40,41,19088.6651385313,0,0,0,0,TRUE,TRUE,TRUE,FALSE,,,,not ranked by ExIR
IRF1,TF,41,37,4,1588.11563240295,65,0,8,57,FALSE,FALSE,FALSE,TRUE,,,,not ranked by ExIR
JUN,TF,66,21,45,4273.83725102452,89,47,42,0,TRUE,TRUE,TRUE,TRUE,1472,0.685456254382375,,"DE, not ExIR-significant"
KLF4,TF,40,16,24,2180.29470159758,19,11,8,0,FALSE,TRUE,TRUE,FALSE,763,0.685456254382375,,"DE, not ExIR-significant"
MAP3K1,Gene,65,65,0,0,24,0,0,24,TRUE,FALSE,TRUE,FALSE,,,,not ranked by ExIR
MMP2,Gene,35,35,0,0,94,0,0,94,FALSE,FALSE,FALSE,TRUE,,,213,nonDE MEDIATOR
MYC,TF,125,58,67,16036.8109354645,205,100,95,10,TRUE,TRUE,TRUE,TRUE,3330,0.685456254382375,,"DE, not ExIR-significant"
MYCN,TF,73,35,38,8409.88366104033,34,17,17,0,TRUE,TRUE,TRUE,FALSE,,,,not ranked by ExIR
NFKB1,TF,120,44,76,12133.653459603,444,142,239,63,TRUE,TRUE,TRUE,TRUE,,,,not ranked by ExIR
PTHLH,Gene,29,29,0,0,60,0,0,60,FALSE,FALSE,FALSE,TRUE,3757,0.685456254382375,,"DE, not ExIR-significant"
RELA,TF,130,47,83,13766.5215466578,500,244,223,33,TRUE,TRUE,TRUE,TRUE,,,,not ranked by ExIR
SERPINE1,Gene,39,39,0,0,97,0,0,97,FALSE,FALSE,FALSE,TRUE,,,,not ranked by ExIR
SMAD3,TF,60,27,33,4521.56368980587,92,43,47,2,TRUE,TRUE,TRUE,TRUE,,,,not ranked by ExIR
SMAD7,Gene,50,50,0,0,55,0,0,55,TRUE,FALSE,TRUE,TRUE,,,,not ranked by ExIR
SNAI1,TF,27,12,15,2235.4439267806,15,8,7,0,FALSE,TRUE,TRUE,FALSE,,,,not ranked by ExIR
SNAI2,TF,50,35,15,4222.16904478238,74,3,23,48,TRUE,TRUE,TRUE,TRUE,2356,0.685456254382375,,"DE, not ExIR-significant"
SOX2,TF,55,33,22,6460.00477339752,38,9,17,12,TRUE,TRUE,TRUE,FALSE,,,,not ranked by ExIR
SP1,TF,119,28,91,7691.1064210071,515,287,227,1,TRUE,TRUE,TRUE,TRUE,,,1084,nonDE MEDIATOR
SPI1,TF,36,17,19,2639.62193302728,6,3,3,0,FALSE,TRUE,TRUE,FALSE,,,,not ranked by ExIR
STAT3,TF,98,41,57,10309.1165206259,263,125,132,6,TRUE,TRUE,TRUE,TRUE,,,,not ranked by ExIR
TERT,Gene,39,39,0,0,74,0,0,74,FALSE,FALSE,FALSE,TRUE,3717,0.685456254382375,,"DE, not ExIR-significant"
TGFBR2,Gene,72,72,0,0,69,0,0,69,TRUE,FALSE,TRUE,TRUE,7,1.29562834628391e-27,,significant Driver
TP53,TF,140,61,79,23986.8747737433,154,75,78,1,TRUE,TRUE,TRUE,TRUE,,,,not ranked by ExIR
TWIST1,TF,83,57,26,8869.0067300119,161,11,61,89,TRUE,TRUE,TRUE,TRUE,3302,0.685456254382375,,"DE, not ExIR-significant"
VDR,TF,30,26,4,571.956950331116,46,0,10,36,FALSE,FALSE,FALSE,TRUE,,,,not ranked by ExIR
VEGFA,Gene,77,77,0,0,337,0,0,337,TRUE,FALSE,TRUE,TRUE,,,,not ranked by ExIR
hsa-let-7b,miRNA,36,9,27,425.700055630153,109,44,48,17,FALSE,FALSE,FALSE,TRUE,,,,not ranked by ExIR
hsa-let-7e,miRNA,38,11,27,753.856130999437,123,20,71,32,FALSE,FALSE,FALSE,TRUE,,,,not ranked by ExIR
hsa-miR-101,miRNA,42,8,34,2127.45396944531,22,11,10,1,FALSE,TRUE,TRUE,FALSE,,,,not ranked by ExIR
hsa-miR-106a,miRNA,49,10,39,987.647356839837,48,25,23,0,FALSE,FALSE,FALSE,TRUE,,,,not ranked by ExIR
hsa-miR-124,miRNA,68,11,57,4011.4537015804,48,25,23,0,TRUE,TRUE,TRUE,TRUE,,,,not ranked by ExIR
hsa-miR-125b,miRNA,33,8,25,2488.19243451684,13,7,5,1,FALSE,TRUE,TRUE,FALSE,950,0.685456254382375,,"DE, not ExIR-significant"
hsa-miR-130a,miRNA,66,8,58,1474.28699162837,86,42,41,3,TRUE,FALSE,TRUE,TRUE,,,611,nonDE MEDIATOR
hsa-miR-141,miRNA,50,17,33,3014.77373649825,28,12,12,4,TRUE,TRUE,TRUE,FALSE,1097,0.685456254382375,,"DE, not ExIR-significant"
hsa-miR-142,miRNA,51,9,42,2809.80647982763,24,13,11,0,TRUE,TRUE,TRUE,FALSE,3495,0.685456254382375,,"DE, not ExIR-significant"
hsa-miR-143,miRNA,53,18,35,3646.30877554222,91,65,25,1,TRUE,TRUE,TRUE,TRUE,2499,0.685456254382375,,"DE, not ExIR-significant"
hsa-miR-145,miRNA,65,23,42,6752.3387074509,49,22,22,5,TRUE,TRUE,TRUE,TRUE,764,0.685456254382375,,"DE, not ExIR-significant"
hsa-miR-146a,miRNA,38,18,20,2661.90645192925,9,3,3,3,FALSE,TRUE,TRUE,FALSE,,,,not ranked by ExIR
hsa-miR-148a,miRNA,37,9,28,2116.37439333976,19,10,9,0,FALSE,TRUE,TRUE,FALSE,,,,not ranked by ExIR
hsa-miR-150,miRNA,32,13,19,2392.89471740537,19,9,9,1,FALSE,TRUE,TRUE,FALSE,,,,not ranked by ExIR
hsa-miR-155,miRNA,56,21,35,5903.36536839993,37,16,16,5,TRUE,TRUE,TRUE,FALSE,,,,not ranked by ExIR
hsa-miR-17,miRNA,75,23,52,3334.54019401658,130,64,62,4,TRUE,TRUE,TRUE,TRUE,,,,not ranked by ExIR
hsa-miR-181a,miRNA,52,9,43,1858.17043602683,32,20,11,1,TRUE,FALSE,TRUE,FALSE,,,,not ranked by ExIR
hsa-miR-182,miRNA,54,17,37,4114.00431968904,50,24,24,2,TRUE,TRUE,TRUE,TRUE,1045,0.685456254382375,,"DE, not ExIR-significant"
hsa-miR-183,miRNA,50,14,36,2653.64775204909,26,13,13,0,TRUE,TRUE,TRUE,FALSE,952,0.685456254382375,,"DE, not ExIR-significant"
hsa-miR-18a,miRNA,53,22,31,2403.79599547093,34,16,16,2,TRUE,TRUE,TRUE,FALSE,,,,not ranked by ExIR
hsa-miR-199a,miRNA,41,5,36,1151.12388095581,46,32,13,1,FALSE,FALSE,FALSE,TRUE,,,780,nonDE MEDIATOR
hsa-miR-19a,miRNA,74,22,52,3080.83759561315,78,38,38,2,TRUE,TRUE,TRUE,TRUE,,,,not ranked by ExIR
hsa-miR-19b,miRNA,63,9,54,1389.22603281573,48,38,10,0,TRUE,FALSE,TRUE,TRUE,,,,not ranked by ExIR
hsa-miR-200a,miRNA,64,24,40,4948.18223794913,40,17,17,6,TRUE,TRUE,TRUE,FALSE,1504,0.685456254382375,,"DE, not ExIR-significant"
hsa-miR-200b,miRNA,80,29,51,7746.05590719286,97,44,44,9,TRUE,TRUE,TRUE,TRUE,2551,0.685456254382375,,"DE, not ExIR-significant"
hsa-miR-200c,miRNA,69,24,45,6930.64341128794,58,26,26,6,TRUE,TRUE,TRUE,TRUE,1834,0.685456254382375,,"DE, not ExIR-significant"
hsa-miR-20a,miRNA,75,23,52,3368.41980439517,112,56,54,2,TRUE,TRUE,TRUE,TRUE,,,,not ranked by ExIR
hsa-miR-21,miRNA,67,27,40,10375.4491667025,43,19,19,5,TRUE,TRUE,TRUE,FALSE,481,0.685456254382375,,"DE, not ExIR-significant"
hsa-miR-214,miRNA,29,11,18,2565.89811988761,10,4,4,2,FALSE,TRUE,TRUE,FALSE,,,1084,nonDE MEDIATOR
hsa-miR-221,miRNA,36,13,23,3134.40844253019,7,4,3,0,FALSE,TRUE,TRUE,FALSE,,,1084,nonDE MEDIATOR
hsa-miR-222,miRNA,34,12,22,2318.04034171867,7,4,3,0,FALSE,TRUE,TRUE,FALSE,,,919,nonDE MEDIATOR
hsa-miR-23a,miRNA,65,16,49,3464.99568351766,76,36,36,4,TRUE,TRUE,TRUE,TRUE,,,1084,nonDE MEDIATOR
hsa-miR-23b,miRNA,60,13,47,2193.70667176816,89,43,43,3,TRUE,TRUE,TRUE,TRUE,,,,not ranked by ExIR
hsa-miR-27a,miRNA,68,17,51,4550.88762042526,94,44,44,6,TRUE,TRUE,TRUE,TRUE,,,1084,nonDE MEDIATOR
hsa-miR-27b,miRNA,55,10,45,1491.48311792926,53,26,26,1,TRUE,FALSE,TRUE,TRUE,,,,not ranked by ExIR
hsa-miR-29a,miRNA,69,23,46,5078.42787398935,227,34,134,59,TRUE,TRUE,TRUE,TRUE,,,1084,nonDE MEDIATOR
hsa-miR-29b,miRNA,75,19,56,6043.21820628314,277,132,120,25,TRUE,TRUE,TRUE,TRUE,,,,not ranked by ExIR
hsa-miR-29c,miRNA,61,15,46,2033.26610716091,282,174,98,10,TRUE,FALSE,TRUE,TRUE,,,,not ranked by ExIR
hsa-miR-34a,miRNA,55,23,32,6243.01106472879,33,13,13,7,TRUE,TRUE,TRUE,FALSE,,,,not ranked by ExIR
hsa-miR-424,miRNA,52,12,40,1916.16451669533,52,26,26,0,TRUE,FALSE,TRUE,TRUE,,,,not ranked by ExIR
hsa-miR-429,miRNA,64,21,43,3216.80168542292,69,31,31,7,TRUE,TRUE,TRUE,TRUE,1390,0.685456254382375,,"DE, not ExIR-significant"
hsa-miR-92a,miRNA,73,22,51,3869.11495610944,44,21,21,2,TRUE,TRUE,TRUE,FALSE,,,,not ranked by ExIR
hsa-miR-96,miRNA,54,16,38,3330.3409074405,47,24,23,0,TRUE,TRUE,TRUE,TRUE,826,0.685456254382375,,"DE, not ExIR-significant"
