cohort,score_method,module,endpoint,n,n_event,uni_HR_per_SD,uni_CI_low,uni_CI_high,uni_p,uni_C_index,logrank_p,mv_HR_per_SD,mv_p,mv_n
METABRIC,GSVA,MS_exemplar_module,OS,1979,1143,0.918308956729667,0.866302621171463,0.973437364035194,0.00416952298149736,0.540055445192279,0.000760842119772681,0.950210173451929,0.148109691308397,1466
METABRIC,GSVA,MS_exemplar_module,RFS,1975,800,0.894440058452384,0.834459200342737,0.958732335668072,0.00163316812285415,0.550784862786098,0.00174169058548254,0.911583528776761,0.0238100132257916,1464
METABRIC,GSVA,FFL_3node,OS,1979,1143,0.942540232367852,0.889459882837731,0.998788261026176,0.0453965080996634,0.508508020280488,0.062009800783752,1.03582936561239,0.317038254834935,1466
METABRIC,GSVA,FFL_3node,RFS,1975,800,0.969037683181676,0.904470020234334,1.03821465655967,0.371328302573506,0.511008916070495,0.366805583205413,0.978991773564312,0.612875410438114,1464
METABRIC,GSVA,FFL_higher_order_only,OS,1979,1143,0.965544923775842,0.911718901011756,1.02254872504533,0.230895573677838,0.510665045808996,0.152193350928151,1.0303062637919,0.391790111769092,1466
METABRIC,GSVA,FFL_higher_order_only,RFS,1975,800,0.99357199869681,0.927646303359808,1.06418288200893,0.853937903218346,0.507069065731801,0.897704257756378,1.02041714746969,0.625995057405712,1464
METABRIC,GSVA,FFL_6node_all,OS,1979,1143,0.945255628060477,0.892155793398093,1.00151588880767,0.0563120336611072,0.509787410679871,0.0378694327597777,1.03461575515422,0.333817495728031,1466
METABRIC,GSVA,FFL_6node_all,RFS,1975,800,0.976377441164576,0.911389162952381,1.04599982791862,0.496347282628176,0.509673698871509,0.56198866740385,0.992697274676084,0.861395314049723,1464
METABRIC,meanZ,MS_exemplar_module,OS,1979,1143,0.949972494949619,0.897410475294681,1.00561311239928,0.077190843962621,0.53455836570107,0.00094379409216903,0.987420357814781,0.710421449388522,1466
METABRIC,meanZ,MS_exemplar_module,RFS,1975,800,0.927981406616583,0.868136329324465,0.991951911166061,0.0279816161458182,0.544675398737347,0.00216913519420189,0.943708369742504,0.141374738179129,1464
METABRIC,meanZ,FFL_3node,OS,1979,1143,0.9490155504782,0.894944288734933,1.00635372099256,0.0804022804611021,0.503642482284223,0.0804703028700995,1.05128892460447,0.15773373225154,1466
METABRIC,meanZ,FFL_3node,RFS,1975,800,0.972535110554122,0.907059629151295,1.04273689497734,0.433545300794497,0.506272139381688,0.992150095467866,0.974218659250778,0.536126521995617,1464
METABRIC,meanZ,FFL_higher_order_only,OS,1979,1143,0.984444374687726,0.929508024720194,1.04262760630393,0.592561454333561,0.501600349868058,0.195122262529511,1.05343676198316,0.139483323730352,1466
METABRIC,meanZ,FFL_higher_order_only,RFS,1975,800,1.01618496232334,0.948108971161261,1.08914893652709,0.649963166370339,0.50374336047026,0.914269418446462,1.02186379435166,0.609733720432945,1464
METABRIC,meanZ,FFL_6node_all,OS,1979,1143,0.956642365835139,0.902562352479846,1.01396276234676,0.135453925838493,0.502993892133899,0.194672803241569,1.05548164221496,0.128580959136281,1466
METABRIC,meanZ,FFL_6node_all,RFS,1975,800,0.983487838769535,0.917482422814943,1.05424180884026,0.638543809670154,0.503263559628735,0.739098422136969,0.98603594805702,0.740372609273715,1464
TCGA_proteincoding_only,GSVA,MS_exemplar_module,OS,1081,151,1.03941054010791,0.883729861875468,1.22251642441348,0.640563021141595,0.479751354012802,0.46556496947534,0.976508586724633,0.791577878492758,1057
TCGA_proteincoding_only,GSVA,MS_exemplar_module,RFS,1081,145,1.02700127073612,0.871533142434289,1.21020252557192,0.750384741542881,0.503038335542274,0.647464548748536,0.955620041008303,0.610422510123592,1057
TCGA_proteincoding_only,GSVA,FFL_3node,OS,1081,151,0.979537605979282,0.832121286182159,1.15306979578645,0.803792080731517,0.518648449039882,0.767377118637125,1.14825309891954,0.108978463188982,1057
TCGA_proteincoding_only,GSVA,FFL_3node,RFS,1081,145,1.03961390751427,0.880721801336197,1.22717193449436,0.646180629712441,0.499949986246218,0.719061319076036,1.12187034120232,0.200013821546962,1057
TCGA_proteincoding_only,GSVA,FFL_higher_order_only,OS,1081,151,0.935714143114208,0.798105882063311,1.09704862136889,0.412955044450298,0.543990029542098,0.477283195747963,0.988328467144584,0.887806515668657,1057
TCGA_proteincoding_only,GSVA,FFL_higher_order_only,RFS,1081,145,0.953761218197738,0.810550685882158,1.12227461796298,0.568470160625085,0.522568706394258,0.968417102452763,0.925653828722183,0.368846293357728,1057
TCGA_proteincoding_only,GSVA,FFL_6node_all,OS,1081,151,0.960536625055645,0.816018920046976,1.13064854920297,0.628403527003846,0.52840349581487,0.569086788958716,1.10200375948259,0.258324591968614,1057
TCGA_proteincoding_only,GSVA,FFL_6node_all,RFS,1081,145,1.01204267767701,0.857524702481649,1.19440335476699,0.887384066658186,0.49116006901898,0.780875231944188,1.06111123364324,0.506850353911786,1057
TCGA_proteincoding_only,meanZ,MS_exemplar_module,OS,1081,151,0.994134610756253,0.840367238530514,1.1760377832335,0.945295272061882,0.537004554406696,0.780537669926266,0.972282024025241,0.757907471668766,1057
TCGA_proteincoding_only,meanZ,MS_exemplar_module,RFS,1081,145,1.01841900492069,0.860131416474793,1.20583581731553,0.832288163689509,0.487921678461577,0.861639109133517,0.955191233702711,0.610963273676003,1057
TCGA_proteincoding_only,meanZ,FFL_3node,OS,1081,151,0.905691586978779,0.767432671595712,1.06885891242882,0.241178868323176,0.539297144263909,0.160506710036274,1.07032848898413,0.44409517333692,1057
TCGA_proteincoding_only,meanZ,FFL_3node,RFS,1081,145,0.984765701893394,0.830569131790429,1.1675891271508,0.85975441352297,0.52533196629073,0.788914692425363,1.05193591589284,0.590097528723856,1057
TCGA_proteincoding_only,meanZ,FFL_higher_order_only,OS,1081,151,0.877971032797562,0.748351369533932,1.03004172346432,0.110312260309526,0.562330748399803,0.130846062013364,0.962996975721388,0.659025085373448,1057
TCGA_proteincoding_only,meanZ,FFL_higher_order_only,RFS,1081,145,0.920725159801879,0.78118901107948,1.08518528533928,0.324619875059919,0.545162419665408,0.316919203983099,0.908020196486856,0.27993356836716,1057
TCGA_proteincoding_only,meanZ,FFL_6node_all,OS,1081,151,0.894264673638325,0.758454625270308,1.05439307754561,0.183604696713747,0.54732890201871,0.22907731601008,1.03842657331391,0.668892400443982,1057
TCGA_proteincoding_only,meanZ,FFL_6node_all,RFS,1081,145,0.964499128739821,0.814432126088768,1.14221742922563,0.675280217680507,0.53210882992823,0.963589528598368,1.00686615517355,0.941439894912197,1057
