motif_class,n_real,rand_mean,rand_sd,Z,p_emp,null_model,p_emp_under,fold_change,rand_min,rand_max,n_rand,SP
miRNA-FFL,206,1167.177,46.462,-20.687,1.0,NM1,0.000999000999000999,0.1765,1009,1327,1000,-0.4867
TF-FFL,9,957.145,41.739,-22.716,1.0,NM1,0.000999000999000999,0.0094,822,1082,1000,-0.5344
Composite-FFL,2868,827.96,71.129,28.681,0.000999000999000999,NM1,1.0,3.4639,616,1042,1000,0.6748
TF-TF-FFL,123,57.932,10.281,6.329,0.000999000999000999,NM1,1.0,2.1232,28,99,1000,0.1489
Any-3node-FFL,3731,3372.484,98.909,3.625,0.000999000999000999,NM1,1.0,1.1063,3063,3693,1000,
4N-cascade-FFL,250678,217728.776,3949.101,8.343,0.000999000999000999,NM1,1.0,1.1513,204696,230184,1000,
4N-multi-output-FFL,9065,4529.374,364.803,12.433,0.000999000999000999,NM1,1.0,2.0014,3503,5956,1000,
4N-multi-input-FFL,8136,6247.007,508.143,3.717,0.000999000999000999,NM1,1.0,1.3024,4742,7822,1000,
Mutual-TF-miRNA-pairs,1223,250.761,11.081,87.739,0.000999000999000999,NM1,1.0,4.8772,212,300,1000,
miRNA-FFL,206,242.341,19.792,-1.836,0.973026973026973,NM2,0.03196803196803197,0.85,189,308,1000,-0.2561
TF-FFL,9,16.665,4.73,-1.62,0.965034965034965,NM2,0.07292707292707293,0.5401,4,34,1000,-0.226
Composite-FFL,2868,2583.766,100.915,2.817,0.005994005994005994,NM2,0.995004995004995,1.11,2304,2926,1000,0.3929
TF-TF-FFL,123,57.673,10.673,6.121,0.000999000999000999,NM2,1.0,2.1327,27,92,1000,0.8538
Any-3node-FFL,3731,3263.059,112.892,4.145,0.000999000999000999,NM2,1.0,1.1434,2947,3680,1000,
4N-cascade-FFL,250678,203857.57,5107.166,9.168,0.000999000999000999,NM2,1.0,1.2297,188479,218803,1000,
4N-multi-output-FFL,9065,4325.648,416.237,11.386,0.000999000999000999,NM2,1.0,2.0956,3131,6039,1000,
4N-multi-input-FFL,8136,5939.997,521.833,4.208,0.000999000999000999,NM2,1.0,1.3697,4469,8087,1000,
Mutual-TF-miRNA-pairs,1223,1223.0,0.0,NA,1.0,NM2,1.0,1.0,1223,1223,1000,
