script	analysis_folder	earlier_path
scripts/01_network_assembly/01_mirna_canon.R	01_network_assembly	scripts/00_mirna_canon.R
scripts/01_network_assembly/02_build_canonical_network.py	01_network_assembly	scripts/01_build_canonical_network.py
scripts/01_network_assembly/03_layer_TF_target.R	01_network_assembly	scripts/02_layer_TF_target.R
scripts/01_network_assembly/04_layer_TF_miRNA.R	01_network_assembly	scripts/03_layer_TF_miRNA.R
scripts/01_network_assembly/05_layer_miRNA_miRNA.R	01_network_assembly	scripts/04_layer_miRNA_miRNA.R
scripts/01_network_assembly/06_layer_gene_gene.R	01_network_assembly	scripts/05_layer_gene_gene.R
scripts/01_network_assembly/06a_string_map_and_fetch.R	01_network_assembly	scripts/05a_string_map_and_fetch.R
scripts/01_network_assembly/07_edge_evidence_tier.R	01_network_assembly	scripts/06_edge_evidence_tier.R
scripts/01_network_assembly/08_layer_summary.R	01_network_assembly	scripts/07_layer_summary.R
scripts/03_ffl_census/01a_counting_convention.py	03_ffl_census	scripts/v2/00_counting_convention.py
scripts/03_ffl_census/01b_coherence_corrected.py	03_ffl_census	scripts/v2/01_coherence_corrected.py
scripts/03_ffl_census/02_ffl_census.py	03_ffl_census	scripts/02_ffl_census.py
scripts/03_ffl_census/02b_ffl_class_coverage.py	03_ffl_census	scripts/02b_ffl_class_coverage.py
scripts/03_ffl_census/02c_candidate_space.py	03_ffl_census	scripts/02c_candidate_space.py
scripts/03_ffl_census/02e_exemplar_audit.py	03_ffl_census	scripts/02e_exemplar_audit.py
scripts/03_ffl_census/02g_nineclass_search.py	03_ffl_census	scripts/02g_nineclass_search.py
scripts/03_ffl_census/02h_exemplar_permissive.py	03_ffl_census	scripts/02h_exemplar_permissive.py
scripts/03_ffl_census/02x_ffl_core_crosscheck.py	03_ffl_census	scripts/02x_ffl_core_crosscheck.py
scripts/03_ffl_census/02y_ffl_per_network.py	03_ffl_census	scripts/02y_ffl_per_network.py
scripts/03_ffl_census/03_ffl_census.py	03_ffl_census	scripts/03_ffl_census.py
scripts/03_ffl_census/03_ffl_census_nolegacymirna.py	03_ffl_census	scripts/v7/03_ffl_census_nolegacymirna.py
scripts/03_ffl_census/03_ffl_enumerate.py	03_ffl_census	scripts/03_ffl_enumerate.py
scripts/03_ffl_census/11_ffl_module_membership.R	03_ffl_census	scripts/11_ffl_module_membership.R
scripts/03_ffl_census/60_census_nostring.py	03_ffl_census	scripts/v5/60_census_nostring.py
scripts/03_ffl_census/60_census_sensitivity.py	03_ffl_census	scripts/v5/60_census_sensitivity.py
scripts/03_ffl_census/R1_graph_and_n3.py	03_ffl_census	scripts/v2/R1_graph_and_n3.py
scripts/03_ffl_census/R2_n3_breakdown.py	03_ffl_census	scripts/v2/R2_n3_breakdown.py
scripts/03_ffl_census/R4_export_graph.py	03_ffl_census	scripts/v2/R4_export_graph.py
scripts/03_ffl_census/R5_census.c	03_ffl_census	scripts/v2/R5_census.c
scripts/03_ffl_census/R6_published_convention.py	03_ffl_census	scripts/v2/R6_published_convention.py
scripts/03_ffl_census/R8_string_impact.py	03_ffl_census	scripts/v2/R8_string_impact.py
scripts/03_ffl_census/R9_no_string_census.py	03_ffl_census	scripts/v2/R9_no_string_census.py
scripts/03_ffl_census/ffl_cores.py	03_ffl_census	scripts/ffl_cores.py
scripts/03_ffl_census/ffl_def.py	03_ffl_census	scripts/ffl_def.py
scripts/03_ffl_census/ffl_enum.c	03_ffl_census	scripts/ffl_enum.c
scripts/03_ffl_census/ffl_enum2.c	03_ffl_census	scripts/ffl_enum2.c
scripts/03_ffl_census/ffl_graph.py	03_ffl_census	scripts/ffl_graph.py
scripts/03_ffl_census/run_dep67.sh	03_ffl_census	scripts/v2/run_dep67.sh
scripts/03_ffl_census/run_n6s.sh	03_ffl_census	scripts/v2/run_n6s.sh
scripts/03_ffl_census/run_n7.sh	03_ffl_census	scripts/v2/run_n7.sh
scripts/03_ffl_census/run_n7b.sh	03_ffl_census	scripts/v2/run_n7b.sh
scripts/03_ffl_census/v2_build_graph.py	03_ffl_census	scripts/v2/v2_build_graph.py
scripts/03_ffl_census/v2_census.c	03_ffl_census	scripts/v2/v2_census.c
scripts/03_ffl_census/v2_census2.c	03_ffl_census	scripts/v2/v2_census2.c
scripts/03_ffl_census/v2_census3.c	03_ffl_census	scripts/v2/v2_census3.c
scripts/03_ffl_census/v2_classdiv.py	03_ffl_census	scripts/v2/v2_classdiv.py
scripts/03_ffl_census/v2_core3.py	03_ffl_census	scripts/v2/v2_core3.py
scripts/03_ffl_census/v2_export_graph.py	03_ffl_census	scripts/v2/v2_export_graph.py
scripts/03_ffl_census/v2_ffl_grid.py	03_ffl_census	scripts/v2/v2_ffl_grid.py
scripts/03_ffl_census/v2_ffl_variants.py	03_ffl_census	scripts/v2/v2_ffl_variants.py
scripts/03_ffl_census/v2_graph_final.py	03_ffl_census	scripts/v2/v2_graph_final.py
scripts/03_ffl_census/v2_make_census_csv.py	03_ffl_census	scripts/v2/v2_make_census_csv.py
scripts/03_ffl_census/v2_pernet.py	03_ffl_census	scripts/v2/v2_pernet.py
scripts/04_motif_significance/08_motif_node_sets.py	04_motif_significance	scripts/08_motif_node_sets.py
scripts/04_motif_significance/08_motif_significance.py	04_motif_significance	scripts/08_motif_significance.py
scripts/04_motif_significance/08a_control_pool_fetch.R	04_motif_significance	scripts/08a_control_pool_fetch.R
scripts/04_motif_significance/08c_reciprocity_audit.py	04_motif_significance	scripts/08c_reciprocity_audit.py
scripts/04_motif_significance/10_motif_class_comparison.R	04_motif_significance	scripts/10_motif_class_comparison.R
scripts/04_motif_significance/10_motif_specificity.py	04_motif_significance	scripts/10_motif_specificity.py
scripts/04_motif_significance/11_specificity_enrichment.py	04_motif_significance	scripts/11_specificity_enrichment.py
scripts/04_motif_significance/30_motif_significance.py	04_motif_significance	scripts/30_motif_significance.py
scripts/04_motif_significance/v2_analyse_null.py	04_motif_significance	scripts/v2/v2_analyse_null.py
scripts/04_motif_significance/v2_null.c	04_motif_significance	scripts/v2/v2_null.c
scripts/05_network_architecture/01_architecture.py	05_network_architecture	scripts/v3/01_architecture.py
scripts/05_network_architecture/01b_architecture_nulls.py	05_network_architecture	scripts/v3/01b_architecture_nulls.py
scripts/05_network_architecture/02_powerlaw_csn.R	05_network_architecture	scripts/v3/02_powerlaw_csn.R
scripts/05_network_architecture/03_controllability.py	05_network_architecture	scripts/v3/03_controllability.py
scripts/05_network_architecture/04_information_flow.py	05_network_architecture	scripts/v3/04_information_flow.py
scripts/05_network_architecture/05_perturbation.py	05_network_architecture	scripts/v3/05_perturbation.py
scripts/05_network_architecture/06_knockout_landscape.py	05_network_architecture	scripts/v3/06_knockout_landscape.py
scripts/05_network_architecture/07_dynamics.py	05_network_architecture	scripts/v3/07_dynamics.py
scripts/05_network_architecture/07b_dynamics_nulls.py	05_network_architecture	scripts/v3/07b_dynamics_nulls.py
scripts/05_network_architecture/09_combination_stats.py	05_network_architecture	scripts/v3/09_combination_stats.py
scripts/05_network_architecture/10_figures.py	05_network_architecture	scripts/v3/10_figures.py
scripts/05_network_architecture/11_master_summary.py	05_network_architecture	scripts/v3/11_master_summary.py
scripts/05_network_architecture/12_controllability_degree_control.py	05_network_architecture	scripts/v3/12_controllability_degree_control.py
scripts/05_network_architecture/13_matching_crosscheck.py	05_network_architecture	scripts/v3/13_matching_crosscheck.py
scripts/05_network_architecture/14_regulator_subnetwork.py	05_network_architecture	scripts/v3/14_regulator_subnetwork.py
scripts/05_network_architecture/15_igraph_crosscheck.R	05_network_architecture	scripts/v3/15_igraph_crosscheck.R
scripts/05_network_architecture/16_flow_vs_degree_sinkcontrol.py	05_network_architecture	scripts/v3/16_flow_vs_degree_sinkcontrol.py
scripts/05_network_architecture/96_powerlaw_figure.R	05_network_architecture	scripts/v3/96_powerlaw_figure.R
scripts/05_network_architecture/netlib.py	05_network_architecture	scripts/v3/netlib.py
scripts/05_network_architecture/perturblib.py	05_network_architecture	scripts/v3/perturblib.py
scripts/06_node_prioritisation/01_assemble_node_compendium.py	06_node_prioritisation	scripts/v5/01_assemble_node_compendium.py
scripts/06_node_prioritisation/01_prioritisation.R	06_node_prioritisation	scripts/v5/01_prioritisation.R
scripts/06_node_prioritisation/02_dgidb_query.py	06_node_prioritisation	scripts/v5/02_dgidb_query.py
scripts/06_node_prioritisation/08_exir_prep_run.R	06_node_prioritisation	scripts/08_exir_prep_run.R
scripts/06_node_prioritisation/09_ffl_hubs.R	06_node_prioritisation	scripts/09_ffl_hubs.R
scripts/06_node_prioritisation/09_hub_bootstrap.py	06_node_prioritisation	scripts/09_hub_bootstrap.py
scripts/06_node_prioritisation/10_exir_classify_overlap.R	06_node_prioritisation	scripts/10_exir_classify_overlap.R
scripts/06_node_prioritisation/11_exir_mediator_enrichment.R	06_node_prioritisation	scripts/11_exir_mediator_enrichment.R
scripts/06_node_prioritisation/12_exir_primary_class.R	06_node_prioritisation	scripts/12_exir_primary_class.R
scripts/06_node_prioritisation/20_compendium.R	06_node_prioritisation	scripts/v5/20_compendium.R
scripts/06_node_prioritisation/31_hub_bootstrap.py	06_node_prioritisation	scripts/31_hub_bootstrap.py
scripts/06_node_prioritisation/40_node_compendium_assemble.py	06_node_prioritisation	scripts/v5/40_node_compendium_assemble.py
scripts/06_node_prioritisation/41_pubmed_literature.py	06_node_prioritisation	scripts/v5/41_pubmed_literature.py
scripts/06_node_prioritisation/42_pubmed_targeted.py	06_node_prioritisation	scripts/v5/42_pubmed_targeted.py
scripts/06_node_prioritisation/43_verify_pmids.py	06_node_prioritisation	scripts/v5/43_verify_pmids.py
scripts/06_node_prioritisation/44_write_compendium.py	06_node_prioritisation	scripts/v5/44_write_compendium.py
scripts/06_node_prioritisation/45_pubmed_all_nodes.py	06_node_prioritisation	scripts/v5/45_pubmed_all_nodes.py
scripts/06_node_prioritisation/45b_pubmed_all_nodes_par.py	06_node_prioritisation	scripts/v5/45b_pubmed_all_nodes_par.py
scripts/06_node_prioritisation/46_synthesis_stats.py	06_node_prioritisation	scripts/v5/46_synthesis_stats.py
scripts/06_node_prioritisation/47_literature_vs_topology.py	06_node_prioritisation	scripts/v5/47_literature_vs_topology.py
scripts/06_node_prioritisation/node_literature_text.py	06_node_prioritisation	scripts/v5/node_literature_text.py
scripts/07_expression_validation/edge_correlations/02_edge_corr_caf.R	07_expression_validation	scripts/v2/02_edge_corr_caf.R
scripts/07_expression_validation/edge_correlations/03_null_constructions.R	07_expression_validation	scripts/v2/03_null_constructions.R
scripts/07_expression_validation/edge_correlations/03b_null_within_network.R	07_expression_validation	scripts/v2/03b_null_within_network.R
scripts/07_expression_validation/edge_correlations/04_caf_adjusted_vs_matched_null.R	07_expression_validation	scripts/v2/04_caf_adjusted_vs_matched_null.R
scripts/07_expression_validation/edge_correlations/07_consolidate.R	07_expression_validation	scripts/v2/07_consolidate.R
scripts/07_expression_validation/edge_correlations/07_genomewide_direction_concordance.R	07_expression_validation	scripts/v6/07_genomewide_direction_concordance.R
scripts/07_expression_validation/edge_correlations/08_expression_validation.R	07_expression_validation	scripts/08_expression_validation.R
scripts/07_expression_validation/edge_correlations/09_anova_ffl_named_axes.R	07_expression_validation	scripts/09_anova_ffl_named_axes.R
scripts/07_expression_validation/edge_correlations/10_directional_evidence_and_anova_control.R	07_expression_validation	scripts/10_directional_evidence_and_anova_control.R
scripts/07_expression_validation/edge_correlations/10a_export_control_data.R	07_expression_validation	scripts/10a_export_control_data.R
scripts/07_expression_validation/edge_correlations/v2d_edge_rho.R	07_expression_validation	scripts/v2/v2d_edge_rho.R
scripts/07_expression_validation/external_cohorts/14_external_met500.R	07_expression_validation	scripts/14_external_met500.R
scripts/07_expression_validation/external_cohorts/16_external_geo_de.R	07_expression_validation	scripts/16_external_geo_de.R
scripts/07_expression_validation/external_cohorts/17_external_cohort_validation.R	07_expression_validation	scripts/17_external_cohort_validation.R
scripts/07_expression_validation/external_cohorts/N0_geo_utils.R	07_expression_validation	scripts/v2/N0_geo_utils.R
scripts/07_expression_validation/external_cohorts/N1_build_cohorts.R	07_expression_validation	scripts/v2/N1_build_cohorts.R
scripts/07_expression_validation/external_cohorts/N1b_build_geo.R	07_expression_validation	scripts/v2/N1b_build_geo.R
scripts/07_expression_validation/external_cohorts/N1c_build_geo2.R	07_expression_validation	scripts/v2/N1c_build_geo2.R
scripts/07_expression_validation/external_cohorts/N1d_build_scanb.py	07_expression_validation	scripts/v2/N1d_build_scanb.py
scripts/07_expression_validation/external_cohorts/N1e_build_scanb.R	07_expression_validation	scripts/v2/N1e_build_scanb.R
scripts/07_expression_validation/external_cohorts/N1f_fix_covariates.R	07_expression_validation	scripts/v2/N1f_fix_covariates.R
scripts/07_expression_validation/external_cohorts/N2_cohort_analysis.R	07_expression_validation	scripts/v2/N2_cohort_analysis.R
scripts/07_expression_validation/external_cohorts/N3_meta.R	07_expression_validation	scripts/v2/N3_meta.R
scripts/07_expression_validation/external_cohorts/N4_normal_vs_tumour.R	07_expression_validation	scripts/v2/N4_normal_vs_tumour.R
scripts/07_expression_validation/external_cohorts/N5_headline.R	07_expression_validation	scripts/v2/N5_headline.R
scripts/07_expression_validation/external_cohorts/N6_forest.R	07_expression_validation	scripts/v2/N6_forest.R
scripts/07_expression_validation/external_cohorts/N8_inventory.R	07_expression_validation	scripts/v2/N8_inventory.R
scripts/07_expression_validation/external_cohorts/N9_gtex_sex.R	07_expression_validation	scripts/v2/N9_gtex_sex.R
scripts/07_expression_validation/external_cohorts/run_newcohorts.sh	07_expression_validation	scripts/v2/run_newcohorts.sh
scripts/07_expression_validation/protein_cptac_and_rppa/06_cptac.R	07_expression_validation	scripts/v2/06_cptac.R
scripts/07_expression_validation/protein_cptac_and_rppa/20_cptac_prep.R	07_expression_validation	scripts/20_cptac_prep.R
scripts/07_expression_validation/protein_cptac_and_rppa/21_cptac_protein_validation.R	07_expression_validation	scripts/21_cptac_protein_validation.R
scripts/07_expression_validation/protein_cptac_and_rppa/22_cptac_axes_mrnaprot_phospho.R	07_expression_validation	scripts/22_cptac_axes_mrnaprot_phospho.R
scripts/07_expression_validation/protein_cptac_and_rppa/23_rppa_second_platform.R	07_expression_validation	scripts/23_rppa_second_platform.R
scripts/07_expression_validation/protein_cptac_and_rppa/24_nfkb_activity_score.R	07_expression_validation	scripts/24_nfkb_activity_score.R
scripts/07_expression_validation/subtypes_and_pan_cancer/20_pam50_subtype.R	07_expression_validation	scripts/v2/20_pam50_subtype.R
scripts/07_expression_validation/subtypes_and_pan_cancer/21_pancancer_axis.py	07_expression_validation	scripts/v2/21_pancancer_axis.py
scripts/07_expression_validation/subtypes_and_pan_cancer/22_cptac_pancancer.R	07_expression_validation	scripts/v2/22_cptac_pancancer.R
scripts/07_expression_validation/subtypes_and_pan_cancer/23_consolidate_generalisation.py	07_expression_validation	scripts/v2/23_consolidate_generalisation.py
scripts/07_expression_validation/subtypes_and_pan_cancer/24_within_subtype_pooled.R	07_expression_validation	scripts/v2/24_within_subtype_pooled.R
scripts/07_expression_validation/subtypes_and_pan_cancer/30_pam50_subtype_v3.R	07_expression_validation	scripts/v2/30_pam50_subtype_v3.R
scripts/07_expression_validation/subtypes_and_pan_cancer/31_pancancer_axis_v3.py	07_expression_validation	scripts/v2/31_pancancer_axis_v3.py
scripts/07_expression_validation/subtypes_and_pan_cancer/32_cptac_pancancer_v3.R	07_expression_validation	scripts/v2/32_cptac_pancancer_v3.R
scripts/07_expression_validation/subtypes_and_pan_cancer/33_subtype_contrasts_v3.R	07_expression_validation	scripts/v2/33_subtype_contrasts_v3.R
scripts/07_expression_validation/subtypes_and_pan_cancer/34_consolidate_v3.py	07_expression_validation	scripts/v2/34_consolidate_v3.py
scripts/07_expression_validation/subtypes_and_pan_cancer/35_pancancer_ecological_product_v3.py	07_expression_validation	scripts/v2/35_pancancer_ecological_product_v3.py
scripts/07_expression_validation/subtypes_and_pan_cancer/36_meta_v3.py	07_expression_validation	scripts/v2/36_meta_v3.py
scripts/07_expression_validation/tcga_differential_expression/01_de_limma.R	07_expression_validation	scripts/v2/01_de_limma.R
scripts/07_expression_validation/tcga_differential_expression/01_tcga_brca_prep_de.R	07_expression_validation	scripts/01_tcga_brca_prep_de.R
scripts/07_expression_validation/tcga_differential_expression/01b_fix_entrez_to_symbol.R	07_expression_validation	scripts/01b_fix_entrez_to_symbol.R
scripts/07_expression_validation/tcga_differential_expression/01b_fix_gene_de.R	07_expression_validation	scripts/01b_fix_gene_de.R
scripts/08_stroma_and_cell_types/cell_lines/_celllines_full_pull.R	08_stroma_and_cell_types	scripts/v2/_celllines_full_pull.R
scripts/08_stroma_and_cell_types/cell_lines/_celllines_full_write.R	08_stroma_and_cell_types	scripts/v2/_celllines_full_write.R
scripts/08_stroma_and_cell_types/cell_lines/_celllines_tcga_pull.R	08_stroma_and_cell_types	scripts/v2/_celllines_tcga_pull.R
scripts/08_stroma_and_cell_types/cell_lines/_celllines_tcga_targets.R	08_stroma_and_cell_types	scripts/v2/_celllines_tcga_targets.R
scripts/08_stroma_and_cell_types/cell_lines/celllines_01_prep.py	08_stroma_and_cell_types	scripts/v2/celllines_01_prep.py
scripts/08_stroma_and_cell_types/cell_lines/celllines_02_corr.py	08_stroma_and_cell_types	scripts/v2/celllines_02_corr.py
scripts/08_stroma_and_cell_types/cell_lines/celllines_03_controls.py	08_stroma_and_cell_types	scripts/v2/celllines_03_controls.py
scripts/08_stroma_and_cell_types/cell_lines/celllines_04_crispr.py	08_stroma_and_cell_types	scripts/v2/celllines_04_crispr.py
scripts/08_stroma_and_cell_types/cell_lines/celllines_05_drug.py	08_stroma_and_cell_types	scripts/v2/celllines_05_drug.py
scripts/08_stroma_and_cell_types/cell_lines/celllines_06_sc_epithelium.py	08_stroma_and_cell_types	scripts/v2/celllines_06_sc_epithelium.py
scripts/08_stroma_and_cell_types/cell_lines/celllines_07_drug_partial.py	08_stroma_and_cell_types	scripts/v2/celllines_07_drug_partial.py
scripts/08_stroma_and_cell_types/cell_lines/celllines_08_power_and_tissue_gradient.py	08_stroma_and_cell_types	scripts/v2/celllines_08_power_and_tissue_gradient.py
scripts/08_stroma_and_cell_types/cell_lines/celllines_09_network_sign_tcga.py	08_stroma_and_cell_types	scripts/v2/celllines_09_network_sign_tcga.py
scripts/08_stroma_and_cell_types/cell_lines/celllines_10_mir29_context.py	08_stroma_and_cell_types	scripts/v2/celllines_10_mir29_context.py
scripts/08_stroma_and_cell_types/cell_lines/celllines_11_purity_axis.py	08_stroma_and_cell_types	scripts/v2/celllines_11_purity_axis.py
scripts/08_stroma_and_cell_types/cell_lines/celllines_12_summary.py	08_stroma_and_cell_types	scripts/v2/celllines_12_summary.py
scripts/08_stroma_and_cell_types/cell_lines/v2_cl_01_prep.R	08_stroma_and_cell_types	scripts/v2/v2_cl_00_prep.R
scripts/08_stroma_and_cell_types/cell_lines/v2_cl_02_expr_corr.R	08_stroma_and_cell_types	scripts/v2/v2_cl_01_expr_corr.R
scripts/08_stroma_and_cell_types/cell_lines/v2_cl_03_mirna.R	08_stroma_and_cell_types	scripts/v2/v2_cl_02_mirna.R
scripts/08_stroma_and_cell_types/cell_lines/v2_cl_04_controls_nulls.R	08_stroma_and_cell_types	scripts/v2/v2_cl_03_controls_nulls.R
scripts/08_stroma_and_cell_types/cell_lines/v2_cl_05_crispr.R	08_stroma_and_cell_types	scripts/v2/v2_cl_04_crispr.R
scripts/08_stroma_and_cell_types/cell_lines/v2_cl_06_drug.R	08_stroma_and_cell_types	scripts/v2/v2_cl_05_drug.R
scripts/08_stroma_and_cell_types/cell_lines/v2_cl_07_consolidate.R	08_stroma_and_cell_types	scripts/v2/v2_cl_06_consolidate.R
scripts/08_stroma_and_cell_types/cell_type_sources/ct_01_hpa.py	08_stroma_and_cell_types	scripts/ct_01_hpa.py
scripts/08_stroma_and_cell_types/cell_type_sources/ct_03_stromal_scores.R	08_stroma_and_cell_types	scripts/ct_03_stromal_scores.R
scripts/08_stroma_and_cell_types/cell_type_sources/ct_04_celltype_source.py	08_stroma_and_cell_types	scripts/ct_04_celltype_source.py
scripts/08_stroma_and_cell_types/cell_type_sources/ct_05_caf_signature.py	08_stroma_and_cell_types	scripts/ct_05_caf_signature.py
scripts/08_stroma_and_cell_types/cell_type_sources/ct_06_partial_corr.R	08_stroma_and_cell_types	scripts/ct_06_partial_corr.R
scripts/08_stroma_and_cell_types/cell_type_sources/ct_07_mirna_hostgenes.py	08_stroma_and_cell_types	scripts/ct_07_mirna_hostgenes.py
scripts/08_stroma_and_cell_types/cell_type_sources/ct_08_network_stromal.R	08_stroma_and_cell_types	scripts/ct_08_network_stromal.R
scripts/08_stroma_and_cell_types/cell_type_sources/ct_09_external_corr.R	08_stroma_and_cell_types	scripts/ct_09_external_corr.R
scripts/08_stroma_and_cell_types/cell_type_sources/ct_10_metabric_survival.R	08_stroma_and_cell_types	scripts/ct_10_metabric_survival.R
scripts/08_stroma_and_cell_types/cell_type_sources/ct_11_power_downsample.R	08_stroma_and_cell_types	scripts/ct_11_power_downsample.R
scripts/08_stroma_and_cell_types/cell_type_sources/ct_12_replication_summary.R	08_stroma_and_cell_types	scripts/ct_12_replication_summary.R
scripts/08_stroma_and_cell_types/cell_type_sources/ct_13_stratified.R	08_stroma_and_cell_types	scripts/ct_13_stratified.R
scripts/08_stroma_and_cell_types/deconvolution_and_mediation/05_mediation.R	08_stroma_and_cell_types	scripts/v2/05_mediation.R
scripts/08_stroma_and_cell_types/deconvolution_and_mediation/20_deconv_install.R	08_stroma_and_cell_types	scripts/v3/20_deconv_install.R
scripts/08_stroma_and_cell_types/deconvolution_and_mediation/22_deconv_prep.R	08_stroma_and_cell_types	scripts/v3/22_deconv_prep.R
scripts/08_stroma_and_cell_types/deconvolution_and_mediation/23_cibersort_impl.R	08_stroma_and_cell_types	scripts/v3/23_cibersort_impl.R
scripts/08_stroma_and_cell_types/deconvolution_and_mediation/24_wu_signature_matrix.R	08_stroma_and_cell_types	scripts/v3/24_wu_signature_matrix.R
scripts/08_stroma_and_cell_types/deconvolution_and_mediation/25_run_deconvolution.R	08_stroma_and_cell_types	scripts/v3/25_run_deconvolution.R
scripts/08_stroma_and_cell_types/deconvolution_and_mediation/26_instaprism_bayesprism.R	08_stroma_and_cell_types	scripts/v3/26_instaprism_bayesprism.R
scripts/08_stroma_and_cell_types/deconvolution_and_mediation/27_assemble_scores.R	08_stroma_and_cell_types	scripts/v3/27_assemble_scores.R
scripts/08_stroma_and_cell_types/deconvolution_and_mediation/28_mediation_by_method.R	08_stroma_and_cell_types	scripts/v3/28_mediation_by_method.R
scripts/08_stroma_and_cell_types/deconvolution_and_mediation/29_correlations.R	08_stroma_and_cell_types	scripts/v3/29_correlations.R
scripts/08_stroma_and_cell_types/deconvolution_and_mediation/30_simulation_benchmark.R	08_stroma_and_cell_types	scripts/v3/30_simulation_benchmark.R
scripts/08_stroma_and_cell_types/deconvolution_and_mediation/31_gene_lengths.py	08_stroma_and_cell_types	scripts/v3/31_gene_lengths.py
scripts/08_stroma_and_cell_types/deconvolution_and_mediation/32_tpm_length_sensitivity.R	08_stroma_and_cell_types	scripts/v3/32_tpm_length_sensitivity.R
scripts/08_stroma_and_cell_types/deconvolution_and_mediation/33_cibersort_lm22_variants.R	08_stroma_and_cell_types	scripts/v3/33_cibersort_lm22_variants.R
scripts/08_stroma_and_cell_types/deconvolution_and_mediation/34_collagenfree_variants.R	08_stroma_and_cell_types	scripts/v3/34_collagenfree_variants.R
scripts/08_stroma_and_cell_types/deconvolution_and_mediation/35_consensus_mediator.R	08_stroma_and_cell_types	scripts/v3/35_consensus_mediator.R
scripts/08_stroma_and_cell_types/deconvolution_and_mediation/42_deconv2_external_refs.R	08_stroma_and_cell_types	scripts/v3/42_deconv2_external_refs.R
scripts/08_stroma_and_cell_types/deconvolution_and_mediation/43_deconv2_newmethods.R	08_stroma_and_cell_types	scripts/v3/43_deconv2_newmethods.R
scripts/08_stroma_and_cell_types/deconvolution_and_mediation/44_deconv2_pathology_stroma.py	08_stroma_and_cell_types	scripts/v3/44_deconv2_pathology_stroma.py
scripts/08_stroma_and_cell_types/deconvolution_and_mediation/45_deconv2_assemble.R	08_stroma_and_cell_types	scripts/v3/45_deconv2_assemble.R
scripts/08_stroma_and_cell_types/deconvolution_and_mediation/46_deconv2_mediation.R	08_stroma_and_cell_types	scripts/v3/46_deconv2_mediation.R
scripts/08_stroma_and_cell_types/deconvolution_and_mediation/47_deconv2_bayesprism.R	08_stroma_and_cell_types	scripts/v3/47_deconv2_bayesprism.R
scripts/08_stroma_and_cell_types/deconvolution_and_mediation/48_deconv2_celltype_correlations.R	08_stroma_and_cell_types	scripts/v3/48_deconv2_celltype_correlations.R
scripts/08_stroma_and_cell_types/deconvolution_and_mediation/49_deconv2_benchmark_newmethods.R	08_stroma_and_cell_types	scripts/v3/49_deconv2_benchmark_newmethods.R
scripts/08_stroma_and_cell_types/deconvolution_and_mediation/50_deconv2_matched_collagen_control.R	08_stroma_and_cell_types	scripts/v3/50_deconv2_matched_collagen_control.R
scripts/08_stroma_and_cell_types/deconvolution_and_mediation/51_deconv2_contradictions.R	08_stroma_and_cell_types	scripts/v3/51_deconv2_contradictions.R
scripts/08_stroma_and_cell_types/deconvolution_and_mediation/52_deconv2_methylation_epidish.R	08_stroma_and_cell_types	scripts/v3/52_deconv2_methylation_epidish.R
scripts/08_stroma_and_cell_types/deconvolution_and_mediation/53_deconv2_consolidate.R	08_stroma_and_cell_types	scripts/v3/53_deconv2_consolidate.R
scripts/08_stroma_and_cell_types/protein_atlas/01_parse_hpa_xml.py	08_stroma_and_cell_types	scripts/v6/01_parse_hpa_xml.py
scripts/08_stroma_and_cell_types/protein_atlas/02_parse_hpa_sc_and_tissue.py	08_stroma_and_cell_types	scripts/v6/02_parse_hpa_sc_and_tissue.py
scripts/08_stroma_and_cell_types/protein_atlas/04_build_hpa_tables.py	08_stroma_and_cell_types	scripts/v6/04_build_hpa_tables.py
scripts/08_stroma_and_cell_types/protein_atlas/09_compartment_table.py	08_stroma_and_cell_types	scripts/v6/09_compartment_table.py
scripts/08_stroma_and_cell_types/single_cell/05_breast_singlecell.py	08_stroma_and_cell_types	scripts/v6/05_breast_singlecell.py
scripts/08_stroma_and_cell_types/single_cell/19_mir29_target_set.R	08_stroma_and_cell_types	scripts/v3/19_mir29_target_set.R
scripts/08_stroma_and_cell_types/single_cell/21_scrna_reference_build.py	08_stroma_and_cell_types	scripts/v3/21_scrna_reference_build.py
scripts/08_stroma_and_cell_types/single_cell/30_sc_atlas2_pseudobulk.py	08_stroma_and_cell_types	scripts/v3/30_sc_atlas2_pseudobulk.py
scripts/08_stroma_and_cell_types/single_cell/30a_wu_pseudobulk.sh	08_stroma_and_cell_types	scripts/v3/30a_wu_pseudobulk.sh
scripts/08_stroma_and_cell_types/single_cell/31_sc_caf_subtypes.py	08_stroma_and_cell_types	scripts/v3/31_sc_caf_subtypes.py
scripts/08_stroma_and_cell_types/single_cell/31b_wu_caf_subtypes.py	08_stroma_and_cell_types	scripts/v3/31b_wu_caf_subtypes.py
scripts/08_stroma_and_cell_types/single_cell/31c_caf_summary_table.py	08_stroma_and_cell_types	scripts/v3/31c_caf_summary_table.py
scripts/08_stroma_and_cell_types/single_cell/32_sc_celltype_enrichment.py	08_stroma_and_cell_types	scripts/v3/32_sc_celltype_enrichment.py
scripts/08_stroma_and_cell_types/single_cell/32b_sc_setcontrols.py	08_stroma_and_cell_types	scripts/v3/32b_sc_setcontrols.py
scripts/08_stroma_and_cell_types/single_cell/32c_wu_compartment_check.py	08_stroma_and_cell_types	scripts/v3/32c_wu_compartment_check.py
scripts/08_stroma_and_cell_types/single_cell/33_sc_donor_pseudobulk.py	08_stroma_and_cell_types	scripts/v3/33_sc_donor_pseudobulk.py
scripts/08_stroma_and_cell_types/single_cell/34_sc_tf_collagen_within_caf.R	08_stroma_and_cell_types	scripts/v3/34_sc_tf_collagen_within_caf.R
scripts/08_stroma_and_cell_types/single_cell/34b_caf_composition_control.py	08_stroma_and_cell_types	scripts/v3/34b_caf_composition_control.py
scripts/08_stroma_and_cell_types/single_cell/35_sc_cellchat_liana.py	08_stroma_and_cell_types	scripts/v3/35_sc_cellchat_liana.py
scripts/08_stroma_and_cell_types/single_cell/36_sc_cellchat.R	08_stroma_and_cell_types	scripts/v3/36_sc_cellchat.R
scripts/08_stroma_and_cell_types/single_cell/36a_cellchat_input.py	08_stroma_and_cell_types	scripts/v3/36a_cellchat_input.py
scripts/08_stroma_and_cell_types/single_cell/36b_sc_cellchat_small.R	08_stroma_and_cell_types	scripts/v3/36b_sc_cellchat_small.R
scripts/08_stroma_and_cell_types/single_cell/ct_02_scrna_extract.sh	08_stroma_and_cell_types	scripts/ct_02_scrna_extract.sh
scripts/08_stroma_and_cell_types/single_cell/ct_02b_pseudobulk_all.sh	08_stroma_and_cell_types	scripts/ct_02b_pseudobulk_all.sh
scripts/08_stroma_and_cell_types/spatial/02_spatial_analysis.py	08_stroma_and_cell_types	scripts/v6/02_spatial_analysis.py
scripts/08_stroma_and_cell_types/spatial/05_spatial_full.py	08_stroma_and_cell_types	scripts/v6/05_spatial_full.py
scripts/08_stroma_and_cell_types/spatial/06_spatial_mediation_summary.py	08_stroma_and_cell_types	scripts/v6/06_spatial_mediation_summary.py
scripts/08_stroma_and_cell_types/xenografts/01_fetch_pdmr.py	08_stroma_and_cell_types	scripts/v6/01_fetch_pdmr.py
scripts/08_stroma_and_cell_types/xenografts/03_pdx_analysis.py	08_stroma_and_cell_types	scripts/v6/03_pdx_analysis.py
scripts/08_stroma_and_cell_types/xenografts/04_pdx_foldchange_and_caf.py	08_stroma_and_cell_types	scripts/v6/04_pdx_foldchange_and_caf.py
scripts/08_stroma_and_cell_types/xenografts/08_pdx_passage_trend.py	08_stroma_and_cell_types	scripts/v6/08_pdx_passage_trend.py
scripts/09_regulatory_evidence/chip_remap_targetscan/v2_chip_atlas.py	09_regulatory_evidence	scripts/v2/v2_chip_atlas.py
scripts/09_regulatory_evidence/chip_remap_targetscan/v2_chip_download.sh	09_regulatory_evidence	scripts/v2/v2_chip_download.sh
scripts/09_regulatory_evidence/chip_remap_targetscan/v2_chip_null.py	09_regulatory_evidence	scripts/v2/v2_chip_null.py
scripts/09_regulatory_evidence/chip_remap_targetscan/v2_dl_chunked.sh	09_regulatory_evidence	scripts/v2/v2_dl_chunked.sh
scripts/09_regulatory_evidence/chip_remap_targetscan/v2_encode_query.py	09_regulatory_evidence	scripts/v2/v2_encode_query.py
scripts/09_regulatory_evidence/chip_remap_targetscan/v2_remap_promoters.py	09_regulatory_evidence	scripts/v2/v2_remap_promoters.py
scripts/09_regulatory_evidence/chip_remap_targetscan/v2_targetscan.py	09_regulatory_evidence	scripts/v2/v2_targetscan.py
scripts/09_regulatory_evidence/chip_remap_targetscan/v2d_chip_analyse.py	09_regulatory_evidence	scripts/v2/v2d_chip_analyse.py
scripts/09_regulatory_evidence/chip_remap_targetscan/v2d_chip_fetch.py	09_regulatory_evidence	scripts/v2/v2d_chip_fetch.py
scripts/09_regulatory_evidence/chip_remap_targetscan/v2d_chip_merge.py	09_regulatory_evidence	scripts/v2/v2d_chip_merge.py
scripts/09_regulatory_evidence/chip_remap_targetscan/v2d_collagen_context.py	09_regulatory_evidence	scripts/v2/v2d_collagen_context.py
scripts/09_regulatory_evidence/chip_remap_targetscan/v2d_collagen_specificity.py	09_regulatory_evidence	scripts/v2/v2d_collagen_specificity.py
scripts/09_regulatory_evidence/chip_remap_targetscan/v2d_encode.py	09_regulatory_evidence	scripts/v2/v2d_encode.py
scripts/09_regulatory_evidence/chip_remap_targetscan/v2d_integrate.R	09_regulatory_evidence	scripts/v2/v2d_integrate.R
scripts/09_regulatory_evidence/chip_remap_targetscan/v2d_remap_analyse.py	09_regulatory_evidence	scripts/v2/v2d_remap_analyse.py
scripts/09_regulatory_evidence/chip_remap_targetscan/v2d_remap_bg.py	09_regulatory_evidence	scripts/v2/v2d_remap_bg.py
scripts/09_regulatory_evidence/chip_remap_targetscan/v2d_remap_bgnull.py	09_regulatory_evidence	scripts/v2/v2d_remap_bgnull.py
scripts/09_regulatory_evidence/chip_remap_targetscan/v2d_remap_fetch.py	09_regulatory_evidence	scripts/v2/v2d_remap_fetch.py
scripts/09_regulatory_evidence/chip_remap_targetscan/v2d_summary.py	09_regulatory_evidence	scripts/v2/v2d_summary.py
scripts/09_regulatory_evidence/chip_remap_targetscan/v2d_targetscan.py	09_regulatory_evidence	scripts/v2/v2d_targetscan.py
scripts/09_regulatory_evidence/chip_remap_targetscan/v2d_targetscan2.py	09_regulatory_evidence	scripts/v2/v2d_targetscan2.py
scripts/09_regulatory_evidence/chip_remap_targetscan/v2d_ts_null.py	09_regulatory_evidence	scripts/v2/v2d_ts_null.py
scripts/09_regulatory_evidence/chip_remap_targetscan/v2d_tss.py	09_regulatory_evidence	scripts/v2/v2d_tss.py
scripts/09_regulatory_evidence/encode_accessibility/atac_01_prepare.py	09_regulatory_evidence	scripts/v6/atac_01_prepare.py
scripts/09_regulatory_evidence/encode_accessibility/atac_02_tf_target_compartment.R	09_regulatory_evidence	scripts/v6/atac_02_tf_target_compartment.R
scripts/09_regulatory_evidence/encode_accessibility/atac_03_motif_scan.py	09_regulatory_evidence	scripts/v6/atac_03_motif_scan.py
scripts/09_regulatory_evidence/encode_accessibility/atac_04_encode_fetch.py	09_regulatory_evidence	scripts/v6/atac_04_encode_fetch.py
scripts/09_regulatory_evidence/encode_accessibility/atac_05_accessibility.py	09_regulatory_evidence	scripts/v6/atac_05_accessibility.py
scripts/09_regulatory_evidence/encode_accessibility/atac_06_encode_compartment.py	09_regulatory_evidence	scripts/v6/atac_06_encode_compartment.py
scripts/09_regulatory_evidence/encode_accessibility/atac_06b_capture_matched.py	09_regulatory_evidence	scripts/v6/atac_06b_capture_matched.py
scripts/09_regulatory_evidence/encode_accessibility/atac_07_remap.py	09_regulatory_evidence	scripts/v6/atac_07_remap.py
scripts/09_regulatory_evidence/encode_accessibility/atac_08_remap_binding.py	09_regulatory_evidence	scripts/v6/atac_08_remap_binding.py
scripts/09_regulatory_evidence/encode_accessibility/atac_09_motif_enrichment.py	09_regulatory_evidence	scripts/v6/atac_09_motif_enrichment.py
scripts/09_regulatory_evidence/encode_accessibility/atac_10_fibroblast_motifs.py	09_regulatory_evidence	scripts/v6/atac_10_fibroblast_motifs.py
scripts/09_regulatory_evidence/encode_accessibility/atac_11_locus_stroma.py	09_regulatory_evidence	scripts/v6/atac_11_locus_stroma.py
scripts/09_regulatory_evidence/encode_accessibility/atac_12_remap_hot.py	09_regulatory_evidence	scripts/v6/atac_12_remap_hot.py
scripts/09_regulatory_evidence/encode_accessibility/atac_compartment_specificity_tests_rebuild.py	09_regulatory_evidence	scripts/v6/atac_compartment_specificity_tests_rebuild.py
scripts/09_regulatory_evidence/perturbation_and_literature/C1_lincs_fetch.py	09_regulatory_evidence	scripts/C1_lincs_fetch.py
scripts/09_regulatory_evidence/perturbation_and_literature/C2_chipseq_libs.py	09_regulatory_evidence	scripts/C2_chipseq_libs.py
scripts/09_regulatory_evidence/perturbation_and_literature/C3_perturbation_summary.R	09_regulatory_evidence	scripts/C3_perturbation_summary.R
scripts/09_regulatory_evidence/perturbation_and_literature/C4_lincs_mcf7.R	09_regulatory_evidence	scripts/C4_lincs_mcf7.R
scripts/09_regulatory_evidence/perturbation_and_literature/D2_mir29_evidence_table.py	09_regulatory_evidence	scripts/D2_mir29_evidence_table.py
scripts/09_regulatory_evidence/perturbation_and_literature/D_mir29_literature.py	09_regulatory_evidence	scripts/D_mir29_literature.py
scripts/09_regulatory_evidence/sequence_models/20_seqreg_regions.py	09_regulatory_evidence	scripts/v3/20_seqreg_regions.py
scripts/09_regulatory_evidence/sequence_models/21_seqreg_alphagenome.py	09_regulatory_evidence	scripts/v3/21_seqreg_alphagenome.py
scripts/09_regulatory_evidence/sequence_models/21b_seqreg_alphagenome_access.py	09_regulatory_evidence	scripts/v3/21b_seqreg_alphagenome_access.py
scripts/09_regulatory_evidence/sequence_models/22_seqreg_enformer.py	09_regulatory_evidence	scripts/v3/22_seqreg_enformer.py
scripts/09_regulatory_evidence/sequence_models/22b_seqreg_enformer_ism.py	09_regulatory_evidence	scripts/v3/22b_seqreg_enformer_ism.py
scripts/09_regulatory_evidence/sequence_models/22c_seqreg_ism_motifmap.py	09_regulatory_evidence	scripts/v3/22c_seqreg_ism_motifmap.py
scripts/09_regulatory_evidence/sequence_models/23_seqreg_borzoi.py	09_regulatory_evidence	scripts/v3/23_seqreg_borzoi.py
scripts/09_regulatory_evidence/sequence_models/24_seqreg_chipatlas.py	09_regulatory_evidence	scripts/v3/24_seqreg_chipatlas.py
scripts/09_regulatory_evidence/sequence_models/25_seqreg_remap.py	09_regulatory_evidence	scripts/v3/25_seqreg_remap.py
scripts/09_regulatory_evidence/sequence_models/25b_seqreg_remap_celltypes.py	09_regulatory_evidence	scripts/v3/25b_seqreg_remap_celltypes.py
scripts/09_regulatory_evidence/sequence_models/25c_seqreg_remap_background.py	09_regulatory_evidence	scripts/v3/25c_seqreg_remap_background.py
scripts/09_regulatory_evidence/sequence_models/25d_seqreg_remap_background_counts.py	09_regulatory_evidence	scripts/v3/25d_seqreg_remap_background_counts.py
scripts/09_regulatory_evidence/sequence_models/26_seqreg_screen_ccre.py	09_regulatory_evidence	scripts/v3/26_seqreg_screen_ccre.py
scripts/09_regulatory_evidence/sequence_models/27_seqreg_gtex.py	09_regulatory_evidence	scripts/v3/27_seqreg_gtex.py
scripts/09_regulatory_evidence/sequence_models/27b_seqreg_gtex_extra.py	09_regulatory_evidence	scripts/v3/27b_seqreg_gtex_extra.py
scripts/09_regulatory_evidence/sequence_models/28_seqreg_motifscan.py	09_regulatory_evidence	scripts/v3/28_seqreg_motifscan.py
scripts/09_regulatory_evidence/sequence_models/28b_seqreg_motif_calibration.py	09_regulatory_evidence	scripts/v3/28b_seqreg_motif_calibration.py
scripts/09_regulatory_evidence/sequence_models/28c_seqreg_motif_bh.py	09_regulatory_evidence	scripts/v3/28c_seqreg_motif_bh.py
scripts/09_regulatory_evidence/sequence_models/29_seqreg_cpg_architecture.py	09_regulatory_evidence	scripts/v3/29_seqreg_cpg_architecture.py
scripts/09_regulatory_evidence/sequence_models/31_seqreg_enhancers.py	09_regulatory_evidence	scripts/v3/31_seqreg_enhancers.py
scripts/09_regulatory_evidence/sequence_models/32_seqreg_rela_enhancers.py	09_regulatory_evidence	scripts/v3/32_seqreg_rela_enhancers.py
scripts/09_regulatory_evidence/sequence_models/33_seqreg_synthesis.py	09_regulatory_evidence	scripts/v3/33_seqreg_synthesis.py
scripts/09_regulatory_evidence/sequence_models/34_seqreg_network_tf_edges.py	09_regulatory_evidence	scripts/v3/34_seqreg_network_tf_edges.py
scripts/09_regulatory_evidence/sequence_models/35_seqreg_nfkb_context.py	09_regulatory_evidence	scripts/v3/35_seqreg_nfkb_context.py
scripts/09_regulatory_evidence/sequence_models/36_seqreg_key_results_addendum.py	09_regulatory_evidence	scripts/v3/36_seqreg_key_results_addendum.py
scripts/09_regulatory_evidence/sequence_models/40_seqreg_ext_alphagenome_access.py	09_regulatory_evidence	scripts/v3/40_seqreg_ext_alphagenome_access.py
scripts/09_regulatory_evidence/sequence_models/41_seqreg_ext_occlusion_null.py	09_regulatory_evidence	scripts/v3/41_seqreg_ext_occlusion_null.py
scripts/09_regulatory_evidence/sequence_models/42_seqreg_ext_chipatlas_fibroblast.py	09_regulatory_evidence	scripts/v3/42_seqreg_ext_chipatlas_fibroblast.py
scripts/09_regulatory_evidence/sequence_models/43_seqreg_ext_gtex_singletissue.py	09_regulatory_evidence	scripts/v3/43_seqreg_ext_gtex_singletissue.py
scripts/09_regulatory_evidence/sequence_models/44_seqreg_ext_synthesis.py	09_regulatory_evidence	scripts/v3/44_seqreg_ext_synthesis.py
scripts/09_regulatory_evidence/sequence_models/45_seqreg_ext_splicedonor_control.py	09_regulatory_evidence	scripts/v3/45_seqreg_ext_splicedonor_control.py
scripts/10_survival_and_clinical/cox_models/03_cox_crosscheck.R	10_survival_and_clinical	scripts/v6/03_cox_crosscheck.R
scripts/10_survival_and_clinical/cox_models/10_survival_cox_hubs.R	10_survival_and_clinical	scripts/10_survival_cox_hubs.R
scripts/10_survival_and_clinical/cox_models/12_module_score_survival.R	10_survival_and_clinical	scripts/12_module_score_survival.R
scripts/10_survival_and_clinical/cox_models/13_circuit_level_3node_vs_6node.R	10_survival_and_clinical	scripts/13_circuit_level_3node_vs_6node.R
scripts/10_survival_and_clinical/cox_models/15_external_metabric.R	10_survival_and_clinical	scripts/15_external_metabric.R
scripts/10_survival_and_clinical/cox_models/18_metabric_treatment.R	10_survival_and_clinical	scripts/18_metabric_treatment.R
scripts/10_survival_and_clinical/mirna_survival_meta_analysis/c01_geo_search.py	10_survival_and_clinical	scripts/v6/c01_geo_search.py
scripts/10_survival_and_clinical/mirna_survival_meta_analysis/c02_geo_triage.py	10_survival_and_clinical	scripts/v6/c02_geo_triage.py
scripts/10_survival_and_clinical/mirna_survival_meta_analysis/c03b_fetch_soft_bulk.py	10_survival_and_clinical	scripts/v6/c03b_fetch_soft_bulk.py
scripts/10_survival_and_clinical/mirna_survival_meta_analysis/c04_soft_summary.py	10_survival_and_clinical	scripts/v6/c04_soft_summary.py
scripts/10_survival_and_clinical/mirna_survival_meta_analysis/c05_fetch_matrices.py	10_survival_and_clinical	scripts/v6/c05_fetch_matrices.py
scripts/10_survival_and_clinical/mirna_survival_meta_analysis/c06_extract_gpl.py	10_survival_and_clinical	scripts/v6/c06_extract_gpl.py
scripts/10_survival_and_clinical/mirna_survival_meta_analysis/c07_build_mirna_cohorts.py	10_survival_and_clinical	scripts/v6/c07_build_mirna_cohorts.py
scripts/10_survival_and_clinical/mirna_survival_meta_analysis/c08_make_cohorts.py	10_survival_and_clinical	scripts/v6/c08_make_cohorts.py
scripts/10_survival_and_clinical/mirna_survival_meta_analysis/c09_make_cohorts2.py	10_survival_and_clinical	scripts/v6/c09_make_cohorts2.py
scripts/10_survival_and_clinical/mirna_survival_meta_analysis/c10_dump_full_matrices.py	10_survival_and_clinical	scripts/v6/c10_dump_full_matrices.py
scripts/10_survival_and_clinical/mirna_survival_meta_analysis/c11_mirna_cox_meta.R	10_survival_and_clinical	scripts/v6/c11_mirna_cox_meta.R
scripts/10_survival_and_clinical/mirna_survival_meta_analysis/c12_mirna_binary.R	10_survival_and_clinical	scripts/v6/c12_mirna_binary.R
scripts/10_survival_and_clinical/mirna_survival_meta_analysis/c13_fetch_mrna_cohorts.py	10_survival_and_clinical	scripts/v6/c13_fetch_mrna_cohorts.py
scripts/10_survival_and_clinical/mirna_survival_meta_analysis/c15_pancancer_prep.sh	10_survival_and_clinical	scripts/v6/c15_pancancer_prep.sh
scripts/10_survival_and_clinical/mirna_survival_meta_analysis/c16_pancancer_axes.R	10_survival_and_clinical	scripts/v6/c16_pancancer_axes.R
scripts/10_survival_and_clinical/mirna_survival_meta_analysis/c17_mrna_cohorts.R	10_survival_and_clinical	scripts/v6/c17_mrna_cohorts.R
scripts/10_survival_and_clinical/mirna_survival_meta_analysis/c18_liquid_biopsy.R	10_survival_and_clinical	scripts/v6/c18_liquid_biopsy.R
scripts/10_survival_and_clinical/mirna_survival_meta_analysis/c19_liquid_biopsy2.R	10_survival_and_clinical	scripts/v6/c19_liquid_biopsy2.R
scripts/10_survival_and_clinical/mirna_survival_meta_analysis/c20_mirna_inventory.py	10_survival_and_clinical	scripts/v6/c20_mirna_inventory.py
scripts/10_survival_and_clinical/mirna_survival_meta_analysis/c21_liquid_other.R	10_survival_and_clinical	scripts/v6/c21_liquid_other.R
scripts/10_survival_and_clinical/mirna_survival_meta_analysis/c22_autoclassify.py	10_survival_and_clinical	scripts/v6/c22_autoclassify.py
scripts/10_survival_and_clinical/mirna_survival_meta_analysis/c23_addq.R	10_survival_and_clinical	scripts/v6/c23_addq.R
scripts/10_survival_and_clinical/mirna_survival_meta_analysis/c24_sensitivity.R	10_survival_and_clinical	scripts/v6/c24_sensitivity.R
scripts/10_survival_and_clinical/multi_cohort/M12_cohort_inventory.R	10_survival_and_clinical	scripts/v4/M12_cohort_inventory.R
scripts/10_survival_and_clinical/multi_cohort/M1_build_genesets.R	10_survival_and_clinical	scripts/v4/M1_build_genesets.R
scripts/10_survival_and_clinical/multi_cohort/M2_stream_scanb.py	10_survival_and_clinical	scripts/v4/M2_stream_scanb.py
scripts/10_survival_and_clinical/multi_cohort/M3_build_mirna_cohorts.R	10_survival_and_clinical	scripts/v4/M3_build_mirna_cohorts.R
scripts/10_survival_and_clinical/multi_cohort/M4_build_mrna_cohorts.R	10_survival_and_clinical	scripts/v4/M4_build_mrna_cohorts.R
scripts/10_survival_and_clinical/multi_cohort/M5_analysis_A_B.R	10_survival_and_clinical	scripts/v4/M5_analysis_A_B.R
scripts/10_survival_and_clinical/multi_cohort/M6_analysis_C_D_E.R	10_survival_and_clinical	scripts/v4/M6_analysis_C_D_E.R
scripts/10_survival_and_clinical/multi_cohort/M7_analysis_E_extras.R	10_survival_and_clinical	scripts/v4/M7_analysis_E_extras.R
scripts/10_survival_and_clinical/multi_cohort/M8_analysisA_forest.R	10_survival_and_clinical	scripts/v4/M8_analysisA_forest.R
scripts/10_survival_and_clinical/multi_cohort/M9_link22216_figures.R	10_survival_and_clinical	scripts/v4/M9_link22216_figures.R
scripts/10_survival_and_clinical/reactive_stroma_and_neoadjuvant/40_farmer_extract_sources.py	10_survival_and_clinical	scripts/v5/40_farmer_extract_sources.py
scripts/10_survival_and_clinical/reactive_stroma_and_neoadjuvant/40b_chang_wound_lists.py	10_survival_and_clinical	scripts/v5/40b_chang_wound_lists.py
scripts/10_survival_and_clinical/reactive_stroma_and_neoadjuvant/41_build_signature_collection.R	10_survival_and_clinical	scripts/v5/41_build_signature_collection.R
scripts/10_survival_and_clinical/reactive_stroma_and_neoadjuvant/42_farmer_scores_tcga.R	10_survival_and_clinical	scripts/v5/42_farmer_scores_tcga.R
scripts/10_survival_and_clinical/reactive_stroma_and_neoadjuvant/43_farmer_module_overlap.R	10_survival_and_clinical	scripts/v5/43_farmer_module_overlap.R
scripts/10_survival_and_clinical/reactive_stroma_and_neoadjuvant/44_farmer_mediation.R	10_survival_and_clinical	scripts/v5/44_farmer_mediation.R
scripts/10_survival_and_clinical/reactive_stroma_and_neoadjuvant/45_farmer_survival.R	10_survival_and_clinical	scripts/v5/45_farmer_survival.R
scripts/10_survival_and_clinical/reactive_stroma_and_neoadjuvant/46_helpers.R	10_survival_and_clinical	scripts/v5/46_helpers.R
scripts/10_survival_and_clinical/reactive_stroma_and_neoadjuvant/46_neoadjuvant_response.R	10_survival_and_clinical	scripts/v5/46_neoadjuvant_response.R
scripts/10_survival_and_clinical/reactive_stroma_and_neoadjuvant/47_neoadj_survival_and_agreement.R	10_survival_and_clinical	scripts/v5/47_neoadj_survival_and_agreement.R
scripts/10_survival_and_clinical/reactive_stroma_and_neoadjuvant/48_neoadj_stratified.R	10_survival_and_clinical	scripts/v5/48_neoadj_stratified.R
scripts/10_survival_and_clinical/reactive_stroma_and_neoadjuvant/49_neoadj_meanz_sensitivity.R	10_survival_and_clinical	scripts/v5/49_neoadj_meanz_sensitivity.R
scripts/10_survival_and_clinical/reactive_stroma_and_neoadjuvant/50_stroma_axis_and_figures.R	10_survival_and_clinical	scripts/v5/50_stroma_axis_and_figures.R
scripts/11_dynamics/01_integrator_validation.py	11_dynamics	scripts/v3/01_integrator_validation.py
scripts/11_dynamics/02_characterise_3node.py	11_dynamics	scripts/v3/02_characterise_3node.py
scripts/11_dynamics/02b_summary_table.py	11_dynamics	scripts/v3/02b_summary_table.py
scripts/11_dynamics/02c_characterise_3node_N16384.py	11_dynamics	scripts/v3/02c_characterise_3node_N16384.py
scripts/11_dynamics/02d_adaptive_solver_crosscheck.py	11_dynamics	scripts/v3/02d_adaptive_solver_crosscheck.py
scripts/11_dynamics/02e_paired_tests_and_textbook_validation.py	11_dynamics	scripts/v3/02e_paired_tests_and_textbook_validation.py
scripts/11_dynamics/02f_pulse_longwindow.py	11_dynamics	scripts/v3/02f_pulse_longwindow.py
scripts/11_dynamics/02g_fcd_recomputed.py	11_dynamics	scripts/v3/02g_fcd_recomputed.py
scripts/11_dynamics/02h_stochastic_noise_buffering.py	11_dynamics	scripts/v3/02h_stochastic_noise_buffering.py
scripts/11_dynamics/02i_paper_table1.py	11_dynamics	scripts/v3/02i_paper_table1.py
scripts/11_dynamics/02j_noise_at_matched_mean.py	11_dynamics	scripts/v3/02j_noise_at_matched_mean.py
scripts/11_dynamics/03_higher_order_sweep.py	11_dynamics	scripts/v3/03_higher_order_sweep.py
scripts/11_dynamics/03c_wellposedness_check.py	11_dynamics	scripts/v3/03c_wellposedness_check.py
scripts/11_dynamics/03d_higher_order_compI1.py	11_dynamics	scripts/v3/03d_higher_order_compI1.py
scripts/11_dynamics/03e_higher_order_convergence_audit.py	11_dynamics	scripts/v3/03e_higher_order_convergence_audit.py
scripts/11_dynamics/03f_n6_limit_cycle_certification.py	11_dynamics	scripts/v3/03f_n6_limit_cycle_certification.py
scripts/11_dynamics/03g_higher_order_empirical_support.py	11_dynamics	scripts/v3/03g_higher_order_empirical_support.py
scripts/11_dynamics/04a_extract_mir29_data.R	11_dynamics	scripts/v3/04a_extract_mir29_data.R
scripts/11_dynamics/04b_mir29_circuit_fit.py	11_dynamics	scripts/v3/04b_mir29_circuit_fit.py
scripts/11_dynamics/04c_mir29_modelfree_prediction.py	11_dynamics	scripts/v3/04c_mir29_modelfree_prediction.py
scripts/11_dynamics/05_figures.py	11_dynamics	scripts/v3/05_figures.py
scripts/11_dynamics/06_empirical_grounding.py	11_dynamics	scripts/v3/06_empirical_grounding.py
scripts/11_dynamics/06b_composite_showcase.py	11_dynamics	scripts/v3/06b_composite_showcase.py
scripts/11_dynamics/06c_composite_bistability_export.py	11_dynamics	scripts/v3/06c_composite_bistability_export.py
scripts/11_dynamics/06d_composite_ringing_export.py	11_dynamics	scripts/v3/06d_composite_ringing_export.py
scripts/11_dynamics/07_consolidate.py	11_dynamics	scripts/v3/07_consolidate.py
scripts/11_dynamics/07c_consolidate_additions.py	11_dynamics	scripts/v3/07c_consolidate_additions.py
scripts/11_dynamics/08_mir_vs_txn_paired.py	11_dynamics	scripts/v3/08_mir_vs_txn_paired.py
scripts/11_dynamics/09_analytic_bounds.py	11_dynamics	scripts/v3/09_analytic_bounds.py
scripts/11_dynamics/09b_composite_oscillation.py	11_dynamics	scripts/v3/09b_composite_oscillation.py
scripts/11_dynamics/09c_relaxation_rate_theorem.py	11_dynamics	scripts/v3/09c_relaxation_rate_theorem.py
scripts/11_dynamics/10b_dynamics_extra_figures.py	11_dynamics	scripts/v3/10b_dynamics_extra_figures.py
scripts/11_dynamics/99_dynamics_driver.sh	11_dynamics	scripts/v3/99_dynamics_driver.sh
scripts/11_dynamics/99b_fcd_driver.sh	11_dynamics	scripts/v3/99b_fcd_driver.sh
scripts/11_dynamics/99c_dynamics_driver2.sh	11_dynamics	scripts/v3/99c_dynamics_driver2.sh
scripts/11_dynamics/dyn_metrics.py	11_dynamics	scripts/v3/dyn_metrics.py
scripts/11_dynamics/dyn_models.py	11_dynamics	scripts/v3/dyn_models.py
scripts/11_dynamics/dyn_sample.py	11_dynamics	scripts/v3/dyn_sample.py
scripts/11_dynamics/dyn_style.py	11_dynamics	scripts/v3/dyn_style.py
scripts/12_enrichment_and_metabolism/gsea/01_build_ranked_lists.R	12_enrichment_and_metabolism	scripts/v4/01_build_ranked_lists.R
scripts/12_enrichment_and_metabolism/gsea/02_build_genesets.R	12_enrichment_and_metabolism	scripts/v4/02_build_genesets.R
scripts/12_enrichment_and_metabolism/gsea/03_run_gsea.R	12_enrichment_and_metabolism	scripts/v4/03_run_gsea.R
scripts/12_enrichment_and_metabolism/gsea/04_leading_edge_overlap.R	12_enrichment_and_metabolism	scripts/v4/04_leading_edge_overlap.R
scripts/12_enrichment_and_metabolism/gsea/05_ssgsea_scores.R	12_enrichment_and_metabolism	scripts/v4/05_ssgsea_scores.R
scripts/12_enrichment_and_metabolism/gsea/06_figures.R	12_enrichment_and_metabolism	scripts/v4/06_figures.R
scripts/12_enrichment_and_metabolism/gsea/07_ffl_class_gsea.R	12_enrichment_and_metabolism	scripts/v4/07_ffl_class_gsea.R
scripts/12_enrichment_and_metabolism/gsea/08_master_table_and_controls.R	12_enrichment_and_metabolism	scripts/v4/08_master_table_and_controls.R
scripts/12_enrichment_and_metabolism/gsea/10_final_tables_and_figures.R	12_enrichment_and_metabolism	scripts/v4/10_final_tables_and_figures.R
scripts/12_enrichment_and_metabolism/gsea/11_gsea_signed_influence.R	12_enrichment_and_metabolism	scripts/11_gsea_signed_influence.R
scripts/12_enrichment_and_metabolism/metabolic/20_metabolic_genesets.R	12_enrichment_and_metabolism	scripts/v4/20_metabolic_genesets.R
scripts/12_enrichment_and_metabolism/metabolic/21_metabolic_scores.R	12_enrichment_and_metabolism	scripts/v4/21_metabolic_scores.R
scripts/12_enrichment_and_metabolism/metabolic/22_metabolic_tumour_vs_normal.R	12_enrichment_and_metabolism	scripts/v4/22_metabolic_tumour_vs_normal.R
scripts/12_enrichment_and_metabolism/metabolic/23_metabolic_associations.R	12_enrichment_and_metabolism	scripts/v4/23_metabolic_associations.R
scripts/12_enrichment_and_metabolism/metabolic/24_metabolic_three_claims.R	12_enrichment_and_metabolism	scripts/v4/24_metabolic_three_claims.R
scripts/12_enrichment_and_metabolism/metabolic/25_metabolic_module_overlap_control.R	12_enrichment_and_metabolism	scripts/v4/25_metabolic_module_overlap_control.R
scripts/12_enrichment_and_metabolism/metabolic/26_metabolic_survival.R	12_enrichment_and_metabolism	scripts/v4/26_metabolic_survival.R
scripts/12_enrichment_and_metabolism/metabolic/27_metabolite_consistency.R	12_enrichment_and_metabolism	scripts/v4/27_metabolite_consistency.R
scripts/12_enrichment_and_metabolism/metabolic/28_metabolic_ccle.R	12_enrichment_and_metabolism	scripts/v4/28_metabolic_ccle.R
scripts/12_enrichment_and_metabolism/metabolic/29_metabolic_summary.R	12_enrichment_and_metabolism	scripts/v4/29_metabolic_summary.R
scripts/12_enrichment_and_metabolism/metabolic/30_metabolic_robustness.R	12_enrichment_and_metabolism	scripts/v4/30_metabolic_robustness.R
scripts/12_enrichment_and_metabolism/metabolic/E1_metabolomics.R	12_enrichment_and_metabolism	scripts/E1_metabolomics.R
scripts/12_enrichment_and_metabolism/metabolic/E2_pathway_gsva.R	12_enrichment_and_metabolism	scripts/E2_pathway_gsva.R
scripts/12_enrichment_and_metabolism/metabolic/E3_nrf2_keap1.R	12_enrichment_and_metabolism	scripts/E3_nrf2_keap1.R
scripts/12_enrichment_and_metabolism/metabolic/E4_let7b_hk2_control.R	12_enrichment_and_metabolism	scripts/E4_let7b_hk2_control.R
scripts/12_enrichment_and_metabolism/over_representation/09_enrichment_ora.R	12_enrichment_and_metabolism	scripts/09_enrichment_ora.R
scripts/12_enrichment_and_metabolism/over_representation/09b_claimed_terms_hypergeometric.R	12_enrichment_and_metabolism	scripts/09b_claimed_terms_hypergeometric.R
scripts/12_enrichment_and_metabolism/over_representation/09c_exemplar_reproduction.R	12_enrichment_and_metabolism	scripts/09c_exemplar_reproduction.R
scripts/13_multiomics_and_screens/drug_and_crispr_screens/20_screens_demeter2.R	13_multiomics_and_screens	scripts/v3/20_screens_demeter2.R
scripts/13_multiomics_and_screens/drug_and_crispr_screens/21_screens_projectscore.R	13_multiomics_and_screens	scripts/v3/21_screens_projectscore.R
scripts/13_multiomics_and_screens/drug_and_crispr_screens/22_screens_drug_sensitivity.R	13_multiomics_and_screens	scripts/v3/22_screens_drug_sensitivity.R
scripts/13_multiomics_and_screens/drug_and_crispr_screens/22a_celline_scores.R	13_multiomics_and_screens	scripts/v3/22a_celline_scores.R
scripts/13_multiomics_and_screens/drug_and_crispr_screens/22b_node_drug_associations.R	13_multiomics_and_screens	scripts/v3/22b_node_drug_associations.R
scripts/13_multiomics_and_screens/drug_and_crispr_screens/23_screens_orcs.py	13_multiomics_and_screens	scripts/v3/23_screens_orcs.py
scripts/13_multiomics_and_screens/drug_and_crispr_screens/23b_screens_literature.py	13_multiomics_and_screens	scripts/v3/23b_screens_literature.py
scripts/13_multiomics_and_screens/drug_and_crispr_screens/24_screens_integrated_matrix.R	13_multiomics_and_screens	scripts/v3/24_screens_integrated_matrix.R
scripts/13_multiomics_and_screens/essentiality_and_druggability/A_depmap_essentiality.R	13_multiomics_and_screens	scripts/A_depmap_essentiality.R
scripts/13_multiomics_and_screens/essentiality_and_druggability/B_druggability.R	13_multiomics_and_screens	scripts/B_druggability.R
scripts/13_multiomics_and_screens/gwas/21_gwas_fetch_traits.py	13_multiomics_and_screens	scripts/v6/21_gwas_fetch_traits.py
scripts/13_multiomics_and_screens/gwas/21b_node_coordinates.py	13_multiomics_and_screens	scripts/v6/21b_node_coordinates.py
scripts/13_multiomics_and_screens/gwas/21c_gwas_breast_loci.py	13_multiomics_and_screens	scripts/v6/21c_gwas_breast_loci.py
scripts/13_multiomics_and_screens/mutation_copy_number_methylation/mo_01_mutation.R	13_multiomics_and_screens	scripts/mo_01_mutation.R
scripts/13_multiomics_and_screens/mutation_copy_number_methylation/mo_02_copynumber.R	13_multiomics_and_screens	scripts/mo_02_copynumber.R
scripts/13_multiomics_and_screens/mutation_copy_number_methylation/mo_03_probeselect.py	13_multiomics_and_screens	scripts/mo_03_probeselect.py
scripts/13_multiomics_and_screens/mutation_copy_number_methylation/mo_04_probemap.R	13_multiomics_and_screens	scripts/mo_04_probemap.R
scripts/13_multiomics_and_screens/mutation_copy_number_methylation/mo_05_methylation.R	13_multiomics_and_screens	scripts/mo_05_methylation.R
scripts/13_multiomics_and_screens/mutation_copy_number_methylation/mo_06_mut_lengthmatched.R	13_multiomics_and_screens	scripts/mo_06_mut_lengthmatched.R
scripts/13_multiomics_and_screens/mutation_copy_number_methylation/mo_07_integrate.R	13_multiomics_and_screens	scripts/mo_07_integrate.R
scripts/14_module_detection/01_build_graph.R	14_module_detection	scripts/v7/00_build_graph.R
scripts/14_module_detection/02_cm2_mcl.R	14_module_detection	scripts/v7/01_cm2_mcl.R
scripts/14_module_detection/03_clustermaker2_cyrest.py	14_module_detection	scripts/v7/02_clustermaker2_cyrest.py
scripts/14_module_detection/04_igraph_battery.R	14_module_detection	scripts/v7/03_igraph_battery.R
scripts/14_module_detection/05_analysis.R	14_module_detection	scripts/v7/04_analysis.R
scripts/14_module_detection/06_consensus_and_stability.R	14_module_detection	scripts/v7/05_consensus_and_stability.R
scripts/14_module_detection/07_null_and_prioritisation.R	14_module_detection	scripts/v7/06_null_and_prioritisation.R
scripts/14_module_detection/08_stroma_module_test.R	14_module_detection	scripts/v7/07_stroma_module_test.R
scripts/14_module_detection/09_degree_matched_null.R	14_module_detection	scripts/v7/08_degree_matched_null.R
scripts/14_module_detection/10_subnetwork_sensitivity.R	14_module_detection	scripts/v7/09_subnetwork_sensitivity.R
scripts/14_module_detection/11_compile_headline.R	14_module_detection	scripts/v7/10_compile_headline.R
scripts/14_module_detection/12_figure.R	14_module_detection	scripts/v7/11_figure.R
scripts/14_module_detection/bionet_01_bum_and_scan.R	14_module_detection	scripts/v7/bionet_01_bum_and_scan.R
scripts/14_module_detection/bionet_02_main.R	14_module_detection	scripts/v7/bionet_02_main.R
scripts/14_module_detection/bionet_03_sensitivity.R	14_module_detection	scripts/v7/bionet_03_sensitivity.R
scripts/14_module_detection/bionet_04_stability_and_nulls.R	14_module_detection	scripts/v7/bionet_04_stability_and_nulls.R
scripts/14_module_detection/bionet_05_figures.R	14_module_detection	scripts/v7/bionet_05_figures.R
scripts/14_module_detection/bionet_06_compartment.R	14_module_detection	scripts/v7/bionet_06_compartment.R
scripts/14_module_detection/bionet_07_consolidate.R	14_module_detection	scripts/v7/bionet_07_consolidate.R
scripts/14_module_detection/jam_01_search.R	14_module_detection	scripts/v7/jam_01_search.R
scripts/14_module_detection/jam_02_characterise.R	14_module_detection	scripts/v7/jam_02_characterise.R
scripts/14_module_detection/jam_03_landscape.R	14_module_detection	scripts/v7/jam_03_landscape.R
scripts/14_module_detection/jam_04_permutation_control.R	14_module_detection	scripts/v7/jam_04_permutation_control.R
scripts/14_module_detection/jam_05_circularity_check.R	14_module_detection	scripts/v7/jam_05_circularity_check.R
scripts/14_module_detection/jam_common.R	14_module_detection	scripts/v7/jam_common.R
scripts/14_module_detection/jam_engine.cpp	14_module_detection	scripts/v7/jam_engine.cpp
scripts/14_module_detection/mcode.R	14_module_detection	scripts/v7/mcode.R
scripts/14_module_detection/v7_go_01_assemble_modules.R	14_module_detection	scripts/v7/v7_go_00_assemble_modules.R
scripts/14_module_detection/v7_go_02_ora.R	14_module_detection	scripts/v7/v7_go_01_ora.R
scripts/14_module_detection/v7_go_03_summarise.R	14_module_detection	scripts/v7/v7_go_02_summarise.R
scripts/14_module_detection/v7_go_04_named_terms.R	14_module_detection	scripts/v7/v7_go_03_named_terms.R
scripts/14_module_detection/v7_go_05_convergence.R	14_module_detection	scripts/v7/v7_go_04_convergence.R
scripts/14_module_detection/v7_go_06_answer.R	14_module_detection	scripts/v7/v7_go_05_answer.R
scripts/14_module_detection/v7_mcode_characterise.R	14_module_detection	scripts/v7/v7_mcode_characterise.R
scripts/14_module_detection/v7_mcode_control_sweep.R	14_module_detection	scripts/v7/v7_mcode_control_sweep.R
scripts/14_module_detection/v7_mcode_controls.R	14_module_detection	scripts/v7/v7_mcode_controls.R
scripts/14_module_detection/v7_mcode_run.R	14_module_detection	scripts/v7/v7_mcode_run.R
scripts/14_module_detection/v7_mcode_validate.R	14_module_detection	scripts/v7/v7_mcode_validate.R
scripts/15_figures_and_tables/05_figures_springer.py	15_figures_and_tables	scripts/v6/05_figures_springer.py
scripts/15_figures_and_tables/06_crosscheck_table.py	15_figures_and_tables	scripts/v6/06_crosscheck_table.py
scripts/15_figures_and_tables/07_figures.py	15_figures_and_tables	scripts/v6/07_figures.py
scripts/15_figures_and_tables/10_master_table.py	15_figures_and_tables	scripts/v6/10_master_table.py
scripts/15_figures_and_tables/10_theme.R	15_figures_and_tables	scripts/v6/10_theme.R
scripts/15_figures_and_tables/11_fig_census_motif.R	15_figures_and_tables	scripts/v6/11_fig_census_motif.R
scripts/15_figures_and_tables/12_fig_validation.R	15_figures_and_tables	scripts/v6/12_fig_validation.R
scripts/15_figures_and_tables/13_fig_prioritisation.R	15_figures_and_tables	scripts/v6/13_fig_prioritisation.R
scripts/15_figures_and_tables/20_figures_core.R	15_figures_and_tables	scripts/20_figures_core.R
scripts/15_figures_and_tables/21_figure_exemplars.R	15_figures_and_tables	scripts/21_figure_exemplars.R
scripts/15_figures_and_tables/21_tables.R	15_figures_and_tables	scripts/v5/21_tables.R
scripts/15_figures_and_tables/60_fig8_independent_validation.R	15_figures_and_tables	scripts/v6/60_fig8_independent_validation.R
scripts/15_figures_and_tables/61_fig5_reactive_stroma.R	15_figures_and_tables	scripts/v6/61_fig5_reactive_stroma.R
scripts/15_figures_and_tables/62_fig6_gain_loss.R	15_figures_and_tables	scripts/v6/62_fig6_gain_loss.R
scripts/15_figures_and_tables/70_fig_supp_census_coherence_concordance.R	15_figures_and_tables	scripts/v6/70_fig_supp_census_coherence_concordance.R
scripts/15_figures_and_tables/71_fig3_nulls_sixnode.R	15_figures_and_tables	scripts/v6/71_fig3_nulls_sixnode.R
scripts/15_figures_and_tables/72_fig2_exemplar_circuits.R	15_figures_and_tables	scripts/v6/72_fig2_exemplar_circuits.R
scripts/15_figures_and_tables/73_fig4_compartment_mir29a.R	15_figures_and_tables	scripts/v6/73_fig4_compartment_mir29a.R
scripts/15_figures_and_tables/74_fig1_concept.py	15_figures_and_tables	scripts/v6/74_fig1_concept.py
