,collagen_module_score,StrippedCellLineName
ACH-000017,-0.41243642829677946,SKBR3
ACH-000019,-0.4539464335378559,MCF7
ACH-000028,-0.2822913566905341,KPL1
ACH-000044,-0.39604311137800674,MDAMB134VI
ACH-000097,-0.09967154997499171,ZR751
ACH-000111,-0.05597638702076001,HCC1187
ACH-000117,-0.48231146031803934,EFM192A
ACH-000147,-0.5125159030543652,T47D
ACH-000148,3.4656666983471425,HS578T
ACH-000196,-0.4996528555711514,HCC1599
ACH-000212,0.5377346679605222,CAL120
ACH-000223,0.1618805559024935,HCC1937
ACH-000248,-0.5311362153952401,AU565
ACH-000258,-0.6203723840370083,DU4475
ACH-000276,1.2877579764609604,HCC38
ACH-000277,-0.619706440046018,HCC1419
ACH-000288,1.479530980263492,BT549
ACH-000330,-0.3973635199564938,EFM19
ACH-000349,-0.5974140205436613,HCC1500
ACH-000352,-0.38486700989292544,HCC1428
ACH-000374,0.5688462117659774,HCC1143
ACH-000536,0.008230498038154087,BT20
ACH-000554,-0.31940936769022854,UACC893
ACH-000568,-0.23541686420094932,UACC812
ACH-000573,0.39870051207973184,MDAMB436
ACH-000621,1.8421269764787849,MDAMB157
ACH-000624,0.21110419994247479,HCC1806
ACH-000642,0.5302687368294791,HMEL
ACH-000643,0.6900783208330539,HDQP1
ACH-000668,-0.2214126919723154,HCC70
ACH-000691,0.008566080631385633,HCC2157
ACH-000699,1.3075930883067206,HCC1395
ACH-000711,-0.0042100988859099095,JIMT1
ACH-000721,0.19024989457094915,HMC18
ACH-000725,-0.21553210377099877,HCC202
ACH-000755,-0.7328813092772651,HCC2218
ACH-000759,-0.24530774267772656,MDAMB175VII
ACH-000768,0.3784400552300776,MDAMB231
ACH-000783,-0.37306195179228163,CAMA1
ACH-000818,-0.3521190628876836,BT483
ACH-000828,-0.5129402962559213,ZR7530
ACH-000849,-0.10057637697548802,MDAMB468
ACH-000856,0.7814386037526252,CAL51
ACH-000857,0.15863295543848036,CAL851
ACH-000859,-0.13638983053592213,HCC1954
ACH-000876,-0.02603983689327387,MDAMB415
ACH-000902,-0.6621509885259695,CAL148
ACH-000910,-0.6584205669727562,MDAMB453
ACH-000927,-0.4502441787163948,BT474
ACH-000930,0.21871287648975843,HCC1569
ACH-000934,0.16641474681730023,MDAMB361
ACH-001388,-0.791955615647495,SUM102PT
ACH-001389,1.047402275449142,SUM1315MO2
ACH-001390,0.029668819182202485,SUM149PT
ACH-001391,0.506259087733434,SUM159PT
ACH-001392,-0.5606349528503103,SUM185PE
ACH-001393,-0.70334055664379,SUM190PT
ACH-001394,0.1910341333534024,SUM229PE
ACH-001395,-0.6798963744203047,SUM44PE
ACH-001396,-0.27295526233620165,SUM52PE
ACH-001419,-0.5621386224523229,VP229
ACH-001662,0.18014785698487815,SNU2372
ACH-001683,-0.6955847677269966,UACC3133
ACH-001705,-0.41022852255640685,VP267
ACH-001819,-0.11890722086121794,MFM223
ACH-001820,-0.3800545688482393,COLO824
ACH-002399,0.0016135540585419873,21NT
ACH-002401,0.07752249556354096,21MT2
ACH-002499,0.6151575841838527,UACC3199
ACH-002921,-0.2732656345603618,BCK4
